--
-- PostgreSQL database dump
--

-- Dumped from database version 9.1.5
-- Dumped by pg_dump version 9.1.5
-- Started on 2012-12-05 08:28:57 BRST

SET statement_timeout = 0;
SET client_encoding = 'UTF8';
SET standard_conforming_strings = on;
SET check_function_bodies = false;
SET client_min_messages = warning;

--
-- TOC entry 193 (class 3079 OID 11646)
-- Name: plpgsql; Type: EXTENSION; Schema: -; Owner: 
--

CREATE EXTENSION IF NOT EXISTS plpgsql WITH SCHEMA pg_catalog;


--
-- TOC entry 2102 (class 0 OID 0)
-- Dependencies: 193
-- Name: EXTENSION plpgsql; Type: COMMENT; Schema: -; Owner: 
--

COMMENT ON EXTENSION plpgsql IS 'PL/pgSQL procedural language';


SET search_path = public, pg_catalog;

--
-- TOC entry 209 (class 1255 OID 36374)
-- Dependencies: 6
-- Name: AlunoDisciplinaApto(character varying, character varying); Type: FUNCTION; Schema: public; Owner: prisma
--

CREATE FUNCTION "AlunoDisciplinaApto"(character varying, character varying) RETURNS integer
    LANGUAGE sql
    AS $_$
	SELECT 	CASE
			WHEN "DisciplinaTemPreRequisito"($2) = FALSE THEN 2
			ELSE
			(
				SELECT MAX(aprga."Apto")
				FROM "PreRequisitoGrupo" prg
					INNER JOIN "AlunoPreRequisitoGrupoDisciplinaApto" aprga
						ON prg."PK_PreRequisitoGrupo" = aprga."FK_PreRequisitoGrupo"
				WHERE prg."FK_Disciplina" = $2 AND aprga."FK_Aluno" = $1
			)
		END
$_$;


ALTER FUNCTION public."AlunoDisciplinaApto"(character varying, character varying) OWNER TO prisma;

--
-- TOC entry 211 (class 1255 OID 36372)
-- Dependencies: 6
-- Name: AlunoDisciplinaApto_Old(character varying, character varying); Type: FUNCTION; Schema: public; Owner: prisma
--

CREATE FUNCTION "AlunoDisciplinaApto_Old"(character varying, character varying) RETURNS boolean
    LANGUAGE sql
    AS $_$
	SELECT NOT "DisciplinaTemPreRequisito"($2) OR EXISTS
	(
		SELECT 1
		FROM "PreRequisitoGrupo" prg, "Aluno" a
		WHERE 	prg."FK_Disciplina" = $2 AND
			a."FK_Matricula" = $1 AND
			a."CoeficienteRendimento" >= prg."CreditosMinimos" AND
			(
				SELECT COUNT(*)
				FROM "PreRequisitoGrupoDisciplina" prgd 
				LEFT JOIN "AlunoDisciplina" ad
				ON ad."FK_Aluno" = a."FK_Matricula" AND prgd."FK_Disciplina" = ad."FK_Disciplina" AND ad."FK_Status" <> 'NC'
				WHERE 	prgd."FK_PreRequisitoGrupo" = prg."PK_PreRequisitoGrupo" AND
					ad."FK_Disciplina" IS NULL
			) = 0
	)
$_$;


ALTER FUNCTION public."AlunoDisciplinaApto_Old"(character varying, character varying) OWNER TO prisma;

--
-- TOC entry 208 (class 1255 OID 36334)
-- Dependencies: 6
-- Name: AlunoDisciplinaSituacao(character varying, character varying); Type: FUNCTION; Schema: public; Owner: prisma
--

CREATE FUNCTION "AlunoDisciplinaSituacao"(character varying, character varying) RETURNS character varying
    LANGUAGE sql
    AS $_$
	SELECT COALESCE
	(
		(SELECT "FK_Status" FROM "AlunoDisciplina" WHERE "FK_Aluno" = $1 AND "FK_Disciplina" = $2),
		'NC'
	)
$_$;


ALTER FUNCTION public."AlunoDisciplinaSituacao"(character varying, character varying) OWNER TO prisma;

--
-- TOC entry 205 (class 1255 OID 36120)
-- Dependencies: 6
-- Name: AlunoOptativaCursada(character varying, character varying); Type: FUNCTION; Schema: public; Owner: prisma
--

CREATE FUNCTION "AlunoOptativaCursada"(character varying, character varying) RETURNS boolean
    LANGUAGE sql
    AS $_$
	SELECT EXISTS
	(
		SELECT 1 FROM "OptativaAluno" oa, "Optativa" o, "OptativaDisciplina" od, "AlunoDisciplina" ad
		WHERE 	oa."FK_Aluno" = $1 AND
			o."PK_Codigo" = $2 AND
			oa."FK_Optativa" = o."PK_Codigo" AND
			o."PK_Codigo" = od."FK_Optativa" AND
			ad."FK_Disciplina" = od."FK_Disciplina" AND
			ad."FK_Status" = 'CP'
	)
$_$;


ALTER FUNCTION public."AlunoOptativaCursada"(character varying, character varying) OWNER TO prisma;

--
-- TOC entry 210 (class 1255 OID 44461)
-- Dependencies: 6
-- Name: DisciplinaDaTurma(bigint); Type: FUNCTION; Schema: public; Owner: prisma
--

CREATE FUNCTION "DisciplinaDaTurma"(bigint) RETURNS character varying
    LANGUAGE sql
    AS $_$
	SELECT "FK_Disciplina"
	FROM "Turma"
	WHERE "PK_Turma" = $1
$_$;


ALTER FUNCTION public."DisciplinaDaTurma"(bigint) OWNER TO prisma;

--
-- TOC entry 206 (class 1255 OID 36121)
-- Dependencies: 6
-- Name: DisciplinaTemPreRequisito(character varying); Type: FUNCTION; Schema: public; Owner: prisma
--

CREATE FUNCTION "DisciplinaTemPreRequisito"(character varying) RETURNS boolean
    LANGUAGE sql
    AS $_$
	SELECT EXISTS
	(
		SELECT 1 FROM "PreRequisitoGrupo" prg WHERE prg."FK_Disciplina" = $1
	)
$_$;


ALTER FUNCTION public."DisciplinaTemPreRequisito"(character varying) OWNER TO prisma;

--
-- TOC entry 207 (class 1255 OID 36124)
-- Dependencies: 6
-- Name: LimpaBanco(); Type: FUNCTION; Schema: public; Owner: prisma
--

CREATE FUNCTION "LimpaBanco"() RETURNS void
    LANGUAGE sql
    AS $$
	DELETE FROM "Usuario";
	DELETE FROM "Professor";
	DELETE FROM "Disciplina";
	DELETE FROM "Curso";
$$;


ALTER FUNCTION public."LimpaBanco"() OWNER TO prisma;

SET default_tablespace = '';

SET default_with_oids = false;

--
-- TOC entry 162 (class 1259 OID 35695)
-- Dependencies: 6
-- Name: Aluno; Type: TABLE; Schema: public; Owner: prisma; Tablespace: 
--

CREATE TABLE "Aluno" (
    "FK_Matricula" character varying(20) NOT NULL,
    "CoeficienteRendimento" integer,
    "FK_Curso" character varying(3) NOT NULL
);


ALTER TABLE public."Aluno" OWNER TO prisma;

--
-- TOC entry 172 (class 1259 OID 35901)
-- Dependencies: 1998 1999 6
-- Name: AlunoDisciplina; Type: TABLE; Schema: public; Owner: prisma; Tablespace: 
--

CREATE TABLE "AlunoDisciplina" (
    "FK_Aluno" character varying(20) NOT NULL,
    "FK_Disciplina" character varying(7) NOT NULL,
    "FK_Status" character varying(2),
    "Tentativas" integer DEFAULT 0,
    "PeriodoSugerido" integer DEFAULT 1 NOT NULL
);


ALTER TABLE public."AlunoDisciplina" OWNER TO prisma;

--
-- TOC entry 173 (class 1259 OID 35917)
-- Dependencies: 6
-- Name: AlunoDisciplinaStatus; Type: TABLE; Schema: public; Owner: prisma; Tablespace: 
--

CREATE TABLE "AlunoDisciplinaStatus" (
    "PK_Status" character varying(2) NOT NULL,
    "Nome" character varying(20) NOT NULL
);


ALTER TABLE public."AlunoDisciplinaStatus" OWNER TO prisma;

--
-- TOC entry 183 (class 1259 OID 36082)
-- Dependencies: 6
-- Name: PreRequisitoGrupoDisciplina; Type: TABLE; Schema: public; Owner: prisma; Tablespace: 
--

CREATE TABLE "PreRequisitoGrupoDisciplina" (
    "FK_PreRequisitoGrupo" bigint NOT NULL,
    "FK_Disciplina" character varying(7) NOT NULL
);


ALTER TABLE public."PreRequisitoGrupoDisciplina" OWNER TO prisma;

--
-- TOC entry 186 (class 1259 OID 36350)
-- Dependencies: 1982 6
-- Name: AlunoPreRequisitoGrupoDisciplina; Type: VIEW; Schema: public; Owner: prisma
--

CREATE VIEW "AlunoPreRequisitoGrupoDisciplina" AS
    SELECT a."FK_Matricula" AS "FK_Aluno", prgd."FK_PreRequisitoGrupo", prgd."FK_Disciplina", "AlunoDisciplinaSituacao"(a."FK_Matricula", prgd."FK_Disciplina") AS "Situacao" FROM "PreRequisitoGrupoDisciplina" prgd, "Aluno" a;


ALTER TABLE public."AlunoPreRequisitoGrupoDisciplina" OWNER TO prisma;

--
-- TOC entry 181 (class 1259 OID 36073)
-- Dependencies: 6
-- Name: seq_prerequisito; Type: SEQUENCE; Schema: public; Owner: prisma
--

CREATE SEQUENCE seq_prerequisito
    START WITH 1
    INCREMENT BY 1
    NO MINVALUE
    NO MAXVALUE
    CACHE 1;


ALTER TABLE public.seq_prerequisito OWNER TO prisma;

--
-- TOC entry 2103 (class 0 OID 0)
-- Dependencies: 181
-- Name: seq_prerequisito; Type: SEQUENCE SET; Schema: public; Owner: prisma
--

SELECT pg_catalog.setval('seq_prerequisito', 1, true);


--
-- TOC entry 182 (class 1259 OID 36075)
-- Dependencies: 2005 2006 6
-- Name: PreRequisitoGrupo; Type: TABLE; Schema: public; Owner: prisma; Tablespace: 
--

CREATE TABLE "PreRequisitoGrupo" (
    "PK_PreRequisitoGrupo" bigint DEFAULT nextval('seq_prerequisito'::regclass) NOT NULL,
    "CreditosMinimos" integer DEFAULT 0 NOT NULL,
    "FK_Disciplina" character varying(7) NOT NULL
);


ALTER TABLE public."PreRequisitoGrupo" OWNER TO prisma;

--
-- TOC entry 189 (class 1259 OID 36418)
-- Dependencies: 1985 6
-- Name: AlunoPreRequisitoGrupoDisciplinaApto; Type: VIEW; Schema: public; Owner: prisma
--

CREATE VIEW "AlunoPreRequisitoGrupoDisciplinaApto" AS
    SELECT a."FK_Matricula" AS "FK_Aluno", prg."PK_PreRequisitoGrupo" AS "FK_PreRequisitoGrupo", CASE WHEN (a."CoeficienteRendimento" < prg."CreditosMinimos") THEN 0 WHEN (EXISTS (SELECT 1 FROM "AlunoPreRequisitoGrupoDisciplina" aprgd1 WHERE ((((aprgd1."FK_Aluno")::text = (a."FK_Matricula")::text) AND (aprgd1."FK_PreRequisitoGrupo" = prg."PK_PreRequisitoGrupo")) AND ((aprgd1."Situacao")::text = 'NC'::text)))) THEN 0 WHEN (EXISTS (SELECT 1 FROM "AlunoPreRequisitoGrupoDisciplina" aprgd1 WHERE ((((aprgd1."FK_Aluno")::text = (a."FK_Matricula")::text) AND (aprgd1."FK_PreRequisitoGrupo" = prg."PK_PreRequisitoGrupo")) AND ((aprgd1."Situacao")::text = 'EA'::text)))) THEN 1 ELSE 2 END AS "Apto" FROM "Aluno" a, "PreRequisitoGrupo" prg;


ALTER TABLE public."AlunoPreRequisitoGrupoDisciplinaApto" OWNER TO prisma;

--
-- TOC entry 177 (class 1259 OID 36001)
-- Dependencies: 6
-- Name: AlunoTurmaSelecionada; Type: TABLE; Schema: public; Owner: prisma; Tablespace: 
--

CREATE TABLE "AlunoTurmaSelecionada" (
    "FK_Aluno" character varying(20) NOT NULL,
    "FK_Turma" bigint NOT NULL,
    "Opcao" integer NOT NULL,
    "NoLinha" integer NOT NULL
);


ALTER TABLE public."AlunoTurmaSelecionada" OWNER TO prisma;

--
-- TOC entry 169 (class 1259 OID 35870)
-- Dependencies: 6
-- Name: seq_sugestao; Type: SEQUENCE; Schema: public; Owner: prisma
--

CREATE SEQUENCE seq_sugestao
    START WITH 1
    INCREMENT BY 1
    NO MINVALUE
    NO MAXVALUE
    CACHE 1;


ALTER TABLE public.seq_sugestao OWNER TO prisma;

--
-- TOC entry 2104 (class 0 OID 0)
-- Dependencies: 169
-- Name: seq_sugestao; Type: SEQUENCE SET; Schema: public; Owner: prisma
--

SELECT pg_catalog.setval('seq_sugestao', 1, false);


--
-- TOC entry 164 (class 1259 OID 35718)
-- Dependencies: 1991 1992 6
-- Name: Comentario; Type: TABLE; Schema: public; Owner: prisma; Tablespace: 
--

CREATE TABLE "Comentario" (
    "PK_Sugestao" bigint DEFAULT nextval('seq_sugestao'::regclass) NOT NULL,
    "FK_Usuario" character varying(20) NOT NULL,
    "Comentario" text NOT NULL,
    "DataHora" timestamp with time zone DEFAULT now() NOT NULL
);


ALTER TABLE public."Comentario" OWNER TO prisma;

--
-- TOC entry 184 (class 1259 OID 36142)
-- Dependencies: 6
-- Name: Curso; Type: TABLE; Schema: public; Owner: prisma; Tablespace: 
--

CREATE TABLE "Curso" (
    "PK_Curso" character varying(3) NOT NULL,
    "Nome" character varying(50) NOT NULL
);


ALTER TABLE public."Curso" OWNER TO prisma;

--
-- TOC entry 171 (class 1259 OID 35893)
-- Dependencies: 6
-- Name: Disciplina; Type: TABLE; Schema: public; Owner: prisma; Tablespace: 
--

CREATE TABLE "Disciplina" (
    "PK_Codigo" character varying(7) NOT NULL,
    "Nome" character varying(100) NOT NULL,
    "Creditos" integer
);


ALTER TABLE public."Disciplina" OWNER TO prisma;

--
-- TOC entry 188 (class 1259 OID 36379)
-- Dependencies: 1984 6
-- Name: FaltaCursarDisciplina; Type: VIEW; Schema: public; Owner: prisma
--

CREATE VIEW "FaltaCursarDisciplina" AS
    SELECT ad."FK_Aluno" AS "Aluno", d."PK_Codigo" AS "Codigo", d."Nome", d."Creditos", ad."FK_Status" AS "Situacao", ad."PeriodoSugerido", ad."Tentativas", "AlunoDisciplinaApto"(ad."FK_Aluno", d."PK_Codigo") AS "Apto" FROM ("AlunoDisciplina" ad JOIN "Disciplina" d ON ((((d."PK_Codigo")::text = (ad."FK_Disciplina")::text) AND ((ad."FK_Status")::text <> 'CP'::text))));


ALTER TABLE public."FaltaCursarDisciplina" OWNER TO prisma;

--
-- TOC entry 174 (class 1259 OID 35939)
-- Dependencies: 6
-- Name: Optativa; Type: TABLE; Schema: public; Owner: prisma; Tablespace: 
--

CREATE TABLE "Optativa" (
    "PK_Codigo" character varying(7) NOT NULL,
    "Nome" character varying(100) NOT NULL
);


ALTER TABLE public."Optativa" OWNER TO prisma;

--
-- TOC entry 179 (class 1259 OID 36043)
-- Dependencies: 2004 6
-- Name: OptativaAluno; Type: TABLE; Schema: public; Owner: prisma; Tablespace: 
--

CREATE TABLE "OptativaAluno" (
    "FK_Optativa" character varying(7) NOT NULL,
    "FK_Aluno" character varying(20) NOT NULL,
    "PeriodoSugerido" integer DEFAULT 1 NOT NULL
);


ALTER TABLE public."OptativaAluno" OWNER TO prisma;

--
-- TOC entry 185 (class 1259 OID 36301)
-- Dependencies: 1980 6
-- Name: FaltaCursarOptativa; Type: VIEW; Schema: public; Owner: prisma
--

CREATE VIEW "FaltaCursarOptativa" AS
    SELECT oa."FK_Aluno" AS "Aluno", o."PK_Codigo" AS "CodigoOptativa", o."Nome" AS "NomeOptativa", oa."PeriodoSugerido" FROM ("Optativa" o JOIN "OptativaAluno" oa ON (((o."PK_Codigo")::text = (oa."FK_Optativa")::text))) WHERE (NOT "AlunoOptativaCursada"(oa."FK_Aluno", o."PK_Codigo"));


ALTER TABLE public."FaltaCursarOptativa" OWNER TO prisma;

--
-- TOC entry 180 (class 1259 OID 36058)
-- Dependencies: 6
-- Name: OptativaDisciplina; Type: TABLE; Schema: public; Owner: prisma; Tablespace: 
--

CREATE TABLE "OptativaDisciplina" (
    "FK_Optativa" character varying(7) NOT NULL,
    "FK_Disciplina" character varying(7) NOT NULL
);


ALTER TABLE public."OptativaDisciplina" OWNER TO prisma;

--
-- TOC entry 187 (class 1259 OID 36375)
-- Dependencies: 1983 6
-- Name: FaltaCursarOptativaDisciplina; Type: VIEW; Schema: public; Owner: prisma
--

CREATE VIEW "FaltaCursarOptativaDisciplina" AS
    SELECT ad."FK_Aluno" AS "Aluno", od."FK_Optativa" AS "CodigoOptativa", od."FK_Disciplina" AS "CodigoDisciplina", ad."FK_Status" AS "Situacao", "AlunoDisciplinaApto"(ad."FK_Aluno", od."FK_Disciplina") AS "Apto" FROM ("OptativaDisciplina" od JOIN "AlunoDisciplina" ad ON ((((ad."FK_Disciplina")::text = (od."FK_Disciplina")::text) AND ((ad."FK_Status")::text <> 'CP'::text))));


ALTER TABLE public."FaltaCursarOptativaDisciplina" OWNER TO prisma;

--
-- TOC entry 166 (class 1259 OID 35775)
-- Dependencies: 6
-- Name: seq_log; Type: SEQUENCE; Schema: public; Owner: prisma
--

CREATE SEQUENCE seq_log
    START WITH 1
    INCREMENT BY 1
    NO MINVALUE
    NO MAXVALUE
    CACHE 1;


ALTER TABLE public.seq_log OWNER TO prisma;

--
-- TOC entry 2105 (class 0 OID 0)
-- Dependencies: 166
-- Name: seq_log; Type: SEQUENCE SET; Schema: public; Owner: prisma
--

SELECT pg_catalog.setval('seq_log', 1, true);


--
-- TOC entry 165 (class 1259 OID 35758)
-- Dependencies: 1993 1994 1995 6
-- Name: Log; Type: TABLE; Schema: public; Owner: prisma; Tablespace: 
--

CREATE TABLE "Log" (
    "PK_Log" bigint DEFAULT nextval('seq_log'::regclass) NOT NULL,
    "DataHora" timestamp with time zone DEFAULT now() NOT NULL,
    "IP" character varying(40),
    "URI" character varying(100),
    "HashSessao" character varying(40),
    "Erro" boolean DEFAULT false NOT NULL,
    "Notas" text,
    "FK_Usuario" character varying(20) NOT NULL
);


ALTER TABLE public."Log" OWNER TO prisma;

--
-- TOC entry 168 (class 1259 OID 35868)
-- Dependencies: 6
-- Name: seq_professor; Type: SEQUENCE; Schema: public; Owner: prisma
--

CREATE SEQUENCE seq_professor
    START WITH 1
    INCREMENT BY 1
    NO MINVALUE
    NO MAXVALUE
    CACHE 1;


ALTER TABLE public.seq_professor OWNER TO prisma;

--
-- TOC entry 2106 (class 0 OID 0)
-- Dependencies: 168
-- Name: seq_professor; Type: SEQUENCE SET; Schema: public; Owner: prisma
--

SELECT pg_catalog.setval('seq_professor', 1260, true);


--
-- TOC entry 167 (class 1259 OID 35818)
-- Dependencies: 1996 6
-- Name: Professor; Type: TABLE; Schema: public; Owner: prisma; Tablespace: 
--

CREATE TABLE "Professor" (
    "PK_Professor" bigint DEFAULT nextval('seq_professor'::regclass) NOT NULL,
    "Nome" character varying(100) NOT NULL
);


ALTER TABLE public."Professor" OWNER TO prisma;

--
-- TOC entry 175 (class 1259 OID 35984)
-- Dependencies: 6
-- Name: seq_turma; Type: SEQUENCE; Schema: public; Owner: prisma
--

CREATE SEQUENCE seq_turma
    START WITH 1
    INCREMENT BY 1
    NO MINVALUE
    NO MAXVALUE
    CACHE 1;


ALTER TABLE public.seq_turma OWNER TO prisma;

--
-- TOC entry 2107 (class 0 OID 0)
-- Dependencies: 175
-- Name: seq_turma; Type: SEQUENCE SET; Schema: public; Owner: prisma
--

SELECT pg_catalog.setval('seq_turma', 6183, true);


--
-- TOC entry 176 (class 1259 OID 35986)
-- Dependencies: 2000 2001 2002 2003 6
-- Name: Turma; Type: TABLE; Schema: public; Owner: prisma; Tablespace: 
--

CREATE TABLE "Turma" (
    "PK_Turma" bigint DEFAULT nextval('seq_turma'::regclass) NOT NULL,
    "FK_Disciplina" character varying(7) NOT NULL,
    "Codigo" character varying(10) NOT NULL,
    "PeriodoAno" integer NOT NULL,
    "Vagas" integer DEFAULT 0 NOT NULL,
    "Destino" character varying(3),
    "HorasDistancia" integer DEFAULT 0 NOT NULL,
    "SHF" integer DEFAULT 0 NOT NULL,
    "FK_Professor" bigint NOT NULL
);


ALTER TABLE public."Turma" OWNER TO prisma;

--
-- TOC entry 178 (class 1259 OID 36018)
-- Dependencies: 6
-- Name: TurmaHorario; Type: TABLE; Schema: public; Owner: prisma; Tablespace: 
--

CREATE TABLE "TurmaHorario" (
    "FK_Turma" bigint NOT NULL,
    "DiaSemana" integer NOT NULL,
    "HoraInicial" integer NOT NULL,
    "HoraFinal" integer NOT NULL
);


ALTER TABLE public."TurmaHorario" OWNER TO prisma;

--
-- TOC entry 192 (class 1259 OID 44455)
-- Dependencies: 1988 6
-- Name: MicroHorario; Type: VIEW; Schema: public; Owner: prisma
--

CREATE VIEW "MicroHorario" AS
    SELECT d."PK_Codigo" AS "CodigoDisciplina", d."Nome" AS "NomeDisciplina", d."Creditos", t."PK_Turma", t."Codigo" AS "CodigoTurma", t."PeriodoAno", t."Vagas", t."Destino", t."HorasDistancia", t."SHF", p."Nome" AS "NomeProfessor", th."DiaSemana", th."HoraInicial", th."HoraFinal" FROM ((("Disciplina" d JOIN "Turma" t ON (((t."FK_Disciplina")::text = (d."PK_Codigo")::text))) JOIN "Professor" p ON ((t."FK_Professor" = p."PK_Professor"))) JOIN "TurmaHorario" th ON ((th."FK_Turma" = t."PK_Turma")));


ALTER TABLE public."MicroHorario" OWNER TO prisma;

--
-- TOC entry 190 (class 1259 OID 36432)
-- Dependencies: 1986 6
-- Name: MicroHorarioDisciplina; Type: VIEW; Schema: public; Owner: prisma
--

CREATE VIEW "MicroHorarioDisciplina" AS
    SELECT a."FK_Matricula" AS "Aluno", d."PK_Codigo" AS "CodigoDisciplina", d."Nome" AS "NomeDisciplina", d."Creditos", "AlunoDisciplinaSituacao"(a."FK_Matricula", d."PK_Codigo") AS "Situacao", "AlunoDisciplinaApto"(a."FK_Matricula", d."PK_Codigo") AS "Apto" FROM "Disciplina" d, "Aluno" a;


ALTER TABLE public."MicroHorarioDisciplina" OWNER TO prisma;

--
-- TOC entry 163 (class 1259 OID 35708)
-- Dependencies: 6
-- Name: TipoUsuario; Type: TABLE; Schema: public; Owner: prisma; Tablespace: 
--

CREATE TABLE "TipoUsuario" (
    "PK_TipoUsuario" integer NOT NULL,
    "Nome" character varying(20) NOT NULL
);


ALTER TABLE public."TipoUsuario" OWNER TO prisma;

--
-- TOC entry 191 (class 1259 OID 36440)
-- Dependencies: 1987 6
-- Name: TurmaProfessor; Type: VIEW; Schema: public; Owner: prisma
--

CREATE VIEW "TurmaProfessor" AS
    SELECT t."PK_Turma", t."Codigo" AS "CodigoTurma", t."FK_Disciplina" AS "CodigoDisciplina", t."PeriodoAno", t."Vagas", t."Destino", t."HorasDistancia", t."SHF", p."Nome" AS "NomeProfessor" FROM ("Turma" t JOIN "Professor" p ON ((t."FK_Professor" = p."PK_Professor")));


ALTER TABLE public."TurmaProfessor" OWNER TO prisma;

--
-- TOC entry 161 (class 1259 OID 35689)
-- Dependencies: 1989 1990 6
-- Name: Usuario; Type: TABLE; Schema: public; Owner: prisma; Tablespace: 
--

CREATE TABLE "Usuario" (
    "PK_Login" character varying(20) NOT NULL,
    "Senha" character varying(40) NOT NULL,
    "Nome" character varying(100),
    "HashSessao" character varying(40),
    "TermoAceito" boolean DEFAULT false NOT NULL,
    "FK_TipoUsuario" integer NOT NULL,
    "UltimoAcesso" timestamp with time zone DEFAULT now() NOT NULL
);


ALTER TABLE public."Usuario" OWNER TO prisma;

--
-- TOC entry 170 (class 1259 OID 35879)
-- Dependencies: 1997 6
-- Name: VariavelAmbiente; Type: TABLE; Schema: public; Owner: prisma; Tablespace: 
--

CREATE TABLE "VariavelAmbiente" (
    "PK_Variavel" character varying(30) NOT NULL,
    "Habilitada" boolean DEFAULT true NOT NULL,
    "Descricao" text
);


ALTER TABLE public."VariavelAmbiente" OWNER TO prisma;

--
-- TOC entry 2079 (class 0 OID 35695)
-- Dependencies: 162 2097
-- Data for Name: Aluno; Type: TABLE DATA; Schema: public; Owner: prisma
--

COPY "Aluno" ("FK_Matricula", "CoeficienteRendimento", "FK_Curso") FROM stdin;
aluno	10	ACN
\.


--
-- TOC entry 2086 (class 0 OID 35901)
-- Dependencies: 172 2097
-- Data for Name: AlunoDisciplina; Type: TABLE DATA; Schema: public; Owner: prisma
--

COPY "AlunoDisciplina" ("FK_Aluno", "FK_Disciplina", "FK_Status", "Tentativas", "PeriodoSugerido") FROM stdin;
aluno	INF1007	NC	0	1
aluno	ENG1000	CP	1	1
\.


--
-- TOC entry 2087 (class 0 OID 35917)
-- Dependencies: 173 2097
-- Data for Name: AlunoDisciplinaStatus; Type: TABLE DATA; Schema: public; Owner: prisma
--

COPY "AlunoDisciplinaStatus" ("PK_Status", "Nome") FROM stdin;
CP	Cumpriu
NC	Não cumpriu
EA	Em andamento
\.


--
-- TOC entry 2090 (class 0 OID 36001)
-- Dependencies: 177 2097
-- Data for Name: AlunoTurmaSelecionada; Type: TABLE DATA; Schema: public; Owner: prisma
--

COPY "AlunoTurmaSelecionada" ("FK_Aluno", "FK_Turma", "Opcao", "NoLinha") FROM stdin;
aluno	4000	1	1
\.


--
-- TOC entry 2081 (class 0 OID 35718)
-- Dependencies: 164 2097
-- Data for Name: Comentario; Type: TABLE DATA; Schema: public; Owner: prisma
--

COPY "Comentario" ("PK_Sugestao", "FK_Usuario", "Comentario", "DataHora") FROM stdin;
\.


--
-- TOC entry 2096 (class 0 OID 36142)
-- Dependencies: 184 2097
-- Data for Name: Curso; Type: TABLE DATA; Schema: public; Owner: prisma
--

COPY "Curso" ("PK_Curso", "Nome") FROM stdin;
ADM	ADMINISTRACAO
ARQ	ARQUITETURA E URBANISMO
ACN	ARTES CENICAS
CCP	CIENCIA DA COMPUTACAO
BIO	CIENCIAS BIOLOGICAS
CEC	CIENCIAS ECONOMICAS
CSC	CIENCIAS SOCIAIS
CPF	COMPLEMENTACAO PEDAGOGICA - FRANCES
CPI	COMPLEMENTACAO PEDAGOGICA - INGLES
CCM	COMUNICACAO SOCIAL
HED	CURSO DE HISTORIA A DISTANCIA
CDI	DESENHO INDUSTRIAL
CDD	DIREITO DIURNO
CDN	DIREITO NOTURNO
ADI	DOMINIO ADICIONAL
CEM	EMPREENDEDORISMO
CEG	ENGENHARIA
CFL	FILOSOFIA
CFE	FILOSOFIA (FACULDADE ECLESIASTICA)
CFS	FISICA
CGG	GEOGRAFIA
CHS	HISTORIA
CIF	INFORMATICA
CIC	INTERPRETACAO DE CONFERENCIAS
CLT	LETRAS
CMM	MATEMATICA
CPD	PEDAGOGIA
CPS	PSICOLOGIA
CQM	QUIMICA
CQI	QUIMICA INDUSTRIAL
RIT	RELACOES INTERNACIONAIS
CSS	SERVICO SOCIAL
CSI	SISTEMAS DE INFORMACAO
CSO	SOCIOLOGIA E POLITICA
TPD	TECNOLOGO EM PROCESSAMENTO DE DADOS
CTL	TEOLOGIA
\.


--
-- TOC entry 2085 (class 0 OID 35893)
-- Dependencies: 171 2097
-- Data for Name: Disciplina; Type: TABLE DATA; Schema: public; Owner: prisma
--

COPY "Disciplina" ("PK_Codigo", "Nome", "Creditos") FROM stdin;
ADM1770	ANALISE MULTIV DADOS APLIC ADM	4
ADM1990	CULT,PODER E MUDANCA NAS ORGAN	4
ADM1991	GESTAO DE PEQUENAS EMPRESAS	4
ARQ1319	TOP ESP EM ARQUITETURA IV	2
ARQ1321	TOP ESP EM ARQUITETURA VI	2
BIO1122	BIOLOGIA ANIMAL II	6
BIO1123	BIOLOGIA ANIMAL III	6
BIO1125	BIOMAR	4
COM1047	SEM ESP EM COMUNICACAO	4
COM1048	SEM ESP EM COMUNICACAO	4
COM1392	LABORATORIO DE TELEJORNALISMO	4
CRE1141	ETICA CRISTA	2
CRE1158	ETICA PROFISSIONAL-ARQ/DES IND	2
CRE1161	ETICA PROFISSIONAL(PARA PSIC)	2
CRE1162	ETICA PROFISSIONAL(PARA SER)	2
CRE1163	ETICA PROFISSIONAL(P/COM SOC)	2
DSG1331	TIPOGRAFIA I	2
DSG1332	TIPOGRAFIA II	2
DSG1334	DESIGN E COMUNICACAO	4
DSG1335	LINGUAGEM E COM VISUAL II	4
DSG1336	ENCADERNACAO	2
DSG1337	BRANDING - CONSTRUCAO DA MARCA	4
DSG1602	TENDENCIAS DESIGN DE PRODUTO	2
ECO1119	INTRODUCAO AS FINANCAS	4
ECO1800	TEC DE PESQUISA EM ECONOMIA	4
ENG1021	ADMINISTRACAO P/ENGENHEIROS	2
ENG1202	LABORATORIO DE GEOLOGIA	2
ENG1203	ANALISE DE ESTRUTURAS I	4
ENG1204	ANALISE DE ESTRUTURAS II	4
ENG1205	RESISTENCIA DOS MATERIAIS I	4
ENG1412	INSTALACOES ELETRICAS	2
ENG1506	PLANEJAMENTO/CONTROLE PRODUCAO	4
FIL1000	INTRODUCAO A FILOSOFIA	4
FIL1002	FILOSOFIA DA CIENCIA	4
GEO1115	FUND DE GEOLOGIA P/ GEOGRAFIA	2
GEO1116	CLIMATOLOGIA	4
GEO1117	GEOMORFOLOGIA	4
HIS1104	TEORIA DA HISTORIA II	4
HIS1211	HISTORIA ANTIGA I	4
HIS1879	SEMINARIOS ESPECIAIS	2
HIS1902	TUTORIA I	1
HIS1903	TUTORIA II	1
INF1404	MODELAGEM DE SISTEMAS	4
INF1405	CONSTRUCAO DE SISTEMAS	5
INF1407	PROGRAMACAO PARA A WEB	4
IRI1507	INTROD POLITICA INTERNACIONAL	4
JUR1433	DIREITO CONSTITUCIONAL III	4
LET1292	INGLES 6	6
LET1294	INGLES 1	6
IRI1509	ORGANIZACOES INTERNACIONAIS	4
IRI1510	PROBLEMAS DA GUERRA E DA PAZ	4
IRI1511	POL/ECO REL INTERNACIONAIS I	4
IRI1512	POL/ECO REL INTERNACIONAIS II	4
IRI1513	ANALISE DE POLITICA EXTERNA	4
IRI1515	SEGURANCA E REL INTERNACIONAIS	4
IRI1521	TEO CLASSIC REL INTERNACIONAIS	4
IRI1522	TEO CONT REL INTERNACIONAIS I	4
IRI1523	FUND TEO REL INTERNACIONAIS I	4
IRI1524	TEO CONT REL INTERNACIONAIS II	4
IRI1525	FUND TEO REL INTERNACIONAIS II	4
IRI1526	TECN PESQ REL INTERNACIONAIS	2
IRI1527	METODOLOGIA I	2
IRI1528	METODOLOGIA II	2
IRI1601	GLOBALIZACAO, POL E CULTURA	4
IRI1608	POLITICA EXTERNA BRASILEIRA I	4
IRI1609	POLITICA EXTERNA BRASILEIRA II	4
IRI1630	MET TECN PESQ REL INTERNAC	4
IRI1631	OS CONF INTERN CONTEMPORANEOS	4
IRI1632	COOP TECN INT/DESENVOLVIMENTO	4
IRI1633	REG COMER INTER POL COMERCIAIS	4
IRI1685	TOP ESP CONFL REL INTERNAC V	4
IRI1687	TOP ESP COOP INTERN DESENVOL V	4
IRI1689	TOP ESP COMER INTERNACIONAL V	4
IRI1712	GLOBALIZACAO FINANCEIRA E R I	4
IRI1723	TEORIA POLITICA INTERNACIONAL	2
IRI1724	OS EUA NA POLIT INTERNACIONAL	4
IRI1744	O FENOMENO DA GUERRA	4
IRI1745	INTR EST DESENV INTERNACIONAL	4
IRI1746	INTROD COMERC INTERNACIONAL	4
IRI1749	MEIO AMB E REL INTERNACIONAIS	4
IRI1750	O REGIME INTERN DE REFUGIADOS	2
IRI1764	TOP ESP TEMAS REL INTERNAC V	4
IRI1820	EST,POL/DES AFR SUBSAARIANA	4
IRI1829	QUEST POL INTERN DA EUROPA	4
IRI1834	DEMOC, DES/SEGUR AMER LATINA	4
IRI1836	QUEST POL INT ORIENTE MEDIO	4
IRI1838	TOP ESPEC ESTUDOS DE AREA II	4
IRI1901	MONOGRAFIA I	4
IRI1902	MONOGRAFIA II	4
IRI1921	SEM DE REL INTERNACIONAIS I	2
IRI1922	SEM DE REL INTERNACIONAIS II	2
IRI1923	SEM DE REL INTERNACIONAIS III	2
IRI1924	SEM DE REL INTERNACIONAIS IV	2
IRI1925	SEM DE REL INTERNACIONAIS V	2
IRI1926	SEM DE REL INTERNACIONAIS VI	2
IRI1927	SEM DE REL INTERNACIONAIS VII	2
IRI1928	SEM DE REL INTERNACIONAIS VIII	2
IRI1957	ESTUDOS DESENV INTERNACIONAL	4
IRI1964	O BRASIL FOROS MULTILATERAIS	4
IRI1986	TOP ESP ESTUDOS AVANCADOS II	4
IRI1987	TOP ESP ESTUDOS AVANCADOS III	4
IRI1990	TOP ESP ESTUDOS AVANCADOS VI	4
IRI9602	BRAZILIAN FOREING POLICY I	4
JUR1003	HISTORIA DO DIREITO	2
JUR1004	DIREITO ROMANO	2
JUR1008	INSTITUICOES DO DIREITO	4
JUR1016	LEGISLACAO SOCIAL	2
JUR1022	NOCOES DE DIREITO P/ EMPREEND	4
JUR1023	DIREITO E LEGISLACAO SOCIAL	4
JUR1024	DIREITO NAS REL INTERNACIONAIS	4
JUR1028	DIREITO COMERCIAL E TRIBUTARIO	4
JUR1029	DIREITO, PSI E SUBJETIVIDADE	2
JUR1031	INTRODUCAO AO DIREITO I	4
JUR1032	INTRODUCAO AO DIREITO II	2
JUR1033	TEORIA DO DIREITO	2
JUR1035	FILOSOFIA DO DIREITO	4
JUR1036	METODOLOGIA DA PESQUISA	2
JUR1037	SOC DO DIREITO/ADM DA JUSTICA	2
JUR1040	DIREITO COMPARADO	4
JUR1111	DIREITO AMBIENTAL	2
JUR1112	DIR DA CRIANCA DO ADOLESCENTE	2
JUR1131	DIREITO PENAL I	4
JUR1132	DIREITO PENAL II	4
JUR1140	DIREITO AMBIENTAL	4
JUR1141	DIREITO PENAL ECONOMICO	4
JUR1142	MEDICINA LEGAL	2
JUR1143	DIREITO PENAL III	4
JUR1144	DIREITO PENAL IV	4
JUR1145	CRIMINOLOGIA	4
JUR1146	DIREITO DA EXECUCAO PENAL	4
JUR1152	DIREITO PENAL COMPLEMENTAR	2
JUR1231	TEORIA DA EMPRESA	4
JUR1232	DIREITO SOCIETARIO I	4
JUR1233	TITULOS DE CREDITO	2
JUR1234	FALENC/RECUP EMPRESAS I	2
JUR1240	NEGOCIAC,MEDIACAO/ARBITRAGEM	4
JUR1241	CONTRATOS EMPRESARIAIS	4
JUR1242	DIREIRO SOCIETARIO II	4
JUR1250	MERCADO DE CAPITAIS	2
JUR1306	LEGISLACAO TRIBUTARIA	2
JUR1331	DIREITO TRIBUTARIO	4
JUR1340	PROCESSO TRIBUTARIO	4
JUR1341	TRIBUTOS	4
JUR1430	TEORIA DO ESTADO	2
JUR1431	DIREITO CONSTITUCIONAL I	4
JUR1432	DIREITO CONSTITUCIONAL II	4
JUR1434	DIREITO ADMINISTRATIVO	4
JUR1440	JURISDICAO CONSTITUCIONAL	4
JUR1441	DIREITOS HUMANOS	4
JUR1442	PROCESSO ADMINISTRATIVO	4
JUR1443	PROCESSO/TECNICA LEGISTATIVOS	2
JUR1444	DIREITO URBANISTICO	2
JUR1445	PAPEL DO EST DOMINIO ECONOMICO	4
JUR1530	TEORIA GERAL DO PROCESSO	4
JUR1531	DIREITO PROCESSUAL CIVIL I	4
JUR1532	DIREITO PROCESSUAL CIVIL II	4
JUR1533	DIREITO PROCESSUAL CIVIL III	4
JUR1534	DIR PROCESSUAL DO TRABALHO I	2
JUR1535	DIR PROCESSUAL DO TRABALHO II	2
JUR1536	DIREITO PROCESSUAL PENAL	4
JUR1540	ACOES COLETIVAS	4
JUR1541	PROCEDIMENTOS ESPECIAIS	4
JUR1542	DIREITO PROCESSUAL PENAL II	4
JUR1603	DIREITO INTERNACIONAL PRIVADO	2
JUR1631	DIR INTERNACIONAL PUBLICO I	4
JUR1632	DIR INTERNACIONAL PUBLICO II	2
JUR1633	DIREITO INTERNACIONAL PRIVADO	4
JUR1640	DIR DAS ORGAN INTERNACIONAIS	4
JUR1641	DIREITO INTERNACIONAL PENAL	2
JUR1731	DIREITO DO TRABALHO I	4
JUR1732	DIREITO DO TRABALHO II	4
JUR1740	O TRABALHO NA EMPRESA	4
JUR1809	DIREITO DO AUTOR	2
MAT1157	CALCULO A UMA VARIAVEL A	6
JUR1830	TEORIA DO DIREITO PRIVADO	6
JUR1831	TEO DAS OBRIG/DOS CONTRATOS I	6
JUR1832	TEO DAS OBRIG/DOS CONTRATOS II	4
JUR1833	RESPONSABILIDADE CIVIL	4
JUR1834	DIREITO DO CONSUMIDOR	2
JUR1835	DIR COISAS/ACOES POSSESSORIAS	4
JUR1836	DIR DE FAMIL/PROCED CORRELATOS	4
JUR1837	DIR SUCES/PROCED CORRELATOS	4
JUR1840	PROPRIEDADE	4
JUR1901	ESTAGIO SUPERVISIONADO I	5
JUR1902	ESTAGIO SUPERVISIONADO II	5
JUR1903	ESTAGIO SUPERVISIONADO III	5
JUR1904	ESTAGIO SUPERVISIONADO IV	5
JUR1916	MONOGRAFIA II	2
JUR1922	TOP ESPECIAIS EM DIREITO III	2
JUR1923	TOP ESP EM DIREITO IV	2
JUR1932	TOP ESP EM DIREITO XIII	2
JUR1934	TOP ESP EM DIREITO XV	2
JUR1938	TOP ESP EM DIREITO XIX	2
JUR1939	TOP ESP EM DIREITO XX	2
JUR1940	TOP ESP EM DIREITO XXI	2
JUR1941	TOP ESP EM DIREITO XXII	2
JUR1943	TOP ESP EM DIREITO XXIV	2
JUR1949	TOP ESP EM DIREITO XXX	2
JUR1953	TOPICOS ESPECIAIS EM DIREITO	2
JUR1954	TOPICOS ESPECIAIS EM DIREITO	2
JUR1957	TOP ESPECIAIS DIREITO XXXVIII	2
JUR1958	TOP ESPECIAIS DIREITO XXXIX	2
JUR1961	ESTAGIO SUPERVISIONADO I	6
JUR1962	ESTAGIO SUPERVISIONADO II	6
PSI1869	ABORD PSIQ QUADROS CLINICOS	4
PSI1870	PSICOLOGIA SOCIAL	6
PSI1871	DINAMICA DE GRUPO	4
PSI1877	TOPICOS EM PSI SOCIAL III	2
PSI1878	TOPICOS EM PSI SOCIAL IV	4
PSI1990	ESTAGIO B	12
JUR1963	ESTAGIO SUPERVISIONADO III	4
JUR1964	ESTAGIO SUPERVISIONADO IV	4
LET1008	GRAMATICA DO PORTUGUES	4
LET1011	PORTUGUES TECNICO I - INF/TPD	4
LET1040	COM EXPR HUM-DISCURSO EMPRESAR	4
LET1090	COM EXPRESSAO I (PARA COM SOC)	4
LET1113	INGLES INSTRUMENTAL: LEITURA	4
LET1145	LING INGLESA(ESTUDO DE TEXTOS)	3
LET1154	INTR AS LIT DE LINGUA INGLESA	4
LET1208	FRANCES 1	6
LET1209	FRANCES 2	6
LET1230	FRANCES 3	6
LET1231	FRANCES 4	6
LET1262	FRANCES LEITURA	4
LET1280	PORTUGUES P/ ESTRANGEIROS I	6
LET1281	PORTUGUES P/ ESTRANGEIROS II	6
LET1282	PORTUGUES P/ ESTRANGEIROS III	6
LET1285	PORTUGUES P/ ESTRANGEIROS IV	4
LET1286	PORTUGUES P/ ESTRANGEIROS V	4
LET1287	PORT INSTRUMENTAL-ESTRANGEIROS	4
LET1290	INGLES 4	6
LET1291	INGLES 5	6
LET1295	INGLES 2	6
LET1296	INGLES 3	6
LET1301	ESPANHOL 1	4
LET1302	ESPANHOL 2	4
LET1311	ESPANHOL COMERCIAL	4
LET1353	ESPANHOL(NIVEL AVANCADO)	4
LET1501	ALEMAO 1	4
LET1502	ALEMAO 2	4
LET1521	ALEMAO 3	4
LET1612	MITOLOGIA II	4
LET1711	EST SUPERV ENSINO:PORTUGUES II	5
LET1713	EST SUP ENS: BILINGUE II	5
LET1714	EST SUP ENS: BILINGUE III	2
LET1715	EST SUPERV ENSINO:INGLES I	5
LET1717	EST SUPERV ENSINO:INGLES III	2
LET1797	TECN DE COMUNIC P/ EMPREENDED	4
LET1800	ELABORACAO DE TEXTO ESCRITO	4
LET1801	LINGUA BRASILEIRA DE SINAIS I	2
LET1802	LINGUA BRASILEIRA DE SINAIS II	2
LET1803	PORTUGUES PADRAO	4
LET1804	INTRODUCAO A LINGUISTICA	4
LET1805	PRODUCAO DE TEXTO	4
LET1806	FONOLOGIA	4
LET1807	ESTRUTURAS LEXICAIS PORTUGUES	4
LET1808	SINTAXE	4
LET1830	LINGUAGEM E SENTIDO	4
LET1832	LINGUAGEM E SOCIEDADE	4
LET1833	LINGUA E COGNICAO	4
LET1835	LINGUIST APLIC LINGUA MATERNA	4
LET1840	ESTUDOS DE LITERATURA	4
LET1841	PRATICAS DE LEITURA	4
LET1842	LITERATURA E CULTURA	4
LET1843	CANONES EM LINGUA PORTUGUESA	4
LET1847	LITERATURA E NACIONALIDADE	4
LET1854	CANONE OCIDENTAL	4
LET1856	LITERATURA E MODERNIDADE	4
LET1868	TOP EM LITERATURA PORTUGUESA	4
LET1869	A MODERNIDADE PERIFERICA	4
LET1870	LINGUA CHINESA I	4
LET1871	LINGUA CHINESA II	4
LET1872	LINGUA CHINESA III	4
LET1873	LINGUA CHINESA IV	4
LET1880	INTRODUCAO A CULTURA CHINESA	4
LET1881	LINGUA LATINA I	4
LET1883	CULTURA GRECO-LATINA	4
LET1885	GREGO I	4
LET1888	MITOLOGIA I	4
LET1890	TOP EM LETRAS CLASSICAS I	4
LET1894	OFIC TEATRO ANTIGO: O COMICO	4
LET1897	LIT AFRICANA LING PORTUGUESA	4
LET1900	LING INGL:TEXTO E CONTEXTO I	4
LET1902	LINGUA INGLESA:DISCURSO ORAL	4
LET1905	LIN ING:ASP LEXICO-GRAMATICAIS	4
LET1906	LIN INGL:OFIC PROD ESC/GRAMAT	4
LET1907	LING INGLESA:OFICINA LITERARIA	4
LET1910	ANAL E PROD DO TEXTO ACAD	4
LET1911	LIG INGL: ESCRITA ACADEMICA	4
LET1913	LIT CULT NOR-AMER:NACAO/IDENT	4
LET1915	LIT/CULT BRIT:TRADIC/RUPTURAS	4
LET1918	LINGUA INGLESA: GRAMATICA	4
LET1919	LINGUA INGLESA: CONVERSAO	4
QUI1330	BIOQUIMICA PARA BIOLOGIA	3
QUI1703	QUIMICA INORGANICA I	3
QUI1705	QUIMICA INORGANICA II	3
LET1920	COMPREENSAO PROD TEXTO TECNICO	2
LET1922	TRADUCAO TECNICO-CIENTIFICA	4
LET1932	VERSAO	4
LET1938	ESTAG SUPERV DE TRADUCAO I	6
LET1939	ESTAG SUPERV DE TRADUCAO II	6
LET1940	OFICINA DE LEITURA	2
LET1942	OF 2-TECN,ENS/APR LING MATERNA	4
LET1947	ARQ LITER E MEMORIA CULTURAL	4
LET1950	DISCURSO ARGUMENTATIVO	2
LET1951	OFICINA I - BILINGUE	4
LET1952	OFICINA II - BILINGUE	4
LET1961	OFICINA DE TEXTO ENSAISTICO	4
LET1972	OFICINA DRAMATURGIA P/TEATRO	4
LET1987	OFICINA DE TEXTO CIENTIFICO	4
LET1988	PROJETO DE AUTORIA I	2
LET1995	INTRODUCAO AO LATIM FORENSE	2
LET1999	INICIACAO PESQUISA (CONVENIO)	4
LET9420	BRAZ LANG CULT STER REALITY	4
MAT1002	INTRODUCAO A MATEMATICA	5
MAT1006	EST ORIENT INTROD AO CALCULO	2
MAT1010	SEMINARIO I	2
MAT1045	PROJETO FINAL DE GRADUACAO	2
MAT1050	TOPICOS I	4
MAT1051	TOPICOS II	4
MAT1052	TOPICOS III	4
MAT1053	TOPICOS IV	4
MAT1071	MATEMATICA ESPACO E FORMAS	2
MAT1072	CALCULO NA ARQUITETURA	3
MAT1127	MATEMATICA APLICADA P/ ADM I	4
MAT1128	MATEMATICA APLICADA P/ ADM II	4
MAT1129	MATEMATICA APLICADA P/ ADM III	4
MAT1135	CALCULO PARA INFORMATICA I	5
MAT1154	EQUACOES DIFER E DE DIFERENCAS	4
MAT1158	CALCULO A UMA VARIAVEL B	6
MAT1161	CALCULO DE UMA VARIAVEL	6
MAT1162	CALCULO A VARIAS VARIAVEIS I	4
MAT1163	CALCULO A VARIAS VARIAVEIS II	4
MAT1200	ALGEBRA LINEAR I	4
MAT1202	ALGEBRA LINEAR II	3
MAT1223	ESPACOS VETOR/TRANSF LINEARES	4
MAT1224	ESTRUTURAS ALGEBRICAS I	4
MAT1231	ALGEBRA LINEAR NUMERICA	4
MAT1303	ELEM MATEMAT DE COMPUT GRAFICA	4
MAT1310	MATEMATICA DISCRETA	4
MAT1413	INTRODUCAO A PROBABILIDADE	4
MAT1605	INTRODUCAO A ANALISE	4
MAT1606	ANALISE REAL	4
MAT1702	INTRODUCAO A TOPOLOGIA	4
MAT1901	EQUACOES DIFERENC ORDINARIAS	4
MEC1005	PROJETO DE GRADUACAO	2
PSI1010	COTIDIANO DIGITAL	4
PSI1011	MIDIAS INTERA E SUBJETIVIDADE	4
PSI1016	METAPSICOLOGIA FREUDIANA	4
PSI1020	FUNDAMENTOS EM NEUROCIENCIAS	8
PSI1024	AVALIACAO PSICOLOGICA	6
PSI1033	PSI APLICADA A ADMINISTRACAO	4
PSI1210	PSICOLOGIA DA PERSONALIDADE I	4
PSI1600	METODO CIENTIFICO EM PSI	4
PSI1601	PESQUISA III	2
PSI1602	PESQUISA IV	2
PSI1604	FUND MET ELAB DE MONOGRAFIA	2
PSI1815	PSICOLOGIA ANALITICA	4
PSI1817	HISTORIA DA PSICOLOGIA	6
PSI1831	METODOS QUANTITATIVOS	4
PSI1835	PESQUISA I	4
PSI1836	PESQUISA II	4
PSI1839	METODOS QUALITATIVOS	4
PSI1845	TOP EM PROC PSI BASICOS I	2
PSI1847	TOP EM PROC PSI BASICOS III	4
PSI1848	PROCESSOS PSICOLOGICOS BASICOS	8
PSI1850	PSICOLOGIA E DESENVOLVIMENTO	6
PSI1852	INFANCIA,ADOLESC,SOCIEDADE	4
PSI1858	TOP PSI E DESENVOLVIMENTO III	4
PSI1860	PSICOPATOLOGIA	6
PSI1861	TOPICOS EM PSICOPATOLOGIA I	2
PSI1862	ABORD PSICOL QUADROS CLINICOS	4
PSI1868	TOXICOMANIAS	4
PSI1879	TOPICOS EM PSI SOCIAL II	4
PSI1880	PSICOLOGIA E ESPORTE	4
PSI1881	PROCESSOS GRUPAIS	4
PSI1896	RELIGIAO E SUJETIVIDADE	4
PSI1897	TOP LINGUAGEM, COGN E SUBJ IV	4
PSI1898	LINGUAGEM E SUBJETIVIDADE	4
PSI1899	LINGUAGEM E COGNICAO	4
PSI1900	PSICOLOGIA E INSTITUICOES	6
PSI1903	PSICOLOGIA E SAUDE	4
PSI1907	TOP EM PSI E INSTITUICOES II	2
PSI1910	TEORIA PSICANALITICA	4
PSI1914	TOP TEORIA PSICANALITICA II	2
PSI1924	LAUDO AVALIACAO PSICOLOGICA	4
PSI1928	TOP EM PSICODIAGNOSTICO IV	4
PSI1929	TOPICOS EM PSICODIAGNOSTICO V	2
PSI1930	PSICOTERAPIAS	6
PSI1932	PSICOTER FENOMEN-EXISTENCIAL	4
PSI1933	PSICOTER COGNIT COMPORTAMENTAL	4
PSI1935	PSICOTERAPIAS CORPORAIS	4
PSI1936	PSICOTERAPIA BREVE	4
PSI1944	TOPICOS EM PSICOTERAPIAS III	4
PSI1945	TOPICOS EM PSICOTERAPIAS IV	4
PSI1950	PSI,TRABALHO E ORGANIZACOES	6
PSI1951	PSI RELACOES DE TRABALHO	4
PSI1957	TOP PSI,TRAB ORGANIZACOES III	4
PSI1958	ATITUDE COMPORT EMPREENDEDOR	4
PSI1960	PSICOLOGIA E EDUCACAO	6
PSI1970	MONOGRAFIA I	6
QUI1709	LABORATORIO DE QUIMICA GERAL	2
QUI1712	LAB QUIMICA INORGANICA	3
QUI1720	QUIMICA GERAL	4
QUI1721	QUIMICA ANALITICA A	3
QUI1722	LABOR QUIMICA ANALITICA A	3
QUI1723	QUIMICA ANALITICA B	3
TEO1234	MONOGRAFIA	4
TEO1238	PNEUMATOLOGIA	2
TEO1240	INTRODUCAO AO PENSAR TEOLOGICO	4
PSI1971	MONOGRAFIA II	6
PSI1972	MONITORIA I	4
PSI1973	MONITORIA II	2
PSI1974	MONITORIA III	4
PSI1975	MONITORIA IV	2
PSI1980	ESTAGIO A	12
PSI1981	ESTAGIO BASICO I	4
PSI1982	ESTAGIO BASICO II	4
PSI1983	ESTAGIO BASICO III	4
PSI1984	ESTAGIO BASICO IV	4
PSI1985	ESTAGIO V	10
PSI1986	ESTAGIO VI	10
QUI1724	LAB QUIMICA ANALITICA B	3
QUI1737	QUIMIOMETRIA	4
QUI1738	OPERACOES UNITARIAS P/ QUIMICA	5
QUI1750	QUIMICA ORGANICA I	3
QUI1751	QUIMICA ORGANICA II	3
QUI1755	LAB QUIMICA ORGANICA	3
QUI1768	BIOQUIMICA	3
QUI1769	LAB DE BIOQUIMICA	3
QUI1786	FISICO-QUIMICA	4
QUI1787	LAB FISICO-QUIMICA A	3
QUI1789	FISICO-QUIMICA B	6
QUI1797	QUIMICA AMBIENTAL I	3
QUI1826	PROJETO DE GRADUACAO	1
SER1153	HISTORIA DO SERVICO SOCIAL I	2
SER1158	INTR TEOR-METOD DO SER SOCIAL	4
SER1164	PESQUISA EM SERVICO SOCIAL I	4
SER1176	METODOLOGIA DO SER SOCIAL I	4
SER1177	TEORIA DO SERVICO SOCIAL II	4
SER1184	ADMINISTRACAO EM SER SOCIAL	4
SER1188	DESENVOLVIMENTO DE COMUNIDADE	4
SER1205	METODOLOGIA DO SER SOCIAL III	4
SER1206	SER SOCIAL-SEMINARIO SINTESE	4
SER1208	ANALISE DO PROCESSO METOD I	6
SER1210	ANALISE DO PROCESSO METOD III	6
SER1212	ESTAGIO SUPERVISIONADO I	6
SER1214	ORIENT TRAB CONCLUSAO CURSO I	2
SER1220	INTRODUCAO SERVICO SOCIAL I	2
SER1222	SEMINARIO CONTEUDO VARIAVEL	2
SER1224	SEMINARIO CONTEUDO VARIAVEL	2
SER1225	SEMINARIO CONTEUDO VARIAVEL	2
SOC1101	AVENTURA SOCIOL (SOC I)	4
SOC1102	SOCIOLOGIA II-ESTR E MUD SOC	4
SOC1104	TOCQUEVILLE E DURKHEIM	4
SOC1109	PENSAMENTO SOCIOLOGICO BRASIL	4
SOC1114	SOCIOLOGIA DA ARTE	4
SOC1120	SOCIOLOGIA URBANA	4
SOC1131	CULT JOVENS/NOV SUBJETIVIDADES	4
SOC1139	ESTUDOS SOCIO-ANTROPOLOGICOS	2
SOC1153	DIR HUM/CID: PERSP SOCIOLOGICA	4
SOC1157	SOCIOLOGIA DA VIDA COTIDIANA	4
SOC1196	SOCIEDADE, MERCADO/TERC SETOR	4
SOC1201	BASES PENSAM POL OCIDENTAL	4
SOC1202	CONSTRUCAO LIBERAL E CRITICAS	4
SOC1203	INST POLITICAS BRASILEIRAS	4
SOC1205	POLITICA I-TEORIA POLITICA	4
SOC1209	PENSAMENTO POLITICO BRASILEIRO	4
SOC1227	TEOR POLITICAS CONTEMPORANEAS	4
SOC1302	ANTROPOLOGIA CULTURAL	4
SOC1305	TEOR ANTROPOL: TEOR DA CULTURA	4
SOC1306	ESCOLA FRANCESA E ESTRUTURAL	4
SOC1338	ANTROPOLOGIA POLITICA	4
SOC1339	ANTROPOLOGIA DA MUSICA	4
SOC1370	SEMINARIO ESP EM ANTROPOLOGIA	4
SOC1375	SEMINARIO ESP EM ANTROPOLOGIA	2
SOC1380	ANTROPOLOGIA DO CONSUMO	4
SOC1506	METODOS TECNICAS PESQUISA II	3
SOC1507	ESTATISTICA CIENCIAS SOCIAIS	3
SOC1514	MONOGRAFIA I	3
SOC1515	MONOGRAFIA II	3
SOC1518	MET/PRAT CIENCIAS SOCIAIS I	5
SOC1520	MONITORIA I	5
SOC1521	MONITORIA II	5
SOC9174	SOCIAL BRAZILIAN DEBATES	4
TEO1230	CRISTOLOGIA	4
TEO1231	O DEUS DA REVELACAO	4
TEO1232	SACRAMENTOS I	4
TEO1241	TEOLOGIA FUNDAMENTAL	4
TEO1242	ANTROP TEO I:CRIACAO E PECADO	4
TEO1246	ANTROP TEO II:A VIDA DA GRACA	4
TEO1252	ESCATOLOGIA	2
TEO1321	INTR GERAL A SAGRADA ESCRITURA	4
TEO1322	EVANG SIN E ATOS DOS APOSTOLOS	4
TEO1326	LITERATURA PROFETICA	4
TEO1328	ESCRIT PAULIN E CARTA HEBREUS	4
TEO1329	LIV HIST ANTIGO TESTAMENTO	2
TEO1410	ETICA SEXUALIDADE E BIOETICA	4
TEO1512	PATROLOGIA	2
TEO1518	HISTORIA DA IGREJA II	4
TEO1640	SEMINARIO SAGRADA ESCRITURA	2
TEO1650	SEM TEO SISTEMATICO-PASTORAL	2
TEO1711	DIREITO ECLESIAL	4
TEO1712	DIREITO MATRIMONIAL	2
TEO1812	TEOLOGIA DA ESPIRITUALIDADE	2
TEO1813	ECUMENISMO	2
TEO1818	TEO/CAMPO REL BRASILEIRO	2
TEO1910	LINGUA HEBRAICA BIBLICA	2
TEO1912	HEBRAICO AVANCADO I	4
ADM1279	PESQUISA OPERACIONAL	4
ADM1351	ADMINISTRACAO FINANCEIRA	4
ADM1353	ORCAMENTO DE EMPRESAS	2
ADM1354	PLANEJ FIN/ANAL CAPITAL GIRO	4
ADM1355	ORCAM DE EMPRES/CONTROLADORIA	4
ADM1362	MERCADO DE CAP E INVESTIMENTOS	4
ADM1363	INST FINANCEIRAS NO BRASIL	4
ADM1382	FINANCAS INTERNACIONAIS	4
ADM1383	DERIVATIVOS	4
ADM1387	TOP ESPECIAIS EM FINANCAS I	4
ADM1388	TOP ESPECIAIS EM FINANCAS II	4
ADM1390	JOGOS DE NEGOCIOS	4
ADM1451	PRINCIPIOS DE MARKETING	4
ADM1452	ADMINISTRACAO DE VENDAS	4
ADM1453	COMPORTAMENTO DO CONSUMIDOR	4
ADM1455	PESQUISA EM MARKETING	4
ADM1458	GERENCIA DE MARKETING	4
ADM1460	MARKETING DE SERVICOS	4
ADM1480	MARKETING NA INTERNET	4
ADM1481	COMUNIC INTEGRADA DE MARKETING	4
ADM1482	MARKETING DE VAREJO	4
ADM1484	ESTRATEGIA DE DISTRIBUICAO	4
ADM1485	MARKETING INTERN E GLOBALIZ	4
ADM1486	ESTRATEGIAS COLABOR MARKETING	4
ADM1497	MARKETING SOCIAL	4
ADM1570	LOGISTICA EMPRESARIAL	4
ADM1585	TECN PROGR P/ ADMINISTRADORES	4
ADM1650	COMPORTAMENTO ORGANIZACIONAL	4
ADM1653	GESTAO DE PESSOAS	4
ADM1668	AVAL POTEN,DESENV,GEST COMPET	4
ADM1687	ADMINIS INTERN E ESTRATEGIA	4
ADM1694	RECRUTAMENTO E SELECAO	4
ADM1695	FUNDAMENTOS DA LIDERANCA	4
ADM1696	GESTAO DO CONHECIMENTO	4
ACN1000	PROJETO - TEXTO	8
ACN1004	PROJETO - CENA	8
ACN1005	PROJETO FINAL	4
ACN1006	ESTAGIO SUPERVISIONADO	1
ACN1020	TOP ESP EM ARTES CENICAS	4
ACN1022	TEATRO/MUSICA CULT BRASILEIRA	4
ACN1023	LEITOR,ESPECTADOR/OBRA DE ARTE	4
ADM1006	INTR A ANALISE ADMINISTRATIVA	4
ADM1010	ANALISE EMPRESARIAL	4
ADM1019	INTRODUCAO A FINANCAS	4
ADM1170	DISCIPLINA INTEGRADORA I	4
ADM1171	DISCIPLINA INTEGRADORA II	4
ADM1172	DISCIPLINA INTEGRADORA III	4
ADM1173	DISC INTEGRADORA IV (TFC)	4
ADM1251	CONTABILIDADE ADMINISTRATIVA	4
ADM1259	TEC. DE INF. P/ ADM.	4
ADM1271	CONTABIL GERENCIAL E DE CUSTOS	4
ADM1273	MATEMATICA FINANCEIRA E VALOR	4
ADM1276	ESTATISTICA APLICADA A ADM I	4
ADM1277	ESTATISTICA APLICADA A ADM II	4
ADM1774	ARQUIT INFORM E PROC NEGOCIOS	2
ADM1881	ESTUDO DO ENTRETENIMENTO	4
ADM1890	TOP ESP GEST,LAZER/TURISMO I	4
ADM1951	INTRODUCAO A ADMINISTRACAO	4
ADM1952	TEORIA GERAL DE ADMINISTRACAO	4
ADM1956	GERENCIAMENTO DE PROJETOS	4
ADM1957	ESTR E PROC ORGANIZACIONAIS	4
ADM1973	ESTAGIO SUPERVISIONADO I	4
ADM1974	ESTAGIO SUPERVISIONADO II	4
ADM1977	METODOLOGIA DE PESQUISA	2
ADM1978	PLANEJAMENTO ESTRATEGICO	4
ADM1979	RESP SOCIAL/GOVERN CORPORATIVA	2
ADM1980	TOP ESP EM ADMINISTRACAO I	4
ADM1981	TOP ESP EM ADMINISTRACAO II	4
ADM1994	CRIATIV E INOV NAS ORGANIZ	4
ADM1998	NEGOCIACAO GERENCIAL	4
ADM9980	INTERNATIONAL NEGOTIATION	4
AMB1001	PROJETO FINAL DE CURSO	1
ARQ1000	INTRODUCAO PROFISSAO ARQUITETO	2
ARQ1001	TEORIA/HISTORIA ARQUITETURA I	3
ARQ1002	TEORIA/HISTORIA ARQUITETURA II	3
ARQ1003	URBANISMO	4
ARQ1004	PLANEJAMENTO URBANO/REGIONAL	2
ARQ1005	TEO E HIST DA ARQUITETURA III	3
ARQ1006	CONFORTO AMBIENTAL	3
ARQ1101	INTRODUCAO AO PROJETO	12
ARQ1102	PROJETO ESPACO RESIDENCIAL I	12
ARQ1103	PROJETO ESPACO TRABALHO	12
ARQ1104	PROJETO ESPACO COLETIVO	12
ARQ1105	PROJETO REVITAL/REUTILIZACAO	12
ARQ1106	PROJETO URBANO	12
ARQ1107	PROJETO ARQUITETURA UTOPICA	6
ARQ1108	PROJETO ESPACO RESIDENCIAL II	12
ARQ1109	PROPOSTA DE PROJETO FINAL	6
ARQ1110	PROJETO FINAL	4
ARQ1111	PROJETO DE PAISAGISMO	6
ARQ1201	PROGRAMA CONTINUADO ESTAGIO I	1
ARQ1202	PROGRAMA CONTINUADO ESTAGIO II	1
ARQ1318	PROJ ESPECIAIS ARQUITETURA III	6
ARQ1324	TOP ESP EM ARQUITETURA IX	2
ARQ1325	TOP ESP EM ARQUITETURA X	2
ARQ1328	TOP ESP EM ARQUITETURA XIII	3
ARQ1329	TOP ESP EM ARQUITETURA XIV	3
ARQ1331	TOP ESP EM ARQUITETURA XVI	4
ARQ1333	TOP ESP EM ARQUITETURA XVIII	3
ARQ1342	TOPICOS ESP ARQUITETURA XXVII	4
ARQ1343	TOPICOS ESP ARQUITETURA XXVIII	3
ARQ1345	TOPICOS ESP ARQUITETURA XXX	3
ARQ1347	TOPICOS ESP ARQUITETURA XXXII	3
ARQ1348	TOPICOS ESP ARQUITETURA XXXIII	3
ARQ1353	TOP ESP ARQUITETURA XXXVIII	4
ARQ1354	TOP ESP EM ARQUITETURA XXXIX	3
ARQ1355	TOP ESP EM ARQUITETURA XL	3
ARQ1357	TOP ESP EM ARQUITETURA XLII	4
ART1020	DESENHO DE OBSERVACAO I	4
ART1027	GEOMETRIA DESCRITIVA	3
ART1028	DESENHO DE ARQUITETURA I	3
ART1029	DESENHO DE ARQUITETURA II	3
ART1030	DESENHO DE ARQUITETURA III	3
ART1038	PLANEJ, PROJ E DESEN-CV V	4
ART1040	PLANEJ, PROJ E DESEN-CV(CONCL)	4
ART1041	PLANEJ, PROJ E DESEN-PP(CONCL)	4
ART1050	DESENHO DE OBSERVACAO	3
ART1051	PLASTICA	3
ART1052	A IMAGEM FOTOGRAFICA	2
ART1053	DESENHO DE MODELO VIVO	2
ART1054	DESENHO DE CONCEPCAO	2
ART1055	HISTORIA DA ARTE I	2
ART1056	HISTORIA DA ARTE II	2
ART1114	LAB DE REPR GRAFICA-TEC DE IL	4
ART1115	LAB DE REPR GRAFICA-GRAVURA	4
ART1116	LINGUAGEM DA ILUSTRACAO	3
ART1210	FUND DA LINGUAGEM VISUAL I	4
ART1420	CULTURA MODERNA/CONTEMPORANEA	4
ART1551	PLANEJAM EMPREENDIM CULTURAIS	4
ART1819	ERGONOMIA NA ARQUITETURA	2
ART1839	TOP ESPECIAIS EM ARTES X	4
ART1844	TOP ESPECIAIS EM DESIGN V	4
ART1849	TOP ESPECIAIS EM DESIGN X	4
ART1854	TOP ESPECIAIS EM DESIGN XII	2
ART1857	TOP ESPECIAIS EM DESIGN XV	4
ART1858	TOP ESPECIAIS EM DESIGN XVI	4
BIO1001	BIOLOGIA GERAL	4
BIO1002	ESTATISTICA APLIC BIOLOGIA I	4
BIO1003	ESTATISTICA APLIC BIOLOGIA II	4
BIO1004	ESTATISTICA APLIC A ECOLOGIA	4
BIO1005	DES AMOSTRAL EST ECOLOGICOS	2
BIO1006	BIOMAS BRASILEIROS	4
BIO1008	BIOLOGIA APLICADA	4
BIO1009	GENETICA	4
BIO1010	METODOS ESTUDO EM ECOLOGIA	4
BIO1011	ETNOBIOLOGIA	4
BIO1111	BIOLOGIA VEGETAL I	6
BIO1112	BIOLOGIA VEGETAL II	6
BIO1113	BIOLOGIA VEGETAL III	6
BIO1114	MICROBIOLOGIA	4
BIO1115	GEOPROCESSAMENTO APLI BIOLOGIA	4
BIO1121	BIOLOGIA ANIMAL I	6
CIV1004	PROJETO FINAL ENGENHARIA CIVIL	1
CIV1111	SISTEM ESTRUT ARQUITETURA I	3
CIV1112	SISTEM ESTRUT ARQUITETURA II	3
CIV1113	SISTEM ESTRUT ARQUITETURA III	3
CIV1301	TOPOGRAFIA NA ARQUITETURA	2
CIV1305	CONSTRUCAO CIVIL	4
CIV1324	INSTALACOES PREDIAIS E URBANAS	3
CIV1581	GEOTECNIA NA ARQUITETURA	3
CIV1715	MEIO AMB DESENV SUSTENTAVEL	2
COM1001	CULTURA BRASILEIRA	4
COM1002	SEMINARIOS ESP EM COMUNICACAO	2
COM1003	SEMINARIOS ESP EM COMUNICACAO	2
COM1007	SEM ESP EM COMUNICACAO	2
COM1009	SEM ESP EM COMUNICACAO	2
COM1010	SEM ESPECIAIS EM COMUNICACAO	2
COM1011	SEM ESPECIAIS EM COMUNICACAO	2
COM1013	SEM ESP EM COMUNICACAO	2
COM1015	SEM ESP EM COMUNICACAO	2
COM1016	SEM ESPECIAIS EM COMUNICACAO	2
COM1017	SEM ESPECIAIS EM COMUNICACAO	2
COM1018	SEM ESPECIAIS EM COMUNICACAO	2
COM1019	SEM ESPECIAIS EM COMUNICACAO	2
COM1031	SEM ESP EM COMUNICACAO	4
COM1032	SEM ESP EM COMUNICACAO	4
COM1033	SEM ESP EM COMUNICACAO	4
COM1034	SEM ESP EM COMUNICACAO	4
COM1035	SEM ESP EM COMUNICACAO	4
COM1036	SEM ESP EM COMUNICACAO	4
COM1038	SEM ESP EM COMUNICACAO	4
COM1040	SEM ESP EM COMUNICACAO	4
COM1042	SEM ESP EM COMUNICACAO	4
COM1043	SEM ESP EM COMUNICACAO	4
COM1044	SEM ESP EM COMUNICACAO	4
COM1045	SEM ESP EM COMUNICACAO	4
COM1046	SEM ESP EM COMUNICACAO	4
COM1049	SEM ESP EM COMUNICACAO	4
COM1050	SEM ESPECIAIS EM COMUNICACAO	4
COM1053	SEM ESPECIAIS EM COMUNICACAO	4
COM1054	SEM ESPECIAIS EM COMUNICACAO	4
COM1106	TEORIA DA COMUNICACAO I	4
COM1107	TEORIA DA COMUNICACAO II	4
COM1130	ESTETICA DA COM DE MASSA	4
COM1151	HISTORIA DA IMPRENSA NO BRASIL	2
COM1162	COM E LITERATURA BRASILEIRA	4
COM1166	HIST DA PUBLICIDADE NO BRASIL	2
COM1170	MET DA PESQUISA EM COMUNICACAO	4
COM1180	MIDIAS GLOBAIS	4
COM1190	MIDIAS LOCAIS	4
COM1246	TECNICAS DE COMUNICACAO ORAL	2
COM1250	TECNICAS DE COMUNICACAO I	4
COM1251	TECNICAS DE COMUNICACAO II	4
COM1260	INTRODUCAO AO JORNALISMO	4
COM1261	INTR A PUBL E PROPAGANDA	4
COM1262	INTRODUCAO AO CINEMA	4
COM1263	COMUNICACAO GRAFICA	4
COM1264	COMUNICACAO AUDIOVISUAL	4
COM1265	COMUNICACAO IMPRESSA	4
COM1266	COMUNICACAO EM RADIO	4
COM1267	COMUNICACO EM TELEVISAO	4
COM1370	TECNICAS DE REPORTAGEM	4
COM1371	PLANEJAMENTO GRAFICO	4
COM1372	FOTOJORNALISMO	4
COM1373	REDACAO EM JORNALISMO IMPRESSO	4
COM1374	RADIOJORNALISMO	4
COM1375	TELEJORNALISMO	4
COM1380	EDICAO EM JORNALISMO IMPRESSO	4
COM1381	EDICAO EM RADIOJORNALISMO	4
COM1382	EDICAO EM TELEJORNALISMO	4
COM1390	LAB DE JORNALISMO IMPRESSO	4
COM1391	LABORATORIO DE RADIOJORNALISMO	4
COM1557	CINE-DOCUMENTARIO	4
COM1570	CINEMA MUNDIAL I	4
COM1571	CINEMA MUNDIAL II	4
COM1572	CINEMA BRASILEIRO	4
COM1573	TEOR E CRITICA CINEMATOGRAFICA	4
COM1580	ARGUMENTO E ROTEIRO	4
COM1581	DIRECAO CINEMATOGRAFICA	4
COM1582	DIRECAO DE FOTOGRAFIA	4
COM1583	EDICAO EM CINEMA	4
COM1590	PRODUCAO CINEMATOGRAFICA I	4
COM1591	PRODUCAO CINEMATOGRAFICA II	4
COM1592	PROJETO DE FILME I	4
COM1593	PROJETO DE FILME II	4
COM1670	MARKETING I	4
COM1671	MARKETING II	4
COM1672	ATENDIMENTO PUBLICITARIO	4
COM1673	PESQUISA DE MERCADO	4
COM1674	PLANEJAMENTO PUBLICITARIO	4
COM1675	MIDIA	4
COM1680	REDACAO PUBLICITARIA	4
COM1681	DIRECAO DE ARTE	4
COM1682	LABORATORIO DE PUBLICIDADE	4
COM1683	FOTOGRAFIA PARA PUBLICIDADE	4
COM1684	PROD PUBLICITARIA EM RADIO	4
COM1685	FILME PUBLICITARIO	4
COM1720	COMUNICACAO, CULTURA E CONSUMO	2
COM1721	SEMIOLOGIA E COMUNICACAO	2
COM1904	PROJ EXPERIM EM JORNALISMO	4
COM1905	PROJ EXPERIM EM CINEMA	4
COM1906	PROJ EXPERIM EM PUB E PROP	4
CRE1100	O HUMANO E O FENOM RELIGIOSO	4
CRE1112	O CRIST E AS GRANDES RELIGIOES	4
CRE1115	CRISTIANISMO E JUDAISMO	4
CRE1116	BIBLIA E CRISTIANISMO	4
CRE1117	CRIST E DIAL COM O MUNDO MODER	4
CRE1118	CRISTIANISMO E PROBL SOCIAIS	4
CRE1127	O CRISTIANISMO	4
CRE1164	ETICA PROFISSIONAL(PARA DIR)	2
CRE1167	ETICA PROFISSIONAL(P/ECO-ADM)	2
CRE1168	E PROF-DI-PD-FL-GE-HS-LT-RI-SO	2
CRE1171	ETICA PROFISSIONAL - ENG	2
CRE1172	ET PROF-CCP,CSI,MAT,QUI E FIS	2
CRE1173	ETICA PROFISSIONAL - IRI	2
DSG1002	PROJ BASICO-PLANEJAMENTO	10
DSG1003	PROJ BASICO-DESENVOLVIMENTO	10
DSG1004	PROJ AVANC-ESTRATEGIA/GESTAO	10
DSG1005	PROJ AVANC-PRODUC/DISTRIBUICAO	10
DSG1006	PROJ AVANC-USO/IMP SOC-AMBIENT	10
DSG1030	ANTEPROJETO COMUNICACAO VISUAL	2
DSG1031	PROJETO DE COMUNICACAO VISUAL	10
DSG1032	PROJ FINAL COMUNICACAO VISUAL	10
DSG1041	PROJ DESIGN DE MIDIA DIGITAL	10
DSG1042	PROJ FIN DESIGN MIDIA DIGITAL	10
DSG1051	PROJETO DE DESIGN DE MODA	10
DSG1052	PROJ FINAL DE DESIGN DE MODA	8
DSG1061	PROJETO DE DESIGN DE PRODUTO	10
DSG1062	PROJ FINAL DESIGN DE PRODUTO	10
DSG1102	HISTORIA DO DESIGN II	2
DSG1103	TEORIA DO DESIGN	2
DSG1104	HISTORIA DOS ESTILOS	2
DSG1105	NOVAS TECNOLOGIAS	2
DSG1111	FUNDAMENTOS DA GEOMETRIA	2
DSG1112	GEOMETRIA	2
DSG1131	INTRODUCAO A GRAFICA	2
DSG1132	HISTORIA DO DESIGN BRASILEIRO	2
DSG1141	FUNDAMENTOS DA MIDIA DIGITAL	2
DSG1142	CRIACAO/TRATAMENTO DE IMAGEM	3
DSG1143	ED/POS-PROD IMAG EM MOVIMENTO	3
DSG1144	MODELAGEM VIRTUAL	3
DSG1145	MODELAGEM VIRTUAL II	3
DSG1151	DESIGN DE PADRONAGEM	3
DSG1161	ESTAGIO SUPERVISIONADO	2
DSG1302	TENDENCIAS COMUNICACAO VISUAL	2
DSG1303	COR NA COMUNICACAO VISUAL	3
DSG1304	ERGONOMIA INFORMACIONAL	2
DSG1305	BIONICA PARA COM VISUAL	3
DSG1311	GRAFICA	4
DSG1312	SISTEMAS DE PRODUCAO GRAFICA	3
DSG1321	LINGUAGEM E COM VISUAL	3
DSG1322	IMAGEM/REPRESENT COM VISUAL	2
DSG1323	TEO/ENF CRIT DA COM NO DESIGN	4
DSG1402	APLIC DESIGN DE MIDIA DIGITAL	2
DSG1403	ERGON/INTER HUM-COMPUTADOR	2
DSG1411	DESIGN/EXPANSAO DOS SENTIDOS	2
DSG1412	INTERFACES FISICAS E LOGICAS	4
DSG1413	DESIGN DE OBJETOS INTELIGENTES	3
DSG1415	SONORIZACAO E AUDIO DIGITAIS	3
DSG1417	QUESTOES MOBILID E UBIQUIDADE	3
DSG1421	PRINCIPIOS DE ANIMACAO	3
DSG1422	COMPUTACAO PARA ANIMACAO	3
DSG1423	HISTORIA DA ANIMACAO	2
DSG1424	ANIMACAO	3
DSG1431	PRINCIPIOS JOGOS ELETRONICOS	3
DSG1432	COMP GRAF E TECNOLOGIA P/JOGOS	3
DSG1433	DESIGN DE JOGOS	3
DSG1441	HIPERMIDIA	4
DSG1502	TENDENCIAS EM DESIGN DE MODA	2
DSG1503	COR NO DESIGN DE MODA	3
DSG1504	ERGONOMIA E VESTUARIO	2
DSG1511	MODELAGEM I	3
DSG1512	MODELAGEM II	3
DSG1513	DESENHO TECNICO DE VESTUARIO	2
DSG1515	TECNICAS DE COSTURA	2
DSG1516	DES MODA AUX POR COMPUT-CAD	3
DSG1517	DESIGN DE ESTAMPARIA	3
DSG1518	TECNOLOGIA TEXTIL	4
DSG1519	ALFAIATARIA	2
DSG1531	HISTORIA DA INDUMENTARIA	2
DSG1532	HIST DA MODA CONTEMPORANEA I	2
DSG1533	HIST DA MODA CONTEMPORANEA II	2
DSG1534	ANTROPOLOGIA DA MODA	2
DSG1535	DESENHO DE MODA	2
DSG1536	ILUSTRACAO DE MODA	2
DSG1537	FIGURINO	2
DSG1538	HISTORIA DA MODA BRASILEIRA	2
DSG1551	DESIGN DE ADORNOS PESSOAIS	4
DSG1553	HISTORIA DO ADORNO PESSOAL II	2
DSG1554	DESENHO DE ADORNO PESSOAL	2
DSG1559	PESQUISA EM ADORNOS PESSOAIS	3
DSG1603	COR EM DESIGN DE PRODUTO	3
DSG1604	ERGONOMIA DO PRODUTO	2
DSG1605	BIONICA	3
DSG1611	REPRESENTACAO EM VOLUME I	3
DSG1612	REPRESENTACAO EM VOLUME II	3
DSG1613	REPRESENTACAO EM VOLUME III	2
DSG1621	DESENHO TECNICO	2
DSG1622	MATER/PROCESSOS PRODUCAO I	2
DSG1623	MATER/PROCESSOS PRODUCAO II	4
DSG1631	ESTRUTURAS E MECANISMOS	2
DSG1632	SEMANTICA DO PRODUTO	2
DSG1633	TOERIA DO OBJETO	2
DSG1634	ECODESIGN	2
DSG1635	ILUSTRACAO DE PRODUTOS	2
DSG1636	PROXEMIA	2
DSG1637	LABORATORIO DA FORMA I	3
DSG1700	TOPICOS ESPECIAIS EM DESIGN I	2
DSG1701	TOPICOS ESPECIAIS EM DESIGN II	2
DSG1750	TOPICOS ESP EM DESIGN LI	3
DSG1752	TOPICOS ESP EM DESIGN LIII	2
DSG1753	TOPICOS ESP EM DESIGN LIV	3
DSG1782	TOPICOS ESP EM DESIGN LXXXIII	4
DSG1784	TOPICOS ESP EM DESIGN LXXXV	4
DSG1785	TOPICOS ESP EM DESIGN LXXXVI	4
DSG1787	TOPICOS ESP EM DESIGN LXXXVIII	4
DSG1788	TOPICOS ESP EM DESIGN LXXXIX	4
ECO1101	INTRODUCAO A ECONOMIA	4
ECO1102	INTRODUCAO A ECONOMIA II	4
ECO1103	ECONOMIA(P/ ARQ, DES IND, ENG)	3
ECO1106	INTROD A TEORIA DO DESENV ECON	4
ECO1107	EVOLUCAO DO PENSAMENTO ECON	4
ECO1109	INTR A ECONOMIA I (PARA ECO)	4
ECO1110	INTRODUCAO A ECONOMIA II	4
ECO1113	TEORIA MICROECONOMICA I N	4
ECO1115	ECONOMIA POLITICA	4
ECO1121	ECONOMIA FINANCEIRA I	4
ECO1122	ECONOMIA FINANCEIRA II	4
ECO1130	ANALISE DE INVESTIMENTOS	4
ECO1203	DESENVOLVIMENTO SOC ECONOMICO	4
ECO1208	ECONOMIA INTERNACIONAL	4
ECO1211	CONTAB E ANALISE DE BALANCOS	4
ECO1212	CONTABILIDADE SOCIAL	4
ECO1213	TEORIA MICROECONOMICA I	4
ECO1214	TEORIA MICROECONOMICA II	4
ECO1215	TEORIA MICROECONOMICA III	4
ECO1216	TEORIA MACROECONOMICA I	4
ECO1217	TEORIA MACROECONOMICA II	4
ECO1218	ECONOMIA DO SETOR PUBLICO	4
ECO1219	ECONOMIA MONETARIA	4
ECO1220	FORMACAO ECONOMICA DO BRASIL	4
ECO1221	POLITICA E PLANEJAMENTO ECON	4
ECO1222	ECONOMIA POLITICA	4
ECO1304	MATEMATICA APLICADA A ECONOMIA	4
ECO1308	ECONOMIA INTERNACIONAL N	4
ECO1316	TEORIA MACROECONOMICA I N	4
ECO1322	CONTABILIDADE SOCIAL N	4
ECO1403	DESENVOL SOCIOECONOMICO N	4
ECO1404	ECO BRASILEIRA CONTEMPORANEA I	4
ECO1406	ECONOMIA BRAS CONTEMPORANEA II	2
ECO1407	HIST DO PENSAMENTO ECONOMICO	4
ECO1410	ECONOMIA BRASILEIRA	4
ECO1411	ECONOMIA BRASILEIRA	2
ECO1506	ECON BRAS CONTEMPORANEA II N	4
ECO1508	HISTORIA DO PENS ECONOMICO N	4
ECO1652	SEMINARIO EM TEORIA ECONOMICA	5
ECO1660	SEMIN EM POLITICA ECONOMICA	5
ECO1663	SEMIN EM POLITICA ECONOMICA	5
ECO1667	SEMIN EM POLITICA ECONOMICA	5
ECO1673	SEMIN EM ECONOMIA APLICADA	5
ECO1675	SEMIN EM ECONOMIA APLICADA	5
ECO1676	SEMIN EM ECONOMIA APLICADA	5
ECO1704	ECONOMETRIA I	4
ECO1705	ECONOMETRIA II	4
ECO1721	INTR A ESTATISTICA ECONOMICA	4
ECO1722	ESTAT ECO E INTR A ECONOMETRIA	4
ECO1801	TEN DE PESQUISA EM ECONOMIA II	4
ECO1804	ECONOMETRIA I N	4
ECO1810	MONOGRAFIA	8
ECO1811	MONOGRAFIA I	8
ECO1812	MONOGRAFIA II	8
EDU1445	EDUCACAO E SOCIEDADE	4
EDU1446	HIST E POLITICA DA EDU BASICA	4
EDU1447	PROCES CONSTR CONHECIM ESCOLA	4
EDU1733	TOPICOS ESPECIAIS	4
EDU1734	TOPICOS ESPECIAIS	4
EDU1760	ANTROPOLOGIA E EDUCACAO	4
EDU1762	FILOSOFIA DA EDUCACAO I	4
EDU1765	HIST EDUCACAO NO BRASIL	4
EDU1766	POLITICA EDUCACIONAL I	4
EDU1769	PSICOLOGIA EDUCACIONAL II	4
EDU1770	SOCIOLOGIA DA EDUCACAO I	4
EDU1772	AS CRIANCAS/COTID EDU INFANTIL	4
EDU1774	CRIANCA E CULTURA	4
EDU1775	DIDATICA GERAL	4
EDU1776	EDUC EM DIREITOS HUMANOS	4
EDU1777	DIVERS E INCLUSAO EDUCACIONAL	4
EDU1778	EDUCACAO BRASILEIRA	4
EDU1780	MIDIA, TECNOLOGIAS E EDUCACAO	4
EDU1782	ORGANIZACAO ESCOLAR II	4
EDU1784	MET DO ENS CIENCIAS SOCIAIS	4
EDU1785	METOD ENS DA LING PORTUGUESA	4
EDU1788	ESTAG SUPERV: GESTAO DA ESCOLA	4
EDU1789	ESTAG SUPERV EDUC INFANTIL	4
EDU1790	PRAT ENS MATERIAS PEDAGOGICAS	4
EDU1791	PRAT ENSINO EM ESC FUNDAMENTAL	4
EDU1792	PESQUISA EDUCACIONAL	4
EDU1794	EDUC DE JOVENS E ADULTOS	4
ELE1005	PROJETO DE GRADUACAO	2
EMP1000	PROJETO FINAL EMPREENDEDORISMO	4
EMP1005	SEM DE FIN P/ EMPREENDEDORES	4
EMP1006	LAB DE IDEIAS E OPORTUNIDADES	4
EMP1008	SIMULA DECISAO PLAN/ORC/IMPLEM	4
EMP1009	FINANCA PARA EMPREENDEDORES	4
EMP1010	EMPREENDEDORISMO SOCIAL	4
EMP1011	PLANEJ EMPREENDIMENTOS SOCIAIS	4
EMP1012	QUALIDADE GESTAO NEGOCIOS	4
EMP1014	EMPRESAS FAMILIARES	2
EMP1032	CRIACAO DE PROJETOS	4
EMP1102	TOP ESP EM EMPREENDEDORISMO	4
EMP1103	EMPREENDEDORISMO/DESENV LOCAL	2
EMP1106	TOP ESP EM EMPREENDEDORISMO	4
EMP1107	TOP ESP EM EMPREENDEDORISMO	2
EMP1200	EMPREENDEDORISMO	2
ENG1000	INTRODUCAO A ENGENHARIA	2
ENG1003	DESENHO TECNICO I	2
ENG1004	DESENHO TECNICO II	2
ENG1007	INTROD A MECANICA DOS SOLIDOS	2
ENG1011	FENOMENOS DE TRANSPORTE I	2
ENG1012	FENOMENOS DE TRANSPORTE II	2
ENG1015	CIENC/TECNOLOGIA DOS MATERIAIS	2
ENG1016	MATERIAIS DE ENGENHARIA	4
ENG1018	ELETROTECNICA GERAL	2
ENG1019	LABOR DE ELETROTECNICA GERAL	1
ENG1023	INTROD ECONOMIA P/ENGENHEIROS	4
ENG1025	INTR A ENG AMBIENTAL	2
ENG1027	INSTRUMENTACAO ELETRONICA	4
ENG1028	TERMODINAMICA I	4
ENG1029	PROBABILIDADE E ESTATISTICA	4
ENG1030	TRANSFERENCIA DE MASSA	4
ENG1031	MECANICA DOS FLUIDOS I	5
ENG1032	TRANSMISSAO DE CALOR	4
ENG1101	ESTUDO ORIENTADO	1
ENG1102	ESTUDO ORIENTADO	2
ENG1103	ESTUDO ORIENTADO	3
ENG1104	ESTUDO ORIENTADO	4
ENG1110	TOPICOS ESPECIAIS	2
ENG1111	TOPICOS ESPECIAIS	2
ENG1112	TOPICOS ESPECIAIS	2
ENG1122	TOPICOS ESPECIAIS	4
ENG1130	PROJ GRAD EM ENG AMBIENTAL	4
ENG1131	PROJ GRAD EM ENGENHARIA CIVIL	4
ENG1132	PROJ GRAD EM ENG COMPUTACAO I	2
ENG1133	PROJ GRAD EM ENG COMPUTACAO II	2
ENG1134	PROJ GRAD ENG CONTR AUTOMACAO	4
ENG1135	PROJ GRAD EM ENG ELETRICA	4
ENG1137	PROJ GRAD EM ENG DE MATERIAIS	4
ENG1138	PROJ GRAD EM ENG MECANICA	4
ENG1139	PROJ GRAD EM ENG PETROLEO I	2
ENG1140	PROJ GRAD EM ENG PRODUCAO	4
ENG1141	PROJ GRAD EM ENG QUIMICA I	2
ENG1142	PROJ GRAD EM ENG QUIMICA II	2
ENG1143	PROJ GRAD EM ENG PETROLEO II	2
ENG1144	PROJ GRAD ENG NANOTECNOLOGIA	4
ENG1150	EST SUPERV EM ENG AMBIENTAL	1
ENG1151	EST SUPERV EM ENG CIVIL	1
ENG1153	EST SUPERV EM ENG COMPUTACAO	1
ENG1154	EST SUP ENG CONTR E AUTOMACAO	1
ENG1155	EST SUPERV EM ENG ELETRICA	1
ENG1157	EST SUPERV EM ENG DE MATERIAIS	1
ENG1158	EST SUPERV EM ENG MECANICA	1
ENG1159	EST SUPERV EM ENG DE PETROLEO	1
ENG1160	EST SUPERV EM ENG DE PRODUCAO	1
ENG1161	EST SUPERV EM ENG QUIMICA	1
ENG1162	EST SUPERV ENG NANOTECNOLOGIA	1
ENG1200	MECANICA GERAL	4
ENG1201	GEOLOGIA	2
ENG1206	RESISTENCIA DOS MATERIAIS II	4
ENG1207	HIDRAULICA	4
ENG1208	TOPOGRAFIA	4
ENG1209	FUNDAMENTOS DE GEOTECNIA	4
ENG1210	LABORATORIO DE GEOTECNIA	1
ENG1211	MECANICA DOS SOLOS	4
ENG1212	LAB DE MECANICA DOS SOLOS	1
ENG1213	MATERIAIS DE CONSTRUCAO I	5
ENG1215	ESTRUTURAS DE MADEIRA	2
ENG1216	HIDROLOGIA I	4
ENG1218	ESTRUTURAS CONCRETO ARMADO I	4
ENG1220	ESTRUTURAS DE ACO I	4
ENG1222	ESTRADAS	4
ENG1223	CONSTRUCAO CIVIL I	4
ENG1224	CONSTRUCAO CIVIL II	4
ENG1225	INSTALACOES PREDIAIS	3
ENG1226	PLANEJAMENTO/CONTROLE DE OBRAS	3
ENG1228	ENGENHARIA DE FUNDACOES	4
ENG1229	ARQUITETURA E URBANISMO	2
ENG1230	SANEAMENTO	4
ENG1245	ESTRUTURAS FLUVIAIS/MARITIMAS	4
ENG1266	GEOTECNIA AMBIENTAL	4
ENG1301	INTR CARAC,PROC/OBT MATERIAIS	3
ENG1311	RECURSOS NAT E PROCES MINERAL	4
ENG1319	PROC/PROJ MINERO-METALURGICOS	2
ENG1331	ESTRUTURA DOS MATERIAIS	4
ENG1351	FONTES/CONTR POLUIC INDUSTRIAL	3
ENG1352	TRAT DE EFLUENTES INDUSTRIAIS	3
ENG1400	SINAIS E SISTEMAS	4
ENG1401	INTR SISTEMAS ENERGIA ELETRICA	2
ENG1402	INTRODUCAO AS TELECOMUNICACOES	2
ENG1403	CIRCUIT ELETRICOS/ELETRONICOS	6
ENG1404	LAB CIRC ELETRICOS/ELETRONICOS	2
ENG1405	MATERIAIS ELETRICOS	4
ENG1406	LAB DE MATERIAIS ELETRICOS	2
ENG1407	ELETROMAGNETISMO I	4
ENG1409	INTROD ANAL ESTATISTICA DADOS	2
ENG1410	MODELOS PROBABIL ENG ELETRICA	4
ENG1411	PRINCIPIOS DE COMUNICACOES	4
ENG1413	TECNICAS DIGITAIS	4
ENG1414	LABORATORIO TECNICAS DIGITAIS	3
ENG1415	CONVERSAO ELETROMEC ENERGIA	2
ENG1416	LAB CONVER ELETROMEC ENERGIA	2
ENG1417	CONTROLE E SERVOMECANISMOS	6
ENG1418	LAB CONTROLES/SERVOMECANISMOS	2
ENG1425	GERACAO DE ENERGIA ELETRICA	4
ENG1428	ANAL SIST ENERGIA ELETRICA I	4
ENG1432	SUBESTACOES	4
ENG1436	EFICIENCIA ENERGETICA	4
ENG1443	PROCESSAMENTO DIGITAL SINAIS	4
ENG1446	PROJETOS ELETRONICA ANALOGICA	4
ENG1448	COMPUTACAO DIGITAL	5
ENG1450	MICROCONTR/SISTEMAS EMBARCADOS	4
ENG1451	ARQUITETURA DE COMPUTADORES	4
ENG1456	INTELIGENCIA COMPUT APLICADA	4
ENG1458	PROJETO AUTOMACAO INDUSTRIAL	5
ENG1460	CONTR INTELIG SIST ROBOTICOS	4
ENG1466	TEORIA INFERENCIA ESTATISTICA	4
ENG1467	OTIMIZACAO	4
ENG1470	MODELOS DE REGRESSAO	4
ENG1471	CONTROLE DISCRETO	4
ENG1475	ANTENAS	4
ENG1477	DISPOSITIVOS DE MICROONDAS I	6
ENG1481	SISTEMAS RADIO FIXOS	4
ENG1482	SIST MOVEIS DE RAPIDO ACESSO	4
ENG1483	SISTEMAS TRANSMISSAO DIGITAL	4
ENG1500	TEORIA DA PROBABILIDADE	4
ENG1501	INFERENCIA ESTATISTICA	4
ENG1502	PESQUISA OPERACIONAL I	3
ENG1503	PESQUISA OPERACIONAL II	3
ENG1504	ENGENHARIA DE METODOS	3
ENG1505	INTRODUCAO A TEORIA ECONOMICA	3
ENG1507	TRANSPORTE E LOGISTICA	3
ENG1508	ARRANJO FISICO INDUSTRIAL	3
ENG1509	PROJETO DO PRODUTO	2
ENG1510	ERGONOMIA	3
ENG1511	TECNOLOGIA INDUSTRIAL BASICA	3
ENG1512	ECONOMIA DA ENGENHARIA	3
ENG1513	CONTABILIDADE GERENCIAL	3
ENG1514	ESTRATEGIA DA PRODUCAO	2
ENG1515	ANALISE DE DECISOES E RISCO	4
ENG1516	CONTROLE DE QUALIDADE	3
ENG1517	MARKETING	3
ENG1518	SIST DE INFORMACAO GERENCIAIS	3
ENG1519	ORGANIZACAO DE EMPRESAS	2
ENG1520	HIGIENE/SEGURANCA DO TRABALHO	2
ENG1521	GERENCIA DA PRODUCAO	3
ENG1522	GERENCIA DE PROJETOS	3
ENG1523	GERENCIA DA QUALIDADE	3
ENG1525	GERENCIA FINANCEIRA	4
ENG1526	ENGENHARIA FINANCEIRA I	4
ENG1527	ENGENHARIA FINANCEIRA II	4
ENG1529	DISTRIBUICAO FISICA	4
ENG1530	COMERCIO INTERNACIONAL	4
ENG1531	ESTRATEGIAS/GESTAO DE COMPRAS	3
ENG1700	ESTATICA	4
ENG1701	TERMODINAMICA P/ENG MECANICA	4
ENG1702	DESENHO MECANICO	4
ENG1703	MECANICA DOS SOLIDOS I	4
ENG1704	MECANICA DOS SOLIDOS II	4
ENG1705	DINAMICA DE CORPOS RIGIDOS	4
ENG1707	MECANICA DOS FLUIDOS II	3
ENG1708	METROLOGIA DIMENSIONAL	4
ENG1709	COMPORT MECANICO DOS MATERIAIS	5
ENG1710	VIBRACOES MECANICAS	4
ENG1712	TECNOLOGIA MECANICA	6
ENG1713	METOD EXPERIM EM ENG MECANICA	4
ENG1714	METODOS NUMERICOS ENG MECANICA	4
ENG1715	ELEMENTOS DE MAQUINAS	4
ENG1716	MAQUINAS TERMICAS	4
ENG1717	PROCESSOS DE FABRICACAO	4
ENG1718	MODELAGEM SISTEMAS DINAMICOS	4
ENG1720	PROJETO DE SISTEMAS MECANICOS	3
ENG1721	PROJETO DE SISTEMAS TERMICOS	3
ENG1727	BIOLOGIA P/ENG AMBIENTAL	3
ENG1781	INTEGRADORA BASICA II	2
ENG1782	SISTEMAS DE ATUACAO	4
ENG1783	INTEGRACAO DA MANUFATURA	4
ENG1784	AUTOMACAO DA MANUFATURA	4
ENG1786	OTIMIZACAO DE PROJETOS	4
ENG1793	FUNDAMENTOS PROJETOS VEICULOS	4
ENG1800	INTROD AOS PROCESSOS QUIMICOS	4
ENG1801	METODOS NUM P/ ENG QUIMICA	4
ENG1802	INTROD A ENGENHARIA QUIMICA	3
ENG1803	TERMODINAMICA II	2
ENG1806	ENGENHARIA BIOQUIMICA II	3
ENG1807	ENG DE PROCESSOS QUIMICOS I	4
ENG1808	ENG DE PROCESSOS QUIMICOS II	2
ENG1809	CALCULO DE REATORES	3
ENG1810	CALCULO DE REATORES II	2
ENG1813	OPERACOES UNITARIAS A	4
ENG1814	OPERACOES UNITARIAS B	4
ENG1815	OPERACOES UNITARIAS C	2
ENG1818	SIMUL/OTIMIZ DE PROC QUIMICOS	4
ENG1819	LAB DE ENGENHARIA QUIMICA I	2
ENG1820	LAB DE ENGENHARIA QUIMICA II	2
ENG1821	TECNOLOGIA DE PROC QUIMICOS	4
ENG1901	RECUP DE AREAS DEGRADADAS	4
ENG1903	COLETA E DISP DE RESID SOLIDOS	3
ENG1905	SIST GESTAO E QUALID AMBIENTAL	4
ENG1906	ANALISE DE RISCO AMBIENTAL	3
ENG1907	QUIMICA ANALIT P/ENG AMBIENTAL	4
ENG1913	MEIO AMBIENTE/DES SUSTENTAVEL	2
ENG1920	SISTEMAS MARITIMOS DE PRODUCAO	3
ENG1922	QUIMICA DO PETROLEO	4
ENG1923	ENGENHARIA DE RESERVATORIOS I	4
ENG1924	PETROFISICA	4
ENG1925	FUNDAMENGOS DA PERFILAGEM	4
ENG1929	ENGENHARIA DE POCOS I	4
ENG1931	MECANICA DAS ROCHAS	4
ENG1934	ENG DE PRODUCAO DE PETROLEO II	4
FIL1006	HISTORIA DO PENSAMENTO	4
FIL1100	MET DE PESQ BIBL EM FILOSOFIA	4
FIL1150	MONOGRAFIA	10
FIL1211	CORR DO PENS CONTEMPORANEO II	4
FIL1220	HISTORIA FILOSOFIA ANTIGA I	4
FIL1222	HISTORIA FILOSOFIA MEDIEVAL	4
FIL1223	HISTORIA FILOSOFIA MODERNA I	4
FIL1224	HISTORIA FILOSOFIA MODERNA II	4
FIL1253	SEMINARIO	4
FIL1255	SEMINARIO	4
FIL1260	TOPICOS ESPECIAIS	4
FIL1261	TOPICOS ESPECIAIS	4
FIL1262	TOPICOS ESPECIAIS	4
FIL1302	TEORIA DO CONHECIMENTO I	4
FIL1304	LOGICA I (INTR FIL A LOGICA)	4
FIL1400	FILOSOFIA GERAL I	4
FIL1600	ANTROPOLOGIA FILOSOFICA I	4
FIL1700	ETICA I	4
FIL1802	FILOSOFIA DA LINGUAGEM	4
FIL1803	FILOSOFIA DA ARTE	4
FIL1804	FILOSOFIA DA RELIGIAO	4
FIL1815	ESTETICA I	4
FIL1820	DIDATICA ESP DE FILOSOFIA	4
FIL1821	APOIO DOCENTE EM FILOSOFIA	4
FIL1822	ESTAG SUPERV I - FILOSOFIA	5
FIS1011	FISICA NA ARQUITETURA	3
FIS1012	ASP FIS NO CONFORTO AMBIENTAL	3
FIS1025	MECANICA NEWTONIANA A	4
FIS1026	MECANICA NEWTONIANA B	4
FIS1027	LAB DE MECANICA NEWTONIANA B	2
FIS1033	MECANICA NEWTONIANA	4
FIS1034	LAB DE MECANICA NEWTONIANA	2
FIS1041	FLUIDOS E TERMODINAMICA	4
FIS1042	LAB FLUIDOS E TERMODINAMICA	2
FIS1051	ELETROMAGNETISMO	4
FIS1052	LAB DE ELETROMAGNETISMO	2
FIS1061	FISICA MODERNA	4
FIS1062	LAB DE FISICA MODERNA	2
FIS1130	FISICA	2
FIS1201	MECANICA GERAL I	4
FIS1212	TEORIA DA RELATIV RESTRITA	4
FIS1222	MECANICA QUANTICA II	4
FIS1301	ELETROMAGNETISMO I	4
FIS1330	BIOFISICA PARA BIOLOGIA	2
FIS1400	ESTRUTURA DA MATERIA I	4
FIS1406	ESTRUTURA DA MATERIA IV	6
FIS1451	LAB DE FISICA MODERNA I	4
FIS1462	TOP DE FISICA CONTEMPORANEA	2
FIS1505	MET MAT DA FIS E DA ENG I	4
FIS1602	FISICA ESTATISTICA	4
FIS1810	A FISICA NA MUSICA	2
FLE1101	INTRODUCAO AO TOMISMO	4
FLE1103	METAFISICA II	4
GEO1114	GEOGRAFIA FISICA GERAL	2
GEO1118	HIDROLOGIA	4
GEO1119	PEDOLOGIA E MANEJO DOS SOLOS	4
GEO1121	DINAM PAISAGEM GEOMORFOLOGICA	4
GEO1201	GEO HUMANA-ESPACO E SOCIEDADE	4
GEO1211	GEOGRAFIA HUMANA GERAL	2
GEO1212	GEOHISTORIA	4
GEO1214	GEOGRAFIA DA POPULACAO	4
GEO1216	GEOGRAFIA POLITICA	4
GEO1310	ESPACO AGRARIO BRASILEIRO	4
GEO1311	GEOGRAFIA POPULACAO DO BRASIL	2
GEO1312	ESPACO URBANO BRASILEIRO	4
GEO1410	GEO DO MUNDO CONTEMPORANEO II	4
GEO1512	METODOLOGIA DA GEOGRAFIA	4
GEO1513	PLANEJ E GESTAO DO TERRITORIO	4
GEO1524	TRAB FINAL DE LICENCIATURA I	3
GEO1525	TRAB FINAL DE LICENCIATURA II	7
GEO1526	TRAB FINAL DE BACHARELADO I	3
GEO1527	TRAB FINAL DE BACHARELADO II	7
GEO1528	ESTAGIO SUPERVISIONADO I	4
GEO1529	ESTAGIO SUPERVISIONADO II	4
GEO1531	ESTAGIO SUPERVISIONADO IV	3
GEO1600	ECOLOGIA PARA ENG AMBIENTAL	3
GEO1631	INTRODUCAO A BIOGEOGRAFIA	2
GEO1632	ECOLOGIA GERAL	4
GEO1633	BIOGEOGRAFIA	4
GEO1634	ECOLOGIA FLORESTAS TROPICAIS	4
GEO1635	ETICA AMBIENTAL	2
GEO1636	RECURSOS NATUR/MEIO AMBIENTE	4
GEO1731	CARTOGRAFIA	4
GEO1732	GEOPROCESSAMENTO	4
GEO1801	ENSINO DE GEOGRAFIA I	2
GEO1802	ENSINO DE GEOGRAFIA II	2
GEO1804	ENSINO DE GEOGRAFIA IV	4
HIS1001	INTR AS CIENCIAS SOCIAIS I	4
HIS1102	INTRODUCAO A HISTORIA II	4
HIS1221	HISTORIA MEDIEVAL I	4
HIS1308	HIST DO MUNDO CONTEMPORANEO	4
HIS1311	HISTORIA MODERNA I	4
HIS1312	HISTORIA MODERNA II	2
HIS1313	HISTORIA MODERNA III	2
HIS1321	HISTORIA CONTEMPORANEA I	4
HIS1323	HISTORIA CONTEMPORANEA III	2
HIS1324	HISTORIA CONTEMPORANEA IV	4
HIS1325	HISTORIA DA AFRICA I	4
HIS1412	HISTORIA DO BRASIL II	2
HIS1414	HISTORIA DO BRASIL IV	4
HIS1421	HISTORIA DO BRASIL VI	2
HIS1423	HISTORIA DO BRASIL VIII	2
HIS1430	HISTORIA ARQUITETURA BRASIL	3
HIS1514	HISTORIA DA AMERICA II	4
HIS1516	HISTORIA DA AMERICA IV	2
HIS1604	HIS ECON,POLIT E SOC DO BRAS A	4
HIS1605	HIS ECON,POLIT E SOC DO BRAS B	4
HIS1607	HIS ECON,POLIT E SOC GERAL B	4
HIS1608	HISTORIA ECONOMICA GERAL I	4
HIS1609	HISTORIA ECONOMICA GERAL II	4
HIS1706	SEM ESPEC EM HISTORIA SOCIAL	4
HIS1709	MONOGRAFIA	4
HIS1826	SEMINARIOS ESPECIAIS	4
HIS1840	SEMINARIOS ESPECIAIS	4
HIS1850	HISTORIA DAS CIDADES	3
HIS1876	SEMINARIOS ESPECIAIS	2
HIS1905	TUTORIA IV	1
HIS1906	TUTORIA V	2
HIS1907	LAB ENS-APREND HISTORIA (LEAH)	4
HIS1908	ESTAGIO SUPERVISIONADO I	5
HIS1909	ESTAGIO SUPERVISIONADO II	5
HIS9827	BRAZILIAN HISTORY	4
IND1004	PROJETO DE FORMATURA	1
IND1025	TOPICOS ESPECIAIS	2
IND1032	TOPICOS ESPECIAIS	3
IND1033	TOPICOS ESPECIAIS	3
IND1034	TOPICOS ESPECIAIS	3
INF1004	PROGRAMACAO P/ INFORMATICA I	4
INF1005	PROGRAMACAO I	4
INF1006	PROGRAMACAO P/ INFORMATICA II	4
INF1007	PROGRAMACAO II	4
INF1008	INTROD ARQ DE COMPUTADORES	2
INF1009	LOGICA PARA COMPUTACAO	4
INF1010	ESTRUTURAS DE DADOS AVANCADAS	4
INF1012	MODELAGEM DE DADOS	2
INF1013	MODELAGEM DE SOFTWARE	4
INF1014	SEMINARIOS	1
INF1015	COMPUTABILIDADE	4
INF1016	ESPEC/ANAL FORMAL DE SISTEMAS	4
INF1018	SOFTWARE BASICO	4
INF1019	SISTEMAS DE COMPUTACAO	4
INF1020	PRINC SISTEMAS DE INFORMACAO	4
INF1021	PRINC GOVERN TECN INFORMACAO	4
INF1023	GERENCIAMENTO SERVICOS EM TI	4
INF1030	CONCEITOS DE INFORMATICA	3
INF1301	PROGRAMACAO MODULAR	4
INF1315	ORGANIZACAO DE COMPUTADORES	6
INF1317	REDES DE COMPUTADORES	4
INF1340	BANCO DE DADOS II	4
INF1355	PROBABILIDADE E ESTATISTICA	5
INF1359	PROJETO FINAL II	4
INF1371	PROGRAMACAO EM UNIX	4
INF1374	BANCO DE DADOS IV	4
INF1377	ENGENHARIA DE REQUISITOS	4
INF1383	BANCOS DE DADOS	4
INF1403	INTR INT HUMANO-COMPUTADOR	4
INF1408	ANALISE DE PROCESSOS	4
INF1410	GERENC PROJ EM INFORMATICA	4
INF1411	PROJETO FINAL I	4
INF1412	PROJETO FINAL II	4
INF1413	TESTE DE SOFTWARE	4
INF1414	QUALIDADE DE SOFTWARE	4
INF1416	SEGURANCA DA INFORMACAO	4
INF1503	PROCES DE DADOS(PARA ECONOMIA)	4
INF1608	ANALISE NUMERICA I	4
INF1624	PROJ DE SISTEMAS DE SOFTWARE I	4
INF1626	LING FORMAIS E AUTOMATOS	4
INF1629	PRINCIPIOS ENG DE SOFTWARE	4
INF1631	ESTRUTURAS DISCRETAS	4
INF1636	PROGRAMACAO ORIENTADA OBJETOS	4
INF1640	REDES DE COMUNICACAO DE DADOS	4
INF1715	COMPILADORES	4
INF1721	ANALISE DE ALGORITMOS	4
INF1771	INTELIGENCIA ARTIFICIAL	4
INF1801	TOPICOS EM ENG COMPUTACAO I	4
INF1804	TOPICOS EM ENG COMPUTACAO IV	4
INF1811	SEMINARIO I	1
INF1812	SEMINARIO II	2
INF1813	SEMINARIO III	3
INF1814	SEMINARIO IV	4
INF1821	PROJETO ORIENTADO I	1
INF1822	PROJETO ORIENTADO II	2
INF1823	PROJETO ORIENTADO III	3
INF1824	PROJETO ORIENTADO IV	4
INF1902	PLANEJAM NEGOCIOS P/ EMPREEND	4
INF1903	METODOL GESTAO PROJETOS	4
INF1905	GESTAO PLANO NEGOCIOS	4
INF1920	ESTAGIO SUPERVISIONADO	1
INF1950	PROJETO FINAL I	2
INF1951	PROJETO FINAL II	2
IRI1501	FORMACAO SIST INTERNACIONAL	4
IRI1502	O SIST INTERNACIONAL SECULO XX	4
\.


--
-- TOC entry 2082 (class 0 OID 35758)
-- Dependencies: 165 2097
-- Data for Name: Log; Type: TABLE DATA; Schema: public; Owner: prisma
--

COPY "Log" ("PK_Log", "DataHora", "IP", "URI", "HashSessao", "Erro", "Notas", "FK_Usuario") FROM stdin;
\.


--
-- TOC entry 2088 (class 0 OID 35939)
-- Dependencies: 174 2097
-- Data for Name: Optativa; Type: TABLE DATA; Schema: public; Owner: prisma
--

COPY "Optativa" ("PK_Codigo", "Nome") FROM stdin;
OPT1000	Optativa Teste
\.


--
-- TOC entry 2092 (class 0 OID 36043)
-- Dependencies: 179 2097
-- Data for Name: OptativaAluno; Type: TABLE DATA; Schema: public; Owner: prisma
--

COPY "OptativaAluno" ("FK_Optativa", "FK_Aluno", "PeriodoSugerido") FROM stdin;
OPT1000	aluno	10
\.


--
-- TOC entry 2093 (class 0 OID 36058)
-- Dependencies: 180 2097
-- Data for Name: OptativaDisciplina; Type: TABLE DATA; Schema: public; Owner: prisma
--

COPY "OptativaDisciplina" ("FK_Optativa", "FK_Disciplina") FROM stdin;
OPT1000	INF1005
OPT1000	INF1007
\.


--
-- TOC entry 2094 (class 0 OID 36075)
-- Dependencies: 182 2097
-- Data for Name: PreRequisitoGrupo; Type: TABLE DATA; Schema: public; Owner: prisma
--

COPY "PreRequisitoGrupo" ("PK_PreRequisitoGrupo", "CreditosMinimos", "FK_Disciplina") FROM stdin;
1	-1	INF1007
\.


--
-- TOC entry 2095 (class 0 OID 36082)
-- Dependencies: 183 2097
-- Data for Name: PreRequisitoGrupoDisciplina; Type: TABLE DATA; Schema: public; Owner: prisma
--

COPY "PreRequisitoGrupoDisciplina" ("FK_PreRequisitoGrupo", "FK_Disciplina") FROM stdin;
1	ENG1000
\.


--
-- TOC entry 2083 (class 0 OID 35818)
-- Dependencies: 167 2097
-- Data for Name: Professor; Type: TABLE DATA; Schema: public; Owner: prisma
--

COPY "Professor" ("PK_Professor", "Nome") FROM stdin;
2	ADRIANA FERREIRA BONFATTI
3	ALESSANDRA VANNUCCI
4	VITOR MANUEL CARNEIRO LEMOS
5	CELIO ROBERTO LIMA RENTROIA
6	RICARDO NOLLA RUIZ
7	ANDREA CHERMAN
8	CLAUDIA DUARTE SOARES
9	PATRICIA ITALA FERREIRA
10	JOAO RENATO DE SOUZA COELHO BENAZZI
11	LYGIA ALESSANDRA MAGALHAES MAGACHO
12	MILA DESOUZART DE AQUINO VIANA
13	MARCIO PEZZELLA FERREIRA
14	ANDRE LUIZ ROIZMAN
15	FRANCIS BERENGER MACHADO
16	FLAVIA DE SOUZA COSTA N CAVAZOTTE
17	ISAO NISHIOKA
18	JORGE MANOEL TEIXEIRA CARNEIRO
19	MARCOS LOPEZ REGO
20	PAULO CESAR TEIXEIRA
21	SANDRA REGINA DA ROCHA PINTO
22	COORDENADOR DE CURSO
23	ALESSANDRA BAIOCCHI ANTUNES CORREA
24	ANDRE LACOMBE PENNA DA ROCHA
25	DANIEL KAMLOT
26	DANILO ROGERIO ARRUDA
27	LUIZ PAULO MOREIRA LIMA
28	MARCELA COHEN MARTELOTTE
29	MARCUS WILCOX HEMAIS
30	PAULA CRISTINA DA CUNHA GOMES
31	PAULO CESAR DE MENDONCA MOTTA
32	RENATA CELI MOREIRA DA SILVA
33	ANDRE CABUS KLOTZLE
34	ANTONIO CARLOS FIGUEIREDO PINTO
35	GUSTAVO SILVA ARAUJO
36	JOSE CORREIA DE OLIVEIRA
37	LEONARDO LIMA GOMES
38	LIANA RIBEIRO DOS SANTOS
39	LUIZ EDUARDO TEIXEIRA BRANDAO
40	MARCELO CABUS KLOTZLE
41	ALESSANDRA DE SA MELLO DA COSTA
42	ANA HELOISA DA COSTA LEMOS
43	ANDREA GOMES BITTENCOURT
44	EDMUNDO EUTROPIO COELHO DE SOUZA
45	FERNANDO CARLOS RODRIGUES CORTEZI
46	ANNA MARIA SOTERO DA SILVA NETO
47	EVANDRO DA SILVEIRA GOULART
48	ROBERTO VELASCO KOPP JUNIOR
49	SHEILA DE BARCELLOS MAIA JORDAO
50	ROBERTO GIL UCHOA B DE CARVALHO
51	VERANISE JACUBOWSKI CORREIA DUBEUX
52	SANDER FURTADO DE MENDONCA
53	LEA MARA BENATTI ASSAID
54	ULISSES FELIPE CAMARDELLA
55	MARCELA MELO AMORIM
56	MARIO DOMINGUES DE PAULA SIMOES
57	RAPHAEL BRAGA DA SILVA
58	ANDRE LUIZ CARVALHAL DA SILVA
59	LUIS ALEXANDRE GRUBITS DE P PESSOA
60	JOSE ROBERTO POTSCH DE C E SILVA
61	JORGE BRANTES FERREIRA
62	GLACIR DE OLIVEIRA G ZAPATA
63	MARCELO GHIARONI DE A E SILVA
64	PATRICIA AMELIA TOMEI
65	MARIA CRISTINA ASSUMPCAO CARNEIRO
66	MARCELO FERNANDEZ PINEIRO
67	JORGE LUIZ CORDEIRO PAULO
68	MARCO AURELIO DE SA RIBEIRO
69	LUIS FELIPE SAO THIAGO DE CARVALHO
70	RUBEN JOSE BAUER NAVEIRA
71	PAULO MASSILLON DE FREITAS MARTINS
72	RENATA GEORGIA MOTTA KURTZ
73	GLADYS RAIMUNDA TRINDADE DE ARAUJO
74	JOAO PAULO VIEIRA TINOCO
75	DOURIVAL DE SOUZA CARVALHO JUNIOR
76	JORGE ALBERTO ZIETLOW DURO
77	MARCOS COHEN
78	RENATA MACHADO RIBEIRO NUNES
79	CIRO VALERIO TORRES DA SILVA
80	MARIA ANGELA CAMPELO DE MELO
81	TERESIA DIANA L VAN A DE M SOARES
82	ROGER JAMES VOLKEMA
83	JOSE TAVARES ARARUNA JUNIOR
84	ALDER CATUNDA TIMBO MUNIZ
85	ALFREDO LUIZ PORTO DE BRITTO
86	ANTONIO JOSE DE SENA BATISTA
87	ANA PAULA POLIZZO
88	AUGUSTO IVAN DE FREITAS PINHEIRO
89	MAIRA MACHADO MARTINS
90	HENRIQUE GASPAR BARANDIER
91	ANA LUIZA DE SOUZA NOBRE
92	JOAO MASAO KAMITA
93	WALTER DOS SANTOS TEIXEIRA FILHO
94	FERNANDO BETIM PAES LEME
95	FERNANDO MAURICIO ESPOSITO GALARCE
96	LEILA BEATRIZ DA SILVA SILVEIRA
97	RAUL ANDREW SIMOES CORREA SMITH
98	HERMANO BRAGA V DE FREITAS FILHO
99	MOEMA FALCI LOURES
100	ISRAEL FONSECA NUNES JUNIOR
101	MARCOS OSMAR FAVERO
102	CARLOS EDUARDO S DE VASCONCELLOS
103	PEDRO HENRIQUE EVORA ESTEVES AMARAL
104	NANDA ESKES
105	CLAUDIA MARIA PIMENTEL N DE MIRANDA
106	ANNIE GOLDBERG EPPINGHAUS
107	PEDRO LOBAO PEGURIER
108	VERA MAGIANO HAZAN
109	JOAO CARLOS LAUFER CALAFATE
110	ERNANI DE SOUZA FREIRE FILHO
111	CARLA JUACABA DE ALMEIDA
112	MARIA FERNANDA RODRIGUES C LEMOS
113	RODRIGO RINALDI DE MATTOS
114	LUIS CARLOS SOARES M DOMINGUES
115	RICARDO ESTEVES
116	LUCIANO ROSA ALONSO ALVARES
117	GABRIEL NOGUEIRA DUARTE
118	HORISTA A CONTRATAR
119	MARCELO ROBERTO V D DE M BEZERRA
120	MANUEL FIASCHI
121	PEDRO RIVERA MONTEIRO
122	CLAUDIA DE FREITAS ESCARLATE
123	PIERRE ANDRE ALEXANDRE H P MARTIN
124	JOAQUIM MARCAL FERREIRA DE ANDRADE
125	DELY SOARES BENTES
126	HILTON ESTEVES DE BERREDO
127	SILVIO DE MOURA DIAS
128	ADRIANO ANDRADE C DE MENDONCA
129	NATHALIA MUSSI WEIDLICH
130	DENISE CHINI SOLOT
131	EDUARDO ROCHA DE OLIVEIRA FILHO
132	LUIS CANDIDO GOMES DE CAMPOS
133	FERNANDO FERNANDES DE MELLO
134	LUCIA GOMES RIBEIRO
135	ALESSANDRA CARUSI MACHADO BEZERRA
136	RAUL BUENO ANDRADE SILVA
137	THIAGO LEITAO DE SOUZA
138	VERONICA GOMES NATIVIDADE
139	SUZANA VALLADARES FONSECA
140	AUGUSTO SEIBEL MACHADO
141	CARLOS ANDRE LAMEIRAO CORTES
142	MARCO ANTONIO MAGALHAES LIMA
143	SELMA DE SA RORIZ REIS
144	ROBERTO HENRIQUE G EPPINGHAUS
145	SHEILA DAIN
146	CRISTINA ADAM SALGADO GUIMARAES
147	EDUARDO BERLINER
148	SILVANA APARECIDA FERREIRA MARQUES
149	CARLOS EURICO POGGI DE ARAGAO JR
150	AMADOR DE CARVALHO PEREZ
151	RENATA VILANOVA LIMA
152	LUIZA MARIA INTERLENGHI
153	ALBERTO CIPINIUK
154	CRISTINA DA COSTA VIANA
155	THEREZA DE MIRANDA CARVALHO
156	MARIO GORDILHO FRAGA
157	PIEDADE EPSTEIN GRINBERG
158	AMALIA GIACOMINI
159	CECILIA MARTINS DE MELLO
160	RICARDO ARTUR PEREIRA CARVALHO
161	BARBARA JANE NECYK
162	ALFREDO LAUFER
163	ANA MARIA BRANCO NOGUEIRA DA SILVA
164	LUIS VICENTE BARROS CARDOSO DE MELO
165	IZABEL MARIA DE OLIVEIRA
166	JAKELINE PRATA DE ASSIS PIRES
167	ALEXANDRE GABRIEL CHRISTO
168	ALEXANDRO SOLORZANO
169	JOSAFA CARLOS DE SIQUEIRA
170	HENRIQUE BASTOS RAJAO REIS
171	VITOR HUGO DOS SANTOS GOMES MAIA
172	MARIA FRANCO TRINDADE MEDEIROS
173	ROMULO BARROSO BAPTISTA
174	MICHELE DAL TOE CASAGRANDE
175	ELISA DOMINGUEZ SOTELINO
176	MARTA DE SOUZA LIMA VELASCO
177	GLAUCO JOSE DE OLIVEIRA RODRIGUES
178	ICLEA REYS DE ORTIZ
179	JUSTINO ARTUR FERRAZ VIEIRA
180	JORGE LUCAS FERREIRA
181	JAQUELINE PASSAMANI Z GUIMARAES
182	ANTONIO ROBERTO M B DE OLIVEIRA
183	BEN HUR DE ALBUQUERQUE E SILVA
184	DANIEL MESQUITA PEREIRA
185	GABRIEL CHAVARRY NEIVA
186	LUISA CHAVES DE MELO
187	CRISTINA MARIA MARTINS DE MATOS
188	MARILIA SOARES MARTINS
189	ANTONIO JORGE ALABY PINHEIRO
190	MARCIO NUNES DA SILVA
191	ROSANGELA NUNES DE ARAUJO
192	MARILENE PEREIRA LOPES
193	CASSIA MARIA CHAFFIN GUEDES PEREIRA
194	LEISE TAVEIRA DOS SANTOS
195	MARIZA TAVARES FIGUEIRA
196	PAULO CESAR DE ARAUJO
197	MIGUEL MEDEIROS FERREIRA GOMES
198	LIVIA FRANCA SALLES
199	ARTURO PISCIOTTI NETTO
200	ISRAEL TABAK
201	MADALENA RAMIREZ SAPUCAIA
202	LUIZ FRANCISCO FERREIRA LEO
203	DENISE COSTA LOPES
204	LEONEL AZEVEDO DE AGUIAR
205	ISABEL PARANHOS MONTEIRO
206	KATIA ANCORA DA LUZ
207	ARTHUR HENRIQUE MOTTA DAPIEVE
208	FERNANDO CAIUBY ARIANI FILHO
209	FERNANDO DE ALMEIDA SA
210	SILVIO TENDLER
211	SANDRA KORMAN DIB
212	CRESO DA CRUZ SOARES JUNIOR
213	ERNESTO CARNEIRO RODRIGUES
214	VERA ANGELA NOVELLO
215	LENIVALDO GOMES DE ALMEIDA
216	MARIA INES GURJAO
217	ROBERTO DE MAGALHAES VEIGA
218	AMERICA ADRIANA BENEDIKT
219	GUSTAVO CHATAIGNIER G DA COSTA
220	LILIANE RUTH HEYNEMANN
221	CARLA VIEIRA DE SIQUEIRA
222	GIOVANNA FERREIRA DEALTRY
223	SERGIO LUIZ RIBEIRO MOTA
224	VERA LUCIA FOLLAIN DE FIGUEIREDO
225	LEONARDO SCHLESINGER CAVALCANTI
226	CLARISSE FUKELMAN
227	ADRIANA ANDRADE BRAGA
228	ARTHUR CEZAR DE A ITUASSU FILHO
229	JOSE EUDES ARAUJO ALENCAR
230	ALUIZIO ALVES FILHO
231	ADAIR LEONARDO ROCHA
232	SERGIO LUIZ BONATO
233	ALESSANDRA SILVEIRA DA CRUZ
234	HERMES FREDERICO PINHO DE ARAUJO
235	CLAUDIA LILIA RABELO VERSIANI
236	CLAUDIO ROQUETTE BOJUNGA
237	FELIPE GOMBERG
238	JULIA FATIMA DE JESUS CRUZ
239	ANTONIO BERNARDO MARIANI GUERREIRO
240	JOAO LUIZ RENHA
241	LUIZ FERNANDO FAVILLA CARRILHO
242	PAULO CARVALHO DE AZEREDO FILHO
243	CLAUDIA DE ALCANTARA CHAVES
244	ANGELA MARIA DE REGO MONTEIRO
245	EDUARDO JOSE LOBAO PEGURIER
246	ROSAMARY ESQUENAZI
247	MARIA ISABEL MONTEIRO F BARRETO
248	MARIANA DE MORAES PALMEIRA
249	JOSE MARIANI DE SA CARVALHO
250	NEY COSTA SANTOS FILHO
251	RENATO SCHVARTZ
252	AFFONSO FERNANDES DE ARAUJO
253	DIOGO MADUELL VIEIRA
254	JOSE ANTONIO DE OLIVEIRA
255	LUIZ CARLOS CARDOSO
256	MARIANA LUZ EIRAS
257	ERNANI ALMEIDA FERRAZ
258	PATRICIA MAURICIO CARVALHO
259	RAFAEL DE CASTRO RUSAK
260	ALEXANDRE AUGUSTO FREIRE CARAUTA
261	LUCIANA AZEVEDO PEREIRA
262	WILSON LUIS BRANCO MARTINS
263	ERMELINDA RITA DE SAO THIAGO GENTIL
264	MARCELO KISCHINHEVSKY
265	MAURO JOSE DE SOUZA SILVEIRA
266	BRUNA SANT ANA AUCAR
267	CARMEM LUCIA BARRETO PETIT
268	BRUNO CHALOUB DIEGUEZ
269	LETICIA HEES ALVES
270	CARLOS NOBRE CRUZ
271	ADRIANA MEDEIROS FERREIRA DA SILVA
272	WEILER ALVES FINAMORE FILHO
273	PAULO RUBENS DA FONSECA
274	FRANCISCO OTAVIO ARCHILA DA COSTA
275	MARIA SUELY MONTEIRO CALDAS
276	LUCIANA ROCHA DE MAGALHAES BARROS
277	FLAVIA DE OLIVEIRA RUA A CIUCCI
278	RENATA MARIA CANTANHEDE AMARANTE
279	CELIO GOMES CAMPOS
280	JULIO DE ALMEIDA LUBIANCO
281	BERNARDO PORTUGAL SILVA RAPOSO
282	MARCIA ANTABI
283	CARLOS ROBERTO CERQUEIRA ALVES
284	ITALA MADUELL VIEIRA
285	CARLA RODRIGUES
286	LILIAN SABACK DE SA MORAES
287	SIDNEY NOLASCO DE REZENDE
288	LENIRA PEREIRA PINTO ALCURE
289	ROBERTO GOMES MADER GONCALVES
290	ANTONIO CARLOS GOMES DE MATTOS
291	HERNANI HEFFNER
292	LUCAS BENDER CARPENA DE M P GARCIA
293	MELANIE DIMANTAS
294	WALTER LIMA JUNIOR
295	MARCELO ROBERTO VELLOZO A AZEVEDO
296	CLELIA ELISA CABRAL BESSA
297	BERNARDO AUGUSTO DE REGO MONTEIRO
298	LIGIA AMORIM RIZZO
299	CLAUDIA BRUTT GUIMARAES
300	ALUIZIO ANTONIO PIRES
301	CLAUDIA DA SILVA PEREIRA
302	CANDIDA MARIA MONTEIRO R DA COSTA
303	ESTANISLAU BEZERRA FELIX
304	DANIEL ALVES DA COSTA VARGENS
305	BARBARA CASTELLO B R DE ASSUMPCAO
306	MARCOS LUIS BARBATO
307	MARIA CRISTINA BRAVO DE MORAES
308	MARCIA GUARISCHI CORTES
309	CARLOS ANTONIO DA COSTA FERNANDES
310	ANDREA FRANCA MARTINS
311	ANGELUCCIA BERNARDES HABERT
312	AUGUSTO LUIZ DUARTE LOPES SAMPAIO
313	CESAR ROMERO JACOB
314	EVERARDO PEREIRA GUIMARAES ROCHA
315	JOSE CARLOS SOUZA RODRIGUES
316	MIGUEL SERPA PEREIRA
317	RENATO CORDEIRO GOMES
318	IONE BORGES FERREIRA VICENTE
319	ALEXANDRE SOUZA CHAVES
320	MARIVANI DE OLIVEIRA DE A PEREIRA
321	ROBERTO TEIXEIRA CORREA
322	SOLANGE MARTINS JORDAO
323	ROSEMARY FERNANDES DA COSTA
324	MONICA BAPTISTA CAMPOS
325	PAULO ALVES ROMAO
326	GERALDO MARQUES RAIMUNDO
327	JOAO GERALDO MACHADO BELLOCCHIO
328	THEOPHILO ANTONIO DA ROCHA MATTOS
329	MARCOS VINICIO MIRANDA VIEIRA
330	MARCO ANTONIO GUSMAO BONELLI
331	CLAUDIO JACINTO DA SILVA
332	MARCOS ANTONIO DE SANTANA
333	ANDRE SAMPAIO DE OLIVEIRA
334	CELSO PINTO CARIAS
335	GERALDO LUIZ CAMPOS C DE OLIVEIRA
336	VERA MARIA LANZELLOTTI BALDEZ BOING
337	EVA APARECIDA REZENDE DE MORAES
338	GLORIA MARIA TELES
339	MANUEL DE OLIVEIRA MANANGAO
340	GLORIA FATIMA COSTA DO NASCIMENTO
341	MARIA CARMEN CASTANHEIRA AVELAR
342	CASSIA QUELHO TAVARES
343	BARBARA PATARO BUCKER
344	MARIA ADELAIDE FERREIRA GOMES
345	MARCYLENE DE OLIVEIRA CAPPER
346	FERNANDO GALVAO DE ANDREA FERREIRA
347	CANDIDO FELICIANO DA PONTE NETO
348	JOAO ANTONIO SILVEIRA LINS SUCUPIRA
349	JOSE ROBERTO RODRIGUES DEVELLARD
350	MAURICIO REIS VIANA FILHO
351	RENATA MATTOS EYER DE ARAUJO
352	LUIZA NOVAES
353	LUCIANA BARBOSA DE SOUSA
354	MARIO AUGUSTO PINTO DE SOUZA SEIXAS
355	LUCIANA GRETHER DE MELLO CARVALHO
356	NATHALIA CHEHAB DE SA CAVALCANTE
357	CELSO BRAGA WILMER
358	FLAVIA NIZIA DA FONSECA RIBEIRO
359	JOY HELENA WORMS TILL
360	ROMULO MIYAZAWA MATTEONI
361	FERNANDO FELICIO DOS S DE CARVALHO
362	DEBORAH CHAGAS CHRISTO
363	IRINA ARAGAO DOS SANTOS
364	MARCO ANTONIO MAIA FONSECA
365	SIMONE CARVALHO DE FORMIGA XAVIER
366	JOAO DE SA BONELLI
367	VERA MARIA MARSICANO DAMAZIO
368	MARIA CLAUDIA BOLSHAW GOMES
369	CLAUDIA HABIB KAYAT
370	GUILHERME AZEVEDO TOLEDO
371	JOANA PESSOA
372	ELIANE GARCIA PEREIRA
373	GILBERTO MENDES CORREIA JUNIOR
374	MONICA SABOIA SADDI
375	ROBERTA PORTAS GONCALVES RODRIGUES
376	MARCELO FERNANDES PEREIRA
377	CLAUDIO GOMES WERNECK DE FREITAS
378	HENRIQUE MATTAR MONNERAT
379	TATIANA MESSER RYBALOWSKI
380	DANIEL MALAGUTI CAMPOS
381	GUILHERME DE ALMEIDA XAVIER
382	MONICA MARANHA PAES DE CARVALHO
383	JOAO DE SOUZA LEITE
384	ELIZABETH BASTOS GRANDMASSON CHAVES
385	EVELYN GRUMACH
386	MARIA DAS GRACAS DE ALMEIDA CHAGAS
387	ANA LUIZA MORALES DE AGUIAR
388	LUIZA FERRO COSTA MARCIER
389	FELIPE RANGEL CARNEIRO
390	CELSO MEIRELLES DE OLIVEIRA SANTOS
391	JOAQUIM DE SALLES REDIG DE CAMPOS
392	CRISTINE NOGUEIRA NUNES
393	SILVIA HELENA SOARES DA COSTA
394	ALEXANDRE CANTINI REZENDE
395	EMILIO RANGEL CARNEIRO
396	VERA MARIA CAVALCANTI BERNARDES
397	JOSE AUGUSTO BRANDAO ESTELLITA LINS
398	ZOY ANASTASSAKIS
399	WASHINGTON DIAS LESSA
400	LEONARDO CARDARELLI LEITE
401	LUIZ EDUARDO DUTRA COELHO DA ROCHA
402	MIGUEL SANTOS DE CARVALHO
403	HELENA CAVALCANTI DE ALBUQUERQUE
404	MONICA FROTA LEAO FEITOSA
405	FRANCISCO OLIVEIRA DE QUEIROZ
406	GUILHERME LORENZONI DE ALMEIDA
407	RICARDO DA CUNHA FONTES
408	CARLOS EDUARDO FELIX DA COSTA
409	JOSE ROBERTO SANSEVERINO
410	CLAUDIA RENATA MONT A B RODRIGUES
411	JULIETA COSTA SOBRAL
412	LUIZ ANTONIO LUZIO COELHO
413	EDNA LUCIA OLIVEIRA DA CUNHA LIMA
414	FABIO PINTO LOPES DE LIMA
415	VERA LUCIA MOREIRA DOS S NOJIMA
416	EDUARDO PUCU DE ARAUJO
417	REJANE SPITZ
418	WERTHER TEIXEIRA DE AZEVEDO NETO
419	MARCOS AMARANTE DE A MAGALHAES
420	GABRIEL DO AMARAL BATISTA
421	ALINE MOREIRA MONCORES
422	ADRIANA SAMPAIO LEITE
423	CLAUDIA MARIA MONTEIRO VIANNA
424	ELAINE RADICETTI
425	WALVYKER ALVES DE SOUZA
426	CLAUDIA CRISTINA DE MELLO ROLLIM
427	DANIELA CORREA DE OLIVEIRA
428	CELSO RAYOL JUNIOR
429	FREDERICO SALAMONI GELLI
430	MARCELO MASSAHARU HATAKEYAMA
431	CLAUDIO FREITAS DE MAGALHAES
432	GABRIELLA FERREIRA CHAVES VACCARI
433	LEONIDAS AUGUSTO CORREIA DE MORAES
434	JORGE LANGONE
435	ALFREDO JEFFERSON DE OLIVEIRA
436	JORGE ROBERTO LOPES DOS SANTOS
437	TATIANA TABAK
438	JOSE LUIZ MENDES RIPPER
439	GUILHERME NUNES DA COSTA
440	MERIDA ALBERTA HERASME MEDINA
441	TANIA PETERSEN CORREA
442	YANN ALBERT GRANDJEAN
443	MARIE GEORGIANA JOSEPHINE V VIDAL
444	JOSE MARCIO ANTONIO G DE CAMARGO
445	MARIANA DE MORAES B P ALBUQUERQUE
446	MIGUEL NATHAN FOGUEL
447	LUISA SHU KURIZKY
448	WALTER NOVAES FILHO
449	MARCELO NUNO CARNEIRO DE SOUSA
450	MARIA DE NAZARETH MACIEL
451	PAULO MANSUR LEVY
452	ELIANE GOTTLIEB
453	MARIA ELENA GAVA REDDO ALVES
454	MARCOS ANTONIO COUTINHO DA SILVEIRA
455	SHEILA NAJBERG
456	ANTONIO MARCOS HOELZ PINTO AMBROZIO
457	JULIANO JUNQUEIRA ASSUNCAO
458	ROGERIO LADEIRA FURQUIM WERNECK
459	EDUARDO ZILBERMAN
460	JOAO BARBOSA DE OLIVEIRA
461	PEDRO HENRIQUE DE CASTRO ROSADO
462	CARLOS VIANA DE CARVALHO
463	MARCIA GUERRA PEREIRA
464	RAFAEL PINHO SENRA DE MORAIS
465	JOAO MANOEL PINHO DE MELLO
466	MONICA BAUMGARTEN DE BOLLE
467	DANIELA ALONSO FONTES
468	HAMILTON MASSATAKA KAI
469	MARCELO DE PAIVA ABREU
470	FELIPE TAMEGA FERNANDES
471	LUIZ ROBERTO AZEVEDO CUNHA
472	JOSE ANTONIO ORTEGA
473	LUIZ PAULO VELLOZO LUCAS
474	JOAO HALLAK NETO
475	ROBERTO GERALDO S SANTOS FILHO
476	RUI RONALD CALDAS MARINHO
477	LEONARDO BANDEIRA REZENDE
478	GUSTAVO MAURICIO GONZAGA
479	TEMPO CONTINUO A DEFINIR
480	MAURICIO CORTEZ REIS
481	MARCO ANTONIO F DE H CAVALCANTI
482	JUAREZ DA SILVEIRA FIGUEIREDO
483	MARCELO CUNHA MEDEIROS
484	FABRICIO MELLO RODRIGUES DA SILVA
485	RODRIGO REIS SOARES
486	MARIA LUIZA GOMES TEIXEIRA
487	ANA WALESKA POLLO CAMPOS MENDONCA
488	PATRICIA COELHO DA COSTA
489	ISABEL ALICE OSWALD MONTEIRO LELIS
490	ROSALIA MARIA DUARTE
491	DANIELA FRIDA DRELICH VALENTIM
492	ZENA WINONA EISENBERG
493	FATIMA CRISTINA DE MENDONCA ALVES
494	RALPH INGS BANNELL
495	CYNTHIA PAES DE CARVALHO
496	MARIA CRISTINA M P DE CARVALHO
497	ADELIA MARIA NEHME SIMAO E KOFF
498	MARCELO GUSTAVO ANDRADE DE SOUZA
499	ALICIA MARIA CATALANO DE BONAMINO
500	MARIA RITA PASSERI SALOMAO
501	MARIA FERNANDA REZENDE NUNES
502	MARIA INES GALVAO FLORES M DE SOUZA
503	ANA MARIA BELTRAN PAVANI
504	SERGIO RICARDO YATES DOS SANTOS
505	CAROLINA GUIMARAES DE SOUZA DIAS
506	LEONARDO COSTA RANGEL
507	ADERSON CAMPOS PASSOS
508	RUTH ESPINOLA SORIANO DE MELLO
509	MARCO AURELIO FAGUNDES ALBERNAZ
510	CARLA FRANCISCA BOTTINO ANTONACCIO
511	JULIA BLOOMFIELD GAMA ZARDO
512	MARIA FATIMA LUDOVICO DE ALMEIDA
513	LUIS FERNANDO OLIVEIRA DO VABO JR
514	ADRIAN GIASSONE
515	DANIELA SILVEIRA SOLURI
516	JORGE DIAS LAGE
517	JOEL VIEIRA BAPTISTA JUNIOR
518	HUGO FUKS
519	RICARDO YOGUI
520	ANDRE RIBEIRO DE OLIVEIRA
521	ANA ROSA FONSECA DE AGUIAR MARTINS
522	JOAO QUEIROZ KRAUSE
523	RONALDO RODRIGUES BASTOS
524	JOSE PAULO SILVA DE PAULA
525	NEY AUGUSTO DUMONT
526	DJENANE CORDEIRO PAMPLONA
527	LUIS FERNANDO FIGUEIRA DA SILVA
528	WASHINGTON BRAGA FILHO
529	SIDNEI PACIORNIK
530	BOJAN MARINKOVIC
531	JOSE ROBERTO MORAES D ALMEIDA
532	IVANI DE SOUZA BOTT
533	RAUL ALMEIDA NUNES
534	MARCOS VENICIUS SOARES PEREIRA
535	DAVID MARTINS VIEIRA
536	MARIA MAGDALENA LYRA DA SILVA
537	FABIO RODRIGO SIQUEIRA BATISTA
538	PEDRICTO ROCHA FILHO
539	ANA CRISTINA MALHEIROS G CARVALHO
540	CARLOS ROBERTO HALL BARBOSA
541	ROBERTO RIBEIRO DE AVILLEZ
542	REINALDO CASTRO SOUZA
543	MARLEY MARIA BERNARDES R VELLASCO
544	ROBERTO JOSE DE CARVALHO
545	LUIS FERNANDO ALZUGUIR AZEVEDO
546	MONICA FEIJO NACCACHE
547	MARCELO DE ANDRADE DREUX
548	THEREZINHA SOUZA DA COSTA
549	EDUARDO DE ALBUQUERQUE BROCCHI
550	ARTHUR MARTINS BARBOSA BRAGA
551	FLAVIA CESAR TEIXEIRA MENDES
552	MARIA CECILIA DE CARVALHO CHAVES
553	PAULO SOARES ALVES CUNHA
554	ROBERTO PEIXOTO NOGUEIRA
555	LINCOLN WOLF DE ALMEIDA NEVES
556	FERNANDO HENRIQUE DA SILVEIRA NETO
557	JOSE EUGENIO LEAL
558	JOSE PAULO TEIXEIRA
559	NELIO DOMINGUES PIZZOLATO
560	CARLOS PATRICIO MERCADO SAMANEZ
561	MARIA ISABEL PAIS DA SILVA
562	PAULO BATISTA GONCALVES
563	MELISSA LEMOS CAVALIERE
564	MARCO AURELIO CAVALCANTI PACHECO
565	CELSO ROMANEL
566	DEBORA LOPES PILOTTO DOMINGUES
567	LUIZ FERNANDO CAMPOS RAMOS MARTHA
568	DEANE DE MESQUITA ROEHL
569	RAUL ROSAS E SILVA
570	TACIO MAURO PEREIRA DE CAMPOS
571	KHOSROW GHAVAMI
572	GIUSEPPE BARBOSA GUIMARAES
573	SEBASTIAO ARTHUR LOPES DE ANDRADE
574	CARLOS EDEN SARDENBERG MESQUITA
575	ERNANI DE SOUZA COSTA
576	ROBSON LUIZ GAIOFATTO
577	VICENTE GARAMBONE FILHO
578	EURIPEDES DO AMARAL VARGAS JR
579	MAURICIO LEONARDO TOREM
580	FRANCISCO JOSE MOURA
581	JOSE CARLOS D ABREU
582	LUIZ ALBERTO CESAR TEIXEIRA
583	EDUARDO JOSE SIQUEIRA P DE SOUZA
584	MARLENE SABINO PONTES
585	GUILHERME PENELLO TEMPORAO
586	PATRICIA LUSTOZA DE SOUZA
587	MARIA CRISTINA RIBEIRO CARVALHO
588	EMANOEL PAIVA OLIVEIRA COSTA
589	FLAVIO JOSE VIEIRA HASSELMANN
590	CRISTIANO AUGUSTO COELHO FERNANDES
591	JOSE MAURO PEDRO FORTES
592	ABRAHAM ALCAIM
593	MOISES HENRIQUE SZWARCMAN
594	MAURO SCHWANKE DA SILVA
595	DELBERIS ARAUJO LIMA
596	RAUL QUEIROZ FEITOSA
597	LUIS FERNANDO CORREA MONTEIRO
598	ALVARO DE LIMA VEIGA FILHO
599	ALEXANDRE STREET DE AGUIAR
600	JEAN PIERRE VON DER WEID
601	MARCO ANTONIO GRIVET MATTOSO MAIA
602	EUGENIO KAHN EPPRECHT
603	ROBERTO CINTRA MARTINS
604	SILVIO HAMACHER
605	LEONARDO JUNQUEIRA LUSTOSA
606	MARIO ANTONIO PINHEIRO BITENCOURT
607	PAULO ROBERTO TAVARES DALCOL
608	ROGERIO ODIVAN BRITO SERRAO
609	VENETIA MARIA CORREA SANTOS
610	MARCIUS HOLLANDA PEREIRA DA ROCHA
611	RENATO DE VIVEIROS LIMA
612	GUSTAVO MIRANDA ARAUJO
613	GUSTAVO COSTA GOMES MOREIRA
614	THAIS HELENA DE LIMA NUNES
615	FERNANDA MARIA PEREIRA RAUPP
616	LUIZ HENRIQUE ABREU DAL BELLO
617	KATIA MARIA CARLOS ROCHA
618	FERNANDO ANTONIO LUCENA AIUBE
619	ROGERIO DE GUSMAO PINTO LOPES
620	HERMES GOMES DA SILVA FILHO
621	CARLOS VALOIS MACIEL BRAGA
622	CARLOS ALBERTO DE ALMEIDA
623	HANS INGO WEBER
624	SERGIO LEAL BRAGA
625	GREGORIO SALCEDO MUNOZ
626	MARCO ANTONIO MEGGIOLARO
627	RUBENS SAMPAIO FILHO
628	RONALDO DOMINGUES VIEIRA
629	ALCIR DE FARO ORLANDO
630	MARCIO DA SILVEIRA CARVALHO
631	JAIME TUPIASSU PINHO DE CASTRO
632	MARCOS SEBASTIAO DE PAULA GOMES
633	MAURO SPERANZA NETO
634	JOSE LUIZ DE FRANCA FREIRE
635	JOSE ALBERTO DOS REIS PARISE
636	JORGE LUIZ FONTANELLA
637	IVAN FABIO MOTA DE MENEZES
638	RICARDO TEIXEIRA DA COSTA NETO
639	CECILIA VILANI
640	WILSON BUCKER AGUIAR JUNIOR
641	EDMAR DAS MERCES PENHA
642	ANDRE LUIS ALBERTON
643	ROBERTO BENTES DE CARVALHO
644	ROBERTO WERNECK DO CARMO
645	JOSE MARCUS DE OLIVEIRA GODOY
646	DENISE MARIA MANO PESSOA
647	NEISE RIBEIRO VIEIRA
648	RENATO DA SILVA CARREIRA
649	LUIZ FELIPE GUANAES REGO
650	ROGERIO SCHIFFER DE SOUZA
651	LUIS GLAUBER RODRIGUES
652	EMANUEL FONSECA DA COSTA
653	WELLINGTON CAMPOS
654	PAULO DORE FERNANDES
655	ABELARDO BORGES BARRETO JUNIOR
656	JOAO MANOEL DE ALBUQUERQUE LINS
657	ROGERIO SOARES DA COSTA
658	VERA MARIA PEREIRA DE M HENRIQUES
659	CAIO SALLES MARCONDES DE MOURA
660	CURSO A DISTANCIA
661	LUISA SEVERO BUARQUE DE HOLANDA
662	REMO MANNARINO FILHO
663	GABRIEL JUCA DE HOLLANDA
664	MARIA INES SENRA ANACHORETA
665	VINICIUS DE CARVALHO MONTEIRO
666	MARCELA FIGUEIREDO C DE OLIVEIRA
667	LUIZ CARLOS PINHEIRO DIAS PEREIRA
668	KATIA RODRIGUES MURICY
669	IRLEY FERNANDES FRANCO
670	MAURA IGLESIAS
671	EDUARDO JARDIM DE MORAES
672	LUIZ CAMILLO D P O DE ALMEIDA
673	LUDOVIC SOUTIF
674	ELSA HELENA BUADAS WIBMER
675	DEBORAH DANOWSKI
676	EDGARD JOSE JORGE FILHO
677	FERNANDO FRANCA COCCHIARALE
678	MARCOS WILLIAM BERNARDO
679	LIGIA TERESA SARAMAGO PADUA
680	MARCELO DA SILVA NORBERTO
681	EDGAR DE BRITO LYRA NETTO
682	RENATO BARBOSA DE OLIVEIRA
683	ENIO FROTA DA SILVEIRA
684	HORTENCIO ALVES BORGES
685	ALEXANDRE BALIU BRAUTIGAM
686	HIROSHI NUNOKAWA
687	ENRIQUE VICTORIANO ANDA
688	RAPHAEL DIAS MARTINS DE PAOLA
689	ROSANE RIERA FREIRE
690	MARIA OSWALD MACHADO DE MATOS
691	DANIEL ACOSTA AVALOS
692	DANIEL SOARES VELASCO
693	CARLA GOBEL BURLAMAQUI DE MELLO
694	ANTONIO CARLOS OLIVEIRA BRUNO
695	WALDEMAR MONTEIRO DA SILVA JUNIOR
696	VERA LUCIA VIEIRA BALTAR
697	RODRIGO PRIOLI MENEZES
698	FABIO ALEX PEREIRA DOS SANTOS
699	WELLES ANTONIO MARTINEZ MORGADO
700	SONIA RENAUX WANDERLEY LOURO
701	MARCO CREMONA
702	NEY ROBERTO DHEIN
703	GLAUCIO LIMA SIQUEIRA
704	TOMMASO DEL ROSSO
705	CELIA BEATRIZ ANTENEODO DE PORTO
706	LUIZ ALENCAR REIS DA SILVA MELLO
707	ISABEL CRISTINA DOS SANTOS CARVALHO
708	MARCELO EDUARDO HUGUENIN M DA COSTA
709	GERALDO MONTEIRO SIGAUD
710	ELISABETH COSTA MONTEIRO
711	FERNANDO LAZARO FREIRE JUNIOR
712	STEFAN ZOHREN
713	ACHILLES D AVILA CHIROL
714	CLEBER MARQUES DE CASTRO
715	ANDREA PAULA DE SOUZA
716	MARCELO MOTTA DE FREITAS
717	LUCIANO XIMENES ARAGAO
718	LEONARDO DOS PASSOS MIRANDA NAME
719	ROGERIO RIBEIRO DE OLIVEIRA
720	JOAO RUA
721	REGINA CELIA DE MATTOS
722	ALVARO HENRIQUE DE SOUZA FERREIRA
723	REJANE CRISTINA DE ARAUJO RODRIGUES
724	JOAO LUIZ DE FIGUEIREDO SILVA
725	AUGUSTO CESAR PINHEIRO DA SILVA
726	EDUARDO PIMENTEL MENEZES
727	RITA DE CASSIA MARTINS MONTEZUMA
728	OSWALDO MUNTEAL FILHO
729	UMBERTO GUATIMOSIM ALVIM
730	SILVIA PATUZZI
731	MARCELO GANTUS JASMIN
732	ISABELA FERNANDES SOARES LEITE
733	GISELLE MARQUES CAMARA
734	MARCOS GUEDES VENEU
735	REGIANE AUGUSTO DE MATTOS
736	MURILO SEBE BON MEIHY
737	RENATO PETROCCHI
738	SYDENHAM LOURENCO NETO
739	MAURICIO BARRETO ALVAREZ PARADA
740	ILMAR ROHLOFF DE MATTOS
741	LEONARDO AFFONSO DE MIRANDA PEREIRA
742	LUIS REZNIK
743	MARCO ANTONIO VILLELA PAMPLONA
744	MARIA ELISA NORONHA DE SA MADER
745	HELOISA MEIRELES GESTEIRA
746	MARIA DA GRACA SALGADO
747	LUCIANA LOMBARDO COSTA PEREIRA
748	DANIEL PINHA SILVA
749	ROMULO COSTA MATTOS
750	MARIA GABRIELA CARNEIRO DE CARVALHO
751	HENRIQUE ESTRADA RODRIGUES
752	IVANA STOLZE LIMA
753	EUNICIA BARROS BARCELOS FERNANDES
754	FLAVIA MARIA SCHLEE EYLER
755	RICARDO AUGUSTO BENZAQUEN DE ARAUJO
756	MARIA TEREZA CHAVES DE MELLO
757	LUCIANA BORGERTH VIAL CORREA
758	JUCARA DA SILVA BARBOSA DE MELLO
759	LUIZ FELIPE RORIS R S DO CARMO
760	ANTONIO FERNANDO DE CASTRO VIEIRA
761	IVAN MATHIAS FILHO
762	JOSE CARLOS RAMALHO MOREIRA
763	CLAUDIA FERLIN
764	SERGIO COLCHER
765	PAULA YPIRANGA DOS GUARANYS
766	LUIZ FERNANDO BESSA SEIBEL
767	CAROLINA DE LIMA AGUILAR
768	HELIO CORTES VIEIRA LOPES
769	ROBERTO IERUSALIMSCHY
770	BRUNO FEIJO
771	ROGERIO FERREIRA RODRIGUES
772	JOISA DE SOUZA OLIVEIRA
773	ALBERTO BARBOSA RAPOSO
774	BRUNO LOPES VIEIRA
775	MARCO ANTONIO CASANOVA
776	LUCIANO PEREIRA SOARES
777	ANA CAROLINA LETICHEVSKY
778	EDWARD HERMANN HAEUSLER
779	NOEMI DE LA ROCQUE RODRIGUEZ
780	ANA LUCIA DE MOURA
781	ALEXANDRE MALHEIROS MESLIN
782	ALESSANDRO FABRICIO GARCIA
783	FLAVIO HELENO BEVILACQUA E SILVA
784	MARCOS VIANNA VILLAS
785	ROGERIO LUIS DE CARVALHO COSTA
786	JOSE CARLOS MILLAN
787	JULIO CESAR SAMPAIO DO PRADO LEITE
788	SERGIO LIFSCHITZ
789	SIMONE DINIZ JUNQUEIRA BARBOSA
790	EDMUNDO BASTOS TORREAO
791	MARCANTONIO GIUSEPPE MARIA C FABRA
792	RAUL PIERRE RENTERIA
793	ARNDT VON STAA
794	GUSTAVO ROBICHEZ DE CARVALHO
795	ANDERSON OLIVEIRA DA SILVA
796	ALEXANDRE RADEMAKER
797	EDUARDO SANY LABER
798	LUIZ FERNANDO GOMES SOARES
799	RUY LUIZ MILIDIU
800	MARCELO GATTASS
801	EDIRLEI EVERSON SOARES DE LIMA
802	MARKUS ENDLER
803	MYRIAM SERTA COSTA
804	CLAUDIO VICTOR NASAJON SASSON
805	HELENE KLEINBERGER SALIM
806	MAIRA SIMAN GOMES
807	CARLOS FREDERICO PEREIRA DA S GAMA
808	MARTA REGINA FERNANDEZ Y G MORENO
809	CAROLINA MOULIN AGUIAR
810	MARCIO ANTONIO SCALERCIO
811	LUCIANA BADIN PEREIRA LIMA
812	ALEXANDRA DE MELLO E SILVA
813	DIEGO SANTOS VIEIRA DE JESUS
814	PHILIPPE OLIVIER BONDITTI
815	MONICA HERZ
816	CLAUDIO ANDRES TELLEZ ZEPEDA
817	FERNANDO NEVES DA COSTA MAIA
818	FABIANO PELLIN MIELNICZUK
819	LAYLA IBRAHIM ABDALLAH DAWOOD
820	PEDRO CLAUDIO CUNGA BRANDO B CUNHA
821	KAI MICHAEL KENKEL
822	CARLOS FREDERICO DE SOUZA COELHO
823	ALEXANDRE DOS SANTOS SILVA
824	ARTHUR BERNARDES DO AMARAL
825	LEANE CORNET NAIDIN
826	MARIA ELENA RODRIGUEZ ORTIZ
827	MIGUEL BORBA DE SA
828	ADRIANA ERTHAL ABDENUR
829	PAULO LUIZ MOREAUX LAVIGNE ESTEVES
830	GISELE GUIMARAES CITTADINO
831	PAULO ROBERTO SOARES MENDONCA
832	JULIA ALEXIM NUNES DA SILVA
833	CARLOS GUILHERME FRANCOVICH LUGONES
834	LEILA MENEZES DUARTE
835	CARLOS GUSTAVO VIANNA DIREITO
836	FRANCIS WALESKA ESTEVES DA SILVA
837	ANDREA PINHEIRO SANTOS
838	IRMA ALMEIDA KLAUTAU LOPES
839	INES ALEGRIA ROCUMBACK
840	JOB ELOISIO VIEIRA GOMES
841	ANA PAULA SANTORO P DE C ALMEIDA
842	THEOPHILO ANTONIO MIGUEL FILHO
843	FELIPE GIRDWOOD ACIOLI
844	GUSTAVO JUNQUEIRA CARNEIRO LEAO
845	CARLOS ALBERTO PLASTINO
846	ADRIANA RIBEIRO RICE GEISLER
847	MARCELLO RAPOSO CIOTOLA
848	THULA RAFAELA DE OLIVEIRA PIRES
849	TELMA DA GRACA DE LIMA LAGE
850	EDUARDO PEREZ OBERG
851	ADRIANA VIDAL DE OLIVEIRA
852	RACHEL BARROS NIGRO
853	NOEL STRUCHINER
854	MAURICIO DE ALBUQUERQUE ROCHA
855	MARIA LUCIA DE PAULA OLIVEIRA
856	ANTONIO CARLOS DE SOUZA C MAIA
857	MARIANA TROTTA DALLALANA QUINTANS
858	ELIANE BOTELHO JUNQUEIRA
859	PEDRO HERMILIO VILLAS BOAS C BRANCO
860	ANA LUCIA DE LYRA TAVARES
861	JOSE GUILHERME BERMAN CORREA PINTO
862	FERNANDO CAVALCANTI WALCACER
863	VIRGINIA TOTTI GUIMARAES
864	VICTORIA AMALIA DE B C G DE SULOCKI
865	ROGERIO RABE
866	OTAVIO AUGUSTO DE CASTRO BRAVO
867	CLAUDIO LUIS BRAGA DELL ORTO
868	IVAN FIRMINO SANTIAGO DA SILVA
869	LUIZ FERNANDO VOSS CHAGAS LESSA
870	DANIELLE DE ANDRADE MOREIRA
871	FLAVIA DA COSTA LIMMER
872	ANDRE PERECMANIS
873	CARLOS CESAR GOMES
874	ELIZABETH TOSTES DE BARROS
875	CARLOS RAYMUNDO CARDOSO
876	BRENO MELARAGNO COSTA
877	JOAO RICARDO WANDERLEY DORNELLES
878	LUIZ CLAUDIO SALLES CRISTOFARO
879	PEDRO PAULO CRISTOFARO
880	JULIAN FONSECA PENA CHEDIAK
881	MANOEL VARGAS FRANCO NETTO
882	NORMA JONSSEN PARENTE
883	TERESA CRISTINA GONCALVES PANTOJA
884	BRUNO VAZ DE CARVALHO
885	LUIZ EMYGDIO FRANCO DA ROSA JUNIOR
886	MANOEL MARQUES DA COSTA BRAGA NETO
887	GUILHERME VAZ PORTO BRECHBUHLER
888	ANDRE CHATEAUBRIAND P D MARTINS
889	PAULO EDUARDO RAMOS DE ARAUJO PENNA
890	FRANCISCO ANTUNES MACIEL MUSSNICH
891	HELVECIO DE CARVALHO COUTO
892	CARLOS HENRIQUE TRANJAN BECHARA
893	BRUNO GARCIA REDONDO
894	FRANCISCO DE GUIMARAENS
895	JOSE RIBAS VIEIRA
896	THIAGO RAGONHA VARELA
897	REGINA COELI LISBOA SOARES
898	LETICIA DE CAMPOS VELHO MARTEL
899	JOAO BATISTA BERTHIER LEITE SOARES
900	FABIO CARVALHO LEITE
901	AUGUSTO HENRIQUE P DE S W MARTINS
902	CELSO DE ALBUQUERQUE SILVA
903	MANOEL MESSIAS PEIXINHO
904	MARIANNA MONTEBELLO WILLEMAN
905	MARCIA NINA BERNARDES
906	LETICIA DA COSTA PAES
907	ALESSANDRO LUCCIOLA MOLON
908	ROSANGELA LUNARDELLI CAVALLAZZI
909	PEDRO PAULO SALLES CRISTOFARO
910	ADOLFO BORGES FILHO
911	MIA ALESSANDRA DE SOUZA REIS
912	LUCIANO VIANNA ARAUJO
913	FIRLY NASCIMENTO FILHO
914	LEONARDO DUNCAN MOREIRA LIMA
915	MARCIO VIEIRA SOUTO COSTA FERREIRA
916	MELVIN BADRA BENNESBY
917	RONALDO EDUARDO CRAMER VEIGA
918	DARCIO AUGUSTO CHAVES FARIA
919	PAULO MARCELO DE MIRANDA SERRANO
920	ROGERIO JOSE BENTO S DO NASCIMENTO
921	LEONARDO DE SOUZA CHAVES
922	PAULO FREITAS RIBEIRO
923	SALVADOR BEMERGUY
924	ISABELLA FRANCO GUERRA
925	LAURO DA GAMA E SOUZA JUNIOR
926	GUSTAVO SENECHAL DE GOFFREDO
927	CAROLINA DE CAMPOS MELO
928	DANIELA TREJOS VARGAS
929	NADIA DE ARAUJO
930	IRINEU ZIBORDI
931	JOSE NASCIMENTO ARAUJO NETTO
932	JULIANA BRACKS DUARTE
933	RICARDO BRAJTERMAN
934	MARIA CELINA BODIN DE MORAES
935	CAITLIN SAMPAIO MULHOLLAND
936	THAMIS AVILA DALSENTER
937	MARCELO FERNANDEZ TRINDADE
938	PEDRO MARCOS NUNES BARBOSA
939	VLADIMIR MUCURY CARDOSO
940	CARLOS NELSON DE PAULA KONDER
941	FLAVIO MULLER DOS REIS DE S PUPO
942	CARLOS SANTOS DE OLIVEIRA
943	JOSE ROBERTO DE CASTRO NEVES
944	MARCELO JUNQUEIRA CALIXTO
945	HELOISA CARPENA VIEIRA DE MELLO
946	GUILHERME VALDETARO MATHIAS
947	DANIELE MEDINA MAIA
948	MARCELO ROBERTO DE CARVALHO FERRO
949	FLAVIA DE ALMEIDA V DE CASTRO
950	RENATO LIMA CHARNAUX SERTA
951	ROBERTA MAURO MEDINA MAIA
952	KATIA REGINA DA COSTA SILVA CIOTOLA
953	ROGERIO REIS DE MELLO
954	MARIO ROBERTO CARVALHO DE FARIA
955	ANA LUIZA MAIA NEVARES
956	ALVARO PIQUET CARNEIRO P DOS SANTOS
957	BRUNO MACHADO EIRAS
958	DENISE MULLER DOS REIS PUPO
959	ADRIANO BARCELOS ROMEIRO
960	GILBERTO MARTINS DE ALMEIDA
961	DANTE BRAZ LIMONGI
962	JOAO MESTIERI
963	SERGIO BERMUDES
964	AGNES CHRISTIAN CHAVES FARIA
965	FERNANDA LEITE MENDES E SANTO
966	ALEXANDRE SERVINO ASSED
967	HELENA FERES HAWAD
968	CLARISSA ROLLIN PINHEIRO BASTOS
969	ADRIANA GRAY DA SILVA REIS
970	MARIA DE FATIMA DUARTE H DOS SANTOS
971	SANDRA PEREIRA BERNARDO
972	MARGARETH AMOROSO DE MESQUITA
973	MARIA CRISTINA G DE G MONTEIRO
974	LEONARDO BERENGER ALVES CARNEIRO
975	CELIA EYER DE ARAUJO
976	ANGELA FILOMENA PERRICONE PASTURA
977	DENISE LEZAN DE ALMEIDA
978	RICARDO BORGES ALENCAR
979	SHEILA MEJLACHOWICZ
980	MARIA CECILIA GONSALVES CARVALHO
981	FLAVIA DI LUCCIO
982	ADRIANA LEITE DO PRADO REBELLO
983	ADRIANA F DE S DE ALBUQUERQUE
984	MARCO ALEXANDRE DE OLIVEIRA
985	REGINA LUCIA MONTEDONIO BORGES
986	EDNA CAMPOS PACHECO FERNANDES
987	MARCIA OLIVE NOVELLINO
988	ALICIA OLGA GRIFO DE RAMAL
989	VANISE DE SOUZA QUITETE
990	LEILA MATHIAS COSTA
991	TALITA DE ASSIS BARRETO
992	EUGENIA MARIA PIRES KOELER
993	PAULO RICARDO PEREZ CUADRAT
994	ANTONIO CARLOS MATTOSO SALGADO
995	BEATRIZ CASTRO BARRETO
996	INES KAYON DE MILLER
997	ADRIANA NOGUEIRA ACCIOLY NOBREGA
998	LUIZ CARLOS BARROS DE FREITAS
999	CLAUDIA FERNANDA CHIGRES
1000	LEANDRO SANTOS ABRANTES
1001	MARIA CLAUDIA DE FREITAS
1002	CILENE APARECIDA NUNES RODRIGUES
1003	HELENA FRANCO MARTINS
1004	ERICA DOS SANTOS RODRIGUES
1005	MARIA DAS GRACAS DIAS PEREIRA
1006	LETICIA MARIA SICURO CORREA
1007	LILIANA CABRAL BASTOS
1008	HEIDRUN FRIEDEL K O DE OLIVEIRA
1009	ELIANA LUCIA MADUREIRA YUNES GARCIA
1010	FREDERICO OLIVEIRA COELHO
1011	MARIANA CUSTODIO DO NASCIMENTO LAGO
1012	JULIO CESAR VALLADAO DINIZ
1013	DANIELA GIANNA CLAUDIA B VERSIANI
1014	ROSANA KOHL BINES
1015	MARILIA ROTHIER CARDOSO
1016	ALEXANDRE MONTAURY B COUTINHO
1017	SILVIA BEATRIZ ALEXANDRA B COSTA
1018	MIRIAM SUTTER MEDEIROS
1019	IZABEL MARGATO
1020	MARCIA LOBIANCO VICENTE AMORIM
1021	JANETE DOS SANTOS BESSA NEVES
1022	MARIA LILIA SIMOES DE OLIVEIRA
1023	TANIA CONCEICAO PEREIRA
1024	PAULO FERNANDO HENRIQUES BRITTO
1025	DANIEL ARGOLO ESTILL
1026	MARCIA DO AMARAL PEIXOTO MARTINS
1027	MARIA PAULA FROTA
1028	MARIA DO CARMO LEITE DE OLIVEIRA
1029	LUCIA MARIA DA CRUZ FIDALGO
1030	STELLA TERESA APONTE CAYMMI
1031	KARL ERIK SCHOLLHAMMER
1032	LUIS EDUARDO FERREIRA B MOREIRA
1033	CARLOS TOMEI
1034	RICARDO GALDO CAMELIER
1035	SERGIO NOBREGA DE OLIVEIRA
1036	FRANCISCO RONDINELLI JUNIOR
1037	ELIANA GIAMBIAGI
1038	YURI KI
1039	MONICA MOREIRA BARROS
1040	RAFAEL OSWALDO RUGGIERO RODRIGUEZ
1041	MIGUEL ADRIANO KOILLER SCHNOOR
1042	VERA SYME JACOB BENZECRY
1043	RENATA MARTINS DA ROSA
1044	RACHEL BERGMAN FONTE
1045	SILVANA MARINI RODRIGUES LOPES
1046	LUCIANA ARRUDA DE OLIVEIRA FREIRE
1047	SERGIO BERNARDO VOLCHAN
1048	CARLOS FREDERICO BORGES PALMEIRA
1049	ALEX LUCIO RIBEIRO CASTRO
1050	MARCOS CRAIZER
1051	CRISTIANE PINHO GUEDES
1052	DEBORA FREIRE MONDAINI
1053	AMERICO BARBOSA DA CUNHA JUNIOR
1054	LUANA SA DE AZEVEDO
1055	RICARDO DE SA EARP
1056	CHRISTINE SERTA COSTA
1057	JAIRO DA SILVA BOCHI
1058	ANA CRISTINA BERNARDO DE OLIVEIRA
1059	PEDRO PAIVA ZUHLKE D OLIVEIRA
1060	NICOLAU CORCAO SALDANHA
1061	THOMAS MAURICE LEWINER
1062	LUCA SCALA
1063	BOYAN SLAVCHEV SIRAKOV
1064	DANIELA ROMAO BARBUTO DIAS
1065	MONAH WINOGRAD
1066	ANA MARIA DE TOLEDO PIZA RUDGE
1067	NORMA MOREIRA SALGADO FRANCO
1068	REGINA LUCIA LIMA PONTES
1069	REGINA LUCIA LEMOS LEITE SARDINHA
1070	TATIANA BARBOSA CARVALHO
1071	DENISE BERRUEZO PORTINARI
1072	ANTONIO CARLOS DE OLIVEIRA
1073	AUTERIVES MACIEL JUNIOR
1074	ANDREA SEIXAS MAGALHAES
1075	ANA MARIA NICOLACI DA COSTA
1076	CARLOS AUGUSTO DE O PEIXOTO JR
1077	CAROLINA LAMPREIA
1078	CLAUDIA AMORIM GARCIA
1079	ELIANA DE ANDRADE FREIRE
1080	ESTHER MARIA MAGALHAES ARANTES
1081	FLAVIA SOLLERO DE CAMPOS
1082	JESUS LANDEIRA FERNANDEZ
1083	JUNIA DE VILHENA
1084	LIDIA LEVY DE ALVARENGA
1085	MARCUS ANDRE VIEIRA
1086	MARIA INES GARCIA DE F BITTENCOURT
1087	SOLANGE JOBIM E SOUZA
1088	SILVIA MARIA ABU JAMRA ZORNIG
1089	TEREZINHA FERES CARNEIRO
1090	TEREZA CRISTINA SALDANHA ERTHAL
1091	MARIA ELIZABETH RIBEIRO DOS SANTOS
1092	ALVARO DE PINHEIRO GOUVEA
1093	CARMEN LUIZA HOZANNA FERREIRA
1094	GUILHERME GUTMAN CORREA DE ARAUJO
1095	HELENICE CHARCHAT FICHMAN
1096	MARIA HELENA RODRIGUES NAVAS ZAMORA
1097	ANA MARIA STINGEL
1098	SARA ANGELA KISLANOV
1099	FERNANDO RIBEIRO TENORIO
1100	EVA GERTRUDES JONATHAN
1101	RAPHAEL SACCHI ZAREMBA
1102	REGINA MARIA MURAT VASCONCELOS
1103	SANDRA SALOMAO CARVALHO
1104	CARLOS EDUARDO DUARTE A DE BRITO
1105	MARACY DOMINGUES ALVES
1106	CELIA FERREIRA NOVAES
1107	LUIZA DE SOUZA E SILVA MARTINS
1108	REGINA SCHOEMER JARDIM
1109	MARIANGELA DA SILVA MONTEIRO
1110	HELENE DE OLIVEIRA SHINOHARA
1111	ADRIANA HADDAD NUDI
1112	FATIMA VENTURA PEREIRA MEIRELLES
1113	NICOLAS ADRIAN REY
1114	JIANG KAI
1115	WHEI OH LIN
1116	NADIA SUZANA HENRIQUES SCHNEIDER
1117	ISABEL MARIA NETO DA SILVA MOREIRA
1118	FLAVIA DE ALMEIDA VIEIRA
1119	OMAR PANDOLI
1120	RICARDO QUEIROZ AUCELIO
1121	PERCIO AUGUSTO MARDINI FARIAS
1122	ADRIANA GIODA
1123	TATIANA DILLENBURG SAINT PIERRE
1124	CAMILLA DJENNE BUARQUE MULLER
1125	ANDRE SILVA PIMENTEL
1126	JHONNY OSWALDO HUERTAS FLORES
1127	ANGELA DE LUCA REBELLO WAGENER
1128	SUELI BULHOES DA SILVA
1129	MARIA LUIZA CAMPOS DA SILVA VALENTE
1130	ELIZA REGINA AMBROSIO
1131	MARIA HELENA DE SOUZA TAVARES
1132	MARCIO EDUARDO BROTTO
1133	VALERIA PEREIRA BASTOS
1134	MARIA ELIZABETH FREIRE SALVADOR
1135	LUCIENE ALCINDA DE MEDEIROS
1136	JUSSARA FRANCISCA DE ASSIS
1137	LUIZA HELENA NUNES ERMEL
1138	ANDREIA CLAPP SALVADOR
1139	MARCELO LUCIANO VIEIRA
1140	INEZ TEREZINHA STAMPA
1141	RAFAEL SOARES GONCALVES
1142	CARLA FERREIRA SOARES
1143	JOSE MAURO DE FREITAS JUNIOR
1144	FERNANDO CARDOSO LIMA NETO
1145	LUIZ FERNANDO ALMEIDA PEREIRA
1146	SAMARA LIMA TAVARES MANCEBO
1147	PAULO RENATO FLORES DURAN
1148	ROSI MARQUES MACHADO
1149	MARCELO TADEU BAUMANN BURGOS
1150	MARIA ALICE REZENDE DE CARVALHO
1151	ANGELA MARIA DE RANDOLPHO PAIVA
1152	SOLANGE MARIA LUCAN DE OLIVEIRA
1153	ALESSANDRA MAIA TERRA DE FARIA
1154	EDUARDO VASCONCELOS RAPOSO
1155	MARIA CELINA SOARES D ARAUJO
1156	BRUNO DE MOURA BORGES
1157	ANA PAULA CONDE GOMES
1158	ANA FERNANDA BATISTA COELHO ALVES
1159	JOAO ROBERTO LOPES PINTO
1160	CARLOS EDUARDO REBELLO DE MENDONCA
1161	ANTONIO CARLOS ALKMIM DOS REIS
1162	RICARDO EMMANUEL ISMAEL DE CARVALHO
1163	LUIZA FERREIRA DE SOUZA LEITE
1164	MARCELLO SORRENTINO
1165	BERNARDO VELLOSO FERNANDEZ CONDE
1166	TATIANA BRAGA BACAL
1167	SONIA DUARTE TRAVASSOS
1168	PATRICIA BAPTISTA CORALIS
1169	VALTER SINDER
1170	PAULO JORGE DA SILVA RIBEIRO
1171	SONIA MARIA GIACOMINI
1172	PAULO CESAR GREENHALGH DE C LIMA
1173	LUIZ JORGE WERNECK VIANNA
1174	SIMONE DUBEUX BERARDO C DA CUNHA
1175	PAULO CEZAR COSTA
1176	MARIA CLARA LUCCHETTI BINGEMER
1177	LUIZ FERNANDO RIBEIRO SANTANA
1178	ANA MARIA DE AZEREDO LOPES TEPEDINO
1179	ABIMAR OLIVEIRA DE MORAES
1180	ISIDORO MAZZAROLO
1181	JOEL PORTELLA AMADO
1182	LEONARDO AGOSTINI FERNANDES
1183	LUCIA PEDROSA DE PADUA
1184	LUIS CORREA LIMA
1185	MARIA DE LOURDES CORREA LIMA
1186	TEREZA MARIA POMPEIA CAVALCANTI
1187	MARIO DE FRANCA MIRANDA
1188	ANTONIO JOSE AFONSO DA COSTA
1189	ALFREDO SAMPAIO COSTA
1190	JOSE OTACIO OLIVEIRA GUEDES
1191	PAULO FERNANDO CARNEIRO DE ANDRADE
1192	ALFONSO GARCIA RUBIO
1193	JESUS HORTAL SANCHEZ
1194	MARIO LUIZ MENEZES GONCALVES
1195	MARIA TERESA DE FREITAS CARDOSO
1198	FABIO ALVES FERREIRA
1199	MARTIM FRANCISCO DE O E SILVA
1200	LUIS FERNANDO HOR MEYLL ALVARES
1201	NILTON GONCALVES GAMBA JUNIOR
1202	REJAN RODRIGUES GUEDES BRUNI
1203	JOSE CARVALHO DE AZEVEDO
1204	ANDRE TRIGUEIRO MENDES
1205	LUCIANA BRAFMAN
1206	LUIS NACHBIN
1207	RITA MARIA DE SOUZA COUTO
1208	JACKELINE LIMA FARBIARZ
1209	MARCOS MARTINS PINHEIRO
1210	PEDRO SAMPAIO MALAN
1211	GUSTAVO HENRIQUE DE BARROSO FRANCO
1212	SERGIO BESSERMAN VIANNA
1213	SANDRA MARIA CARREIRA POLONIA RIOS
1214	GILDA HELENA BERNARDINO DE CAMPOS
1215	SONIA KRAMER
1216	EDUARDO MOREIRA DA COSTA
1217	MARLI SOUZA COSTA DE CASTRO
1218	RAIMUNDO SAMPAIO NETO
1219	KARLA TEREZA FIGUEIREDO LEITE
1220	RICARDO TANSCHEIT
1221	JOSE RICARDO BERGMANN
1222	MARBEY MANHAES MOSSO
1223	MARIA MANUELA RUPP QUARESMA
1224	ALUISIO GRANATO DE ANDRADE
1225	GERALDO AFONSO SPINELLI M RIBEIRO
1226	MARCO ANTONIO GOMES TEIXEIRA
1227	NELSON INOUE
1228	VINICIUS DE FRANCA MACHADO
1229	THOMAS ADAMS
1230	JOAO CARLOS RIBEIRO PLACIDO
1231	SERGIO AUGUSTO BARRETO DA FONTOURA
1232	BRENNO ROMANO MOTTA FILHO
1233	VERA CRISTINA GONCALVES DE A BUENO
1234	ANTONIO EDMILSON MARTINS RODRIGUES
1235	CLARISSE SIECKENIUS DE SOUZA
1236	CARLOS JOSE PEREIRA DE LUCENA
1237	SILVINA ANA RAMAL
1238	LETICIA DE ABREU PINHEIRO
1239	MAUREEN CRISTINA MARTINS DOS SANTOS
1240	OSCAR GRACA COUTO NETO
1241	RENATO RESENDE BENEDUZI
1242	ADRIANO PILATTI
1243	ANA LUIZA SARAMAGO STERN
1244	ALEXANDRE FABIANO MENDES
1245	LUIZ EDUARDO MELIN CARVALHO E SILVA
1246	ANTONIO CARLOS FLORES DE MORAES
1247	PABLO WALDEMAR RENTERIA
1248	CARLOS AFFONSO PEREIRA DE SOUZA
1249	SAMANTHA PELAJO
1250	MARIA CELINA IBAZETA
1251	ENEIDA LEAL CUNHA
1252	ANA PAULA VEIGA KIFFER
1253	MARIA REGINA SARAIVA P VELASCO
1254	SINESIO PESCO
1255	GEOVAN TAVARES DOS SANTOS
1256	TANIA HORSTH NORONHA JARDIM
1257	DENISE PINI ROSALEM DA FONSECA
1258	IRENE RIZZINI
1259	MARIA ISABEL MENDES DE ALMEIDA
1260	JENURA CLOTILDE BOFF
\.


--
-- TOC entry 2080 (class 0 OID 35708)
-- Dependencies: 163 2097
-- Data for Name: TipoUsuario; Type: TABLE DATA; Schema: public; Owner: prisma
--

COPY "TipoUsuario" ("PK_TipoUsuario", "Nome") FROM stdin;
1	Administrador
2	Coordenador
3	Aluno
\.


--
-- TOC entry 2089 (class 0 OID 35986)
-- Dependencies: 176 2097
-- Data for Name: Turma; Type: TABLE DATA; Schema: public; Owner: prisma
--

COPY "Turma" ("PK_Turma", "FK_Disciplina", "Codigo", "PeriodoAno", "Vagas", "Destino", "HorasDistancia", "SHF", "FK_Professor") FROM stdin;
3093	ACN1000	1DA	20131	5	QQC	0	0	1198
3094	ACN1004	1DA	20131	10	QQC	0	0	3
3095	ACN1005	1DA	20131	15	ACN	0	0	4
3096	ACN1006	1DA	20131	15	ACN	0	8	4
3097	ACN1020	1DA	20131	10	QQC	0	0	2
3098	ACN1022	1DA	20131	10	QQC	0	0	1010
3099	ACN1023	1DA	20131	5	QQC	0	0	1016
3100	ADM1006	2WA	20131	30	QQC	0	0	6
3101	ADM1010	2WA	20131	27	QQC	0	0	6
3102	ADM1019	2WA	20131	30	QQC	0	0	6
3103	ADM1170	2GA	20131	35	ADM	0	0	7
3104	ADM1170	2GB	20131	35	ADM	0	0	8
3105	ADM1170	2GC	20131	35	ADM	0	0	9
3106	ADM1170	2GD	20131	35	ADM	0	0	10
3107	ADM1171	2GA	20131	35	ADM	0	0	11
3108	ADM1171	2GB	20131	35	ADM	0	0	12
3109	ADM1171	2GC	20131	35	ADM	0	0	12
3110	ADM1171	2GD	20131	35	ADM	0	0	11
3111	ADM1171	2GE	20131	35	ADM	0	0	10
3112	ADM1172	2GA	20131	30	ADM	0	0	13
3113	ADM1172	2GB	20131	30	ADM	0	0	8
3114	ADM1172	2GC	20131	30	ADM	0	0	14
3115	ADM1172	2GD	20131	30	ADM	0	0	15
3116	ADM1172	2GE	20131	30	ADM	0	0	12
3117	ADM1173	2GA	20131	200	ADM	0	4	22
3119	ADM1251	2GD	20131	20	ADM	0	0	49
3120	ADM1251	2GE	20131	20	ADM	0	0	36
3118	ADM1251	2GB	20131	3	QQC	0	0	45
3121	ADM1259	2GA	20131	3	ADM	0	0	46
3122	ADM1259	2GB	20131	3	ADM	0	0	47
3123	ADM1259	2GC	20131	3	ADM	0	0	48
3124	ADM1259	2GD	20131	3	ADM	0	0	47
3125	ADM1271	2GA	20131	3	QQC	0	0	45
3126	ADM1271	2GB	20131	3	QQC	0	0	49
3127	ADM1271	2GC	20131	3	QQC	0	0	36
3128	ADM1273	2GA	20131	3	QQC	0	0	50
3129	ADM1273	2GB	20131	3	QQC	0	0	50
3130	ADM1273	2GC	20131	3	QQC	0	0	56
3131	ADM1273	2GD	20131	3	QQC	0	0	33
3132	ADM1276	2GA	20131	1	CCI	0	0	51
3133	ADM1276	2GB	20131	1	CCI	0	0	52
3134	ADM1276	2GC	20131	2	CCI	0	0	53
3137	ADM1276	2GD	20131	1	CCI	0	0	53
3135	ADM1276	2GE	20131	2	CCI	0	0	54
3136	ADM1276	2GF	20131	2	CCI	0	0	47
3138	ADM1277	2GA	20131	2	CCI	0	0	53
3139	ADM1277	2GB	20131	1	CCI	0	0	51
3140	ADM1277	2GC	20131	2	CCI	0	0	52
3141	ADM1277	2GD	20131	1	CCI	0	0	51
3142	ADM1277	2GE	20131	1	CCI	0	0	54
3143	ADM1277	2GF	20131	1	CCI	0	0	52
3147	ADM1279	2GD	20131	29	ADM	0	0	53
3144	ADM1279	2GA	20131	1	CCI	0	0	53
3145	ADM1279	2GB	20131	2	CCI	0	0	54
3146	ADM1279	2GC	20131	1	CCI	0	0	47
3148	ADM1279	2GE	20131	2	CCI	0	0	52
3149	ADM1351	2GA	20131	3	QQC	0	0	56
3150	ADM1351	2GB	20131	3	QQC	0	0	45
3151	ADM1351	2GC	20131	3	QQC	0	0	12
3152	ADM1351	2GD	20131	3	QQC	0	0	118
3153	ADM1353	2GA	20131	30	ADM	0	0	45
3154	ADM1354	2GA	20131	3	QQC	0	0	50
3155	ADM1354	2GB	20131	3	QQC	0	0	118
3156	ADM1354	2GC	20131	3	QQC	0	0	118
3157	ADM1354	2GD	20131	3	QQC	0	0	118
3158	ADM1355	2GA	20131	3	QQC	0	0	50
3159	ADM1355	2GB	20131	3	QQC	0	0	49
3160	ADM1355	2GC	20131	3	QQC	0	0	45
3161	ADM1355	2GD	20131	3	QQC	0	0	118
3162	ADM1362	2GA	20131	3	CCI	0	0	58
3163	ADM1363	2GA	20131	3	CCI	0	0	35
3164	ADM1382	2GA	20131	3	CCI	0	0	40
3165	ADM1383	2GA	20131	3	CCI	0	0	34
3166	ADM1387	2GA	20131	10	CCI	0	0	39
3167	ADM1388	2GA	20131	3	CCI	0	0	37
3168	ADM1390	2GA	20131	3	CCI	0	0	35
3169	ADM1451	2GA	20131	8	QQC	0	0	29
3170	ADM1451	2GB	20131	8	QQC	0	0	27
3171	ADM1451	2GC	20131	8	QQC	0	0	27
3172	ADM1451	2GD	20131	5	QQC	0	0	23
3173	ADM1451	2GE	20131	5	QQC	0	0	23
3174	ADM1452	2GA	20131	3	QQC	0	0	118
3175	ADM1452	2GB	20131	3	QQC	0	0	118
3176	ADM1452	2GC	20131	3	QQC	0	0	26
3177	ADM1452	2GD	20131	3	QQC	0	0	26
3178	ADM1453	2GA	20131	3	QQC	0	0	32
3179	ADM1453	2GB	20131	6	QQC	0	0	32
3180	ADM1453	2GC	20131	3	QQC	0	0	29
3181	ADM1453	2GD	20131	3	QQC	0	0	29
3182	ADM1455	2GA	20131	3	QQC	0	0	10
3183	ADM1455	2GB	20131	3	QQC	0	0	30
3184	ADM1455	2GC	20131	3	QQC	0	0	60
3185	ADM1458	2GA	20131	3	QQC	0	0	23
3186	ADM1458	2GB	20131	6	QQC	0	0	23
3187	ADM1458	2GC	20131	3	QQC	0	0	27
3188	ADM1458	2GD	20131	3	QQC	0	0	27
3189	ADM1460	2GA	20131	3	CCI	0	0	26
3190	ADM1460	2GB	20131	3	CCI	0	0	26
3191	ADM1480	2GA	20131	3	CCI	0	0	26
3192	ADM1481	2GA	20131	3	CCI	0	0	59
3193	ADM1482	2GA	20131	3	CCI	0	0	25
3194	ADM1484	2GA	20131	3	CCI	0	0	24
3195	ADM1485	2GA	20131	3	CCI	0	0	29
3196	ADM1486	2GA	20131	3	CCI	0	0	1199
3197	ADM1497	2GA	20131	3	CCI	0	0	25
3198	ADM1570	2GA	20131	3	QQC	0	0	62
3199	ADM1570	2GB	20131	3	QQC	0	0	17
3200	ADM1570	2GC	20131	3	QQC	0	0	63
3201	ADM1570	2GD	20131	3	QQC	0	0	63
3202	ADM1585	2GA	20131	3	CCI	0	0	47
3203	ADM1650	2GA	20131	3	QQC	0	0	7
3204	ADM1650	2GB	20131	3	QQC	0	0	7
3205	ADM1650	2GC	20131	3	QQC	0	0	16
3206	ADM1650	2GD	20131	3	QQC	0	0	66
3207	ADM1653	2GA	20131	3	QQC	0	0	65
3208	ADM1653	2GB	20131	3	QQC	0	0	65
3209	ADM1653	2GC	20131	3	QQC	0	0	65
3210	ADM1668	2GA	20131	3	CCI	0	0	67
3211	ADM1687	2GA	20131	10	QQC	0	0	1199
3212	ADM1694	2GA	20131	3	CCI	0	0	43
3213	ADM1695	2GA	20131	3	CCI	0	0	16
3214	ADM1696	2GA	20131	3	CCI	0	0	70
3215	ADM1770	2GA	20131	1	CCI	0	0	52
3216	ADM1770	2GB	20131	1	CCI	0	0	51
3217	ADM1770	2GC	20131	1	CCI	0	0	28
3218	ADM1770	2GD	20131	1	CCI	0	0	51
3219	ADM1770	2GE	20131	1	CCI	0	0	28
3220	ADM1770	2GF	20131	2	CCI	0	0	55
3221	ADM1770	2GG	20131	2	CCI	0	0	11
3222	ADM1774	2GA	20131	3	QQC	0	0	15
3223	ADM1774	2GB	20131	3	QQC	0	0	71
3224	ADM1774	2GC	20131	3	QQC	0	0	71
3225	ADM1774	2GD	20131	3	QQC	0	0	67
3226	ADM1881	2GA	20131	3	CCI	0	0	23
3227	ADM1890	2GA	20131	3	CCI	0	0	1200
3229	ADM1951	2GD	20131	15	ADM	0	0	44
3230	ADM1951	2GE	20131	15	ADM	0	0	66
3228	ADM1951	2GC	20131	3	QQC	0	0	8
3231	ADM1952	2GA	20131	3	QQC	0	0	41
3232	ADM1952	2GB	20131	3	QQC	0	0	42
3233	ADM1952	2GC	20131	3	QQC	0	0	41
3234	ADM1952	2GD	20131	3	QQC	0	0	44
3236	ADM1956	2GA	20131	3	QQC	0	0	74
3235	ADM1956	2GB	20131	3	QQC	0	0	19
3237	ADM1956	2GC	20131	3	QQC	0	0	19
3238	ADM1956	2GD	20131	3	QQC	0	0	19
3239	ADM1957	2GA	20131	3	QQC	0	0	15
3240	ADM1957	2GB	20131	3	QQC	0	0	21
3241	ADM1957	2GC	20131	3	QQC	0	0	7
3242	ADM1957	2GD	20131	3	QQC	0	0	75
3243	ADM1973	2GA	20131	15	ADM	0	6	25
3244	ADM1974	2GA	20131	60	ADM	0	10	22
3245	ADM1977	2GA	20131	15	ADM	0	0	13
3246	ADM1977	2GB	20131	15	ADM	0	0	10
3247	ADM1977	2GC	20131	15	ADM	0	0	10
3248	ADM1977	2GD	20131	15	ADM	0	0	7
3249	ADM1977	2GE	20131	15	ADM	0	0	78
3250	ADM1977	2GF	20131	15	ADM	0	0	60
3251	ADM1977	2GG	20131	15	ADM	0	0	78
3252	ADM1977	2GH	20131	15	ADM	0	0	60
3253	ADM1977	2GI	20131	15	ADM	0	0	30
3254	ADM1977	2GJ	20131	15	ADM	0	0	38
3255	ADM1977	2GK	20131	15	ADM	0	0	11
3256	ADM1977	2GL	20131	15	ADM	0	0	38
3257	ADM1978	2GA	20131	3	QQC	0	0	18
3258	ADM1978	2GB	20131	3	QQC	0	0	68
3259	ADM1978	2GC	20131	3	QQC	0	0	14
3260	ADM1979	2GA	20131	3	QQC	0	0	77
3261	ADM1979	2GB	20131	3	QQC	0	0	79
3262	ADM1979	2GC	20131	3	QQC	0	0	79
3263	ADM1979	2GD	20131	3	QQC	0	0	79
3264	ADM1980	2GA	20131	3	CCI	0	0	77
3265	ADM1981	2GA	20131	8	CCI	0	0	80
3266	ADM1990	2GA	20131	8	CCI	0	0	64
3267	ADM1991	2GA	20131	3	CCI	0	0	76
3268	ADM1991	2GB	20131	3	CCI	0	0	76
3269	ADM1994	2GB	20131	3	CCI	0	0	9
3270	ADM1998	2GA	20131	3	CCI	0	0	20
3271	ADM1998	2GB	20131	3	CCI	0	0	20
3272	ADM9980	2GA	20131	15	CCI	0	0	82
3273	AMB1001	3VA	20131	30	QQC	0	2	83
3274	ARQ1000	88A	20131	9	ARQ	0	0	84
3275	ARQ1000	88B	20131	1	CCI	0	0	85
3276	ARQ1001	88A	20131	35	ARQ	0	0	86
3277	ARQ1001	88B	20131	2	CCI	0	0	86
3278	ARQ1002	88A	20131	35	ARQ	0	0	87
3279	ARQ1002	88B	20131	5	CCI	0	0	87
3280	ARQ1003	88A	20131	3	CCI	0	0	88
3281	ARQ1003	88B	20131	3	CCI	0	0	89
3282	ARQ1004	88A	20131	3	CCI	0	0	90
3283	ARQ1005	88A	20131	30	ARQ	0	0	91
3284	ARQ1005	88B	20131	5	CCI	0	0	92
3285	ARQ1006	88A	20131	30	ARQ	0	0	93
3286	ARQ1006	88B	20131	3	CCI	0	0	93
3287	ARQ1101	88A	20131	1	ARQ	0	0	94
3288	ARQ1101	88B	20131	3	ARQ	0	0	95
3289	ARQ1101	88C	20131	3	ARQ	0	0	96
3290	ARQ1101	88D	20131	3	ARQ	0	0	97
3291	ARQ1102	88A	20131	17	ARQ	0	0	98
3292	ARQ1102	88B	20131	17	ARQ	0	0	84
3293	ARQ1102	88C	20131	17	ARQ	0	0	99
3294	ARQ1102	88D	20131	1	CCI	0	0	100
3295	ARQ1103	88A	20131	17	ARQ	0	0	101
3296	ARQ1103	88B	20131	17	ARQ	0	0	102
3297	ARQ1103	88C	20131	17	ARQ	0	0	103
3298	ARQ1103	88D	20131	3	CCI	0	0	104
3299	ARQ1104	88A	20131	17	ARQ	0	0	105
3300	ARQ1104	88B	20131	17	ARQ	0	0	106
3301	ARQ1104	88C	20131	17	ARQ	0	0	107
3302	ARQ1104	88D	20131	2	CCI	0	0	108
3303	ARQ1105	88A	20131	17	ARQ	0	0	109
3304	ARQ1105	88B	20131	4	CCI	0	0	110
3305	ARQ1105	88C	20131	3	CCI	0	0	111
3306	ARQ1105	88D	20131	3	CCI	0	0	98
3307	ARQ1106	88A	20131	17	ARQ	0	0	112
3308	ARQ1106	88B	20131	17	ARQ	0	0	113
3309	ARQ1106	88C	20131	17	ARQ	0	0	114
3310	ARQ1106	88D	20131	3	CCI	0	0	115
3311	ARQ1107	88A	20131	17	ARQ	0	0	116
3312	ARQ1107	88B	20131	4	CCI	0	0	117
3313	ARQ1107	88C	20131	3	CCI	0	0	101
3314	ARQ1107	88D	20131	3	CCI	0	0	116
3315	ARQ1108	88A	20131	17	ARQ	0	0	119
3316	ARQ1108	88B	20131	17	ARQ	0	0	120
3317	ARQ1108	88C	20131	2	CCI	0	0	93
3318	ARQ1108	88D	20131	3	CCI	0	0	182
3319	ARQ1109	88A	20131	25	ARQ	0	0	84
3320	ARQ1109	88B	20131	25	ARQ	0	0	428
3321	ARQ1110	88A	20131	25	ARQ	0	4	84
3322	ARQ1110	88B	20131	25	ARQ	0	4	108
3323	ARQ1111	88A	20131	17	ARQ	0	0	121
3324	ARQ1111	88B	20131	17	ARQ	0	0	123
3325	ARQ1111	88C	20131	3	CCI	0	0	122
3326	ARQ1111	88D	20131	3	CCI	0	0	122
3327	ARQ1201	88A	20131	60	ARQ	0	1	22
3328	ARQ1202	88A	20131	60	ARQ	0	1	22
3329	ARQ1318	88A	20131	15	ARQ	0	0	117
3330	ARQ1319	88A	20131	5	QQC	0	0	124
3331	ARQ1321	88A	20131	30	ARQ	0	0	112
3332	ARQ1324	88A	20131	15	QQC	0	0	125
3333	ARQ1325	88A	20131	25	ARQ	0	0	115
3334	ARQ1328	88A	20131	35	ARQ	0	0	126
3335	ARQ1329	88A	20131	25	ARQ	0	0	127
3336	ARQ1329	88B	20131	25	ARQ	0	0	137
3337	ARQ1331	88A	20131	2	CCI	0	0	128
3338	ARQ1333	88A	20131	30	ARQ	0	0	102
3339	ARQ1342	88A	20131	2	CCI	0	0	117
3340	ARQ1343	88A	20131	25	ARQ	0	0	129
3341	ARQ1343	88B	20131	25	ARQ	0	0	129
3342	ARQ1345	88A	20131	35	ARQ	0	0	126
3343	ARQ1347	88A	20131	25	ARQ	0	0	138
3344	ARQ1348	88A	20131	15	ARQ	0	3	118
3345	ARQ1353	88A	20131	15	QQC	0	0	135
3346	ARQ1354	88A	20131	25	ARQ	0	0	134
3347	ARQ1355	88A	20131	30	ARQ	0	0	130
3348	ARQ1357	88A	20131	20	ARQ	0	4	116
3351	ART1020	18C	20131	1	ARQ	0	0	133
3349	ART1020	18A	20131	4	CCI	0	0	131
3350	ART1020	18B	20131	5	CCI	0	0	132
3352	ART1027	18A	20131	25	ARQ	0	0	134
3353	ART1027	18B	20131	25	ARQ	0	0	135
3354	ART1027	18C	20131	2	CCI	0	0	135
3356	ART1028	18B	20131	11	ARQ	0	0	136
3358	ART1028	18D	20131	1	ARQ	0	0	137
3355	ART1028	18A	20131	2	CCI	0	0	125
3357	ART1028	18C	20131	2	CCI	0	0	102
3359	ART1029	18A	20131	30	ARQ	0	0	127
3360	ART1029	18B	20131	30	ARQ	0	0	98
3361	ART1029	18C	20131	2	CCI	0	0	127
3362	ART1030	18A	20131	25	ARQ	0	0	129
3363	ART1030	18B	20131	25	ARQ	0	0	138
3364	ART1030	18C	20131	25	ARQ	0	0	138
3365	ART1038	1AA	20131	5	BCV	0	0	139
3366	ART1040	1AA	20131	10	BCV	0	0	139
3367	ART1041	1AA	20131	10	BPP	0	0	140
3368	ART1050	1AA	20131	1	CDI	0	0	141
3369	ART1050	1AB	20131	1	CDI	0	0	142
3370	ART1050	1AC	20131	1	CDI	0	0	143
3371	ART1050	1AD	20131	1	CDI	0	0	143
3372	ART1050	1AE	20131	1	CDI	0	0	131
3373	ART1050	1AF	20131	1	CDI	0	0	144
3374	ART1050	1AG	20131	1	CDI	0	0	144
3375	ART1050	1AH	20131	1	CDI	0	0	141
3376	ART1051	1AA	20131	13	BPP	0	0	145
3377	ART1051	1AD	20131	3	CDI	0	0	146
3378	ART1051	1AC	20131	14	DIG	0	0	146
3380	ART1051	1AB	20131	25	MOD	0	0	145
3379	ART1051	1AE	20131	10	MOD	0	0	147
3382	ART1052	1AA	20131	1	CDI	0	0	124
3383	ART1052	1AB	20131	1	CDI	0	0	124
3384	ART1052	1AC	20131	1	CDI	0	0	148
3385	ART1052	1AD	20131	1	CDI	0	0	124
3381	ART1052	18A	20131	5	QQC	0	0	124
3386	ART1053	1AA	20131	25	CDI	0	0	141
3387	ART1053	1AB	20131	25	CDI	0	0	149
3388	ART1054	1AA	20131	25	CDI	0	0	150
3389	ART1054	1AB	20131	25	CDI	0	0	149
3390	ART1054	1AC	20131	25	CDI	0	0	151
3391	ART1054	1AD	20131	25	CDI	0	0	151
3392	ART1054	1AE	20131	25	CDI	0	0	408
3393	ART1055	1AA	20131	20	CDI	0	0	152
3394	ART1055	1AB	20131	35	CDI	0	0	152
3395	ART1055	1AC	20131	35	CDI	0	0	152
3396	ART1056	1AA	20131	5	QQC	0	0	153
3397	ART1056	1AB	20131	5	QQC	0	0	153
3398	ART1056	1AC	20131	5	QQC	0	0	152
3399	ART1114	1AA	20131	4	CDI	0	0	150
3400	ART1114	1AB	20131	4	CDI	0	0	154
3401	ART1115	1AA	20131	4	CDI	0	0	155
3402	ART1116	1AA	20131	8	CDI	0	0	150
3403	ART1210	18A	20131	20	ARQ	0	0	156
3405	ART1210	18C	20131	20	ARQ	0	0	156
3404	ART1210	18B	20131	2	CCI	0	0	145
3407	ART1420	18A	20131	9	ARQ	0	0	157
3408	ART1420	18B	20131	11	ARQ	0	0	159
3409	ART1420	18C	20131	5	CCI	0	0	158
3410	ART1420	1AA	20131	20	CDI	0	0	160
3411	ART1420	1AB	20131	2	QQC	0	0	161
3406	ART1420	1DA	20131	5	QQC	0	0	160
3412	ART1551	10A	20131	26	QQC	0	0	162
3413	ART1819	88A	20131	25	ARQ	0	0	134
3414	ART1819	88B	20131	4	CCI	0	0	134
3415	ART1839	1AA	20131	25	CDI	0	0	1201
3416	ART1844	18A	20131	20	ARQ	0	0	156
3417	ART1849	1AA	20131	28	QQC	0	0	163
3418	ART1854	1AA	20131	3	QQC	0	0	155
3419	ART1857	1AA	20131	25	QQC	0	0	164
3420	ART1858	1AA	20131	25	QQC	0	4	165
3421	BIO1001	47A	20131	10	QQC	0	0	166
3422	BIO1002	47A	20131	10	QQC	0	0	167
3423	BIO1003	47A	20131	10	QQC	0	0	167
3424	BIO1004	47A	20131	10	QQC	0	0	167
3425	BIO1005	47A	20131	10	QQC	0	0	167
3426	BIO1006	47A	20131	10	QQC	0	0	168
3427	BIO1008	47A	20131	10	QQC	0	0	170
3428	BIO1009	47A	20131	10	QQC	0	0	171
3429	BIO1010	47A	20131	10	QQC	0	0	1202
3430	BIO1011	47A	20131	10	QQC	0	0	172
3431	BIO1111	47A	20131	10	QQC	0	0	171
3432	BIO1112	47A	20131	10	QQC	0	0	166
3433	BIO1113	47A	20131	10	QQC	0	0	172
3434	BIO1114	47A	20131	10	QQC	0	0	171
3435	BIO1115	47A	20131	10	QQC	0	0	118
3436	BIO1121	47A	20131	10	QQC	0	0	173
3437	BIO1122	47A	20131	10	QQC	0	0	173
3438	BIO1123	47A	20131	10	QQC	0	0	170
3439	BIO1125	47A	20131	10	QQC	0	0	173
3440	CIV1004	3VA	20131	30	QQC	0	2	174
3441	CIV1111	38A	20131	2	CCI	0	0	175
3442	CIV1112	38A	20131	25	ARQ	0	0	176
3444	CIV1112	38C	20131	25	ARQ	0	0	177
3443	CIV1112	38B	20131	4	CCI	0	0	176
3445	CIV1113	38A	20131	35	ARQ	0	0	178
3446	CIV1113	38B	20131	2	CCI	0	0	179
3447	CIV1301	38A	20131	35	ARQ	0	0	180
3448	CIV1301	38B	20131	2	CCI	0	0	180
3449	CIV1305	38A	20131	30	ARQ	0	0	181
3450	CIV1305	38B	20131	40	ARQ	0	0	181
3451	CIV1324	38A	20131	25	ARQ	0	0	182
3452	CIV1324	38B	20131	4	CCI	0	0	182
3453	CIV1581	38A	20131	2	CCI	0	0	183
3454	CIV1715	38A	20131	35	ARQ	0	0	112
3455	CIV1715	38B	20131	35	ARQ	0	0	119
3456	COM1001	2IA	20131	28	CCM	0	0	184
3457	COM1001	2IB	20131	28	CCM	0	0	185
3458	COM1001	2IC	20131	42	CCM	0	0	184
3459	COM1001	2ID	20131	42	CCM	0	0	185
3460	COM1001	2IE	20131	42	CCM	0	0	184
3461	COM1001	2IF	20131	42	CCM	0	0	185
3462	COM1001	2IG	20131	42	CCM	0	0	186
3463	COM1001	2IH	20131	42	CCM	0	0	186
3464	COM1002	2IA	20131	19	CCM	0	0	187
3465	COM1002	2IB	20131	19	CCM	0	0	187
3466	COM1003	2IA	20131	20	BJN	0	0	188
3467	COM1003	2IB	20131	20	BJN	0	0	188
3468	COM1007	2IA	20131	30	CCM	0	0	189
3469	COM1009	2IA	20131	30	BPR	0	0	190
3470	COM1009	2IB	20131	30	BPR	0	0	190
3471	COM1010	2IA	20131	30	CCM	0	0	191
3472	COM1010	2IB	20131	30	CCM	0	0	191
3473	COM1011	2IA	20131	30	CCM	0	0	192
3474	COM1011	2IB	20131	30	CCM	0	0	192
3475	COM1013	2IA	20131	30	CCM	0	0	193
3476	COM1013	2IB	20131	30	CCM	0	0	193
3477	COM1015	2IA	20131	30	BJN	0	0	194
3478	COM1016	2IA	20131	30	BJN	0	0	195
3479	COM1016	2IB	20131	30	BJN	0	0	195
3480	COM1017	2IA	20131	30	CCM	0	0	196
3481	COM1017	2IB	20131	30	CCM	0	0	196
3482	COM1018	2IA	20131	30	CCM	0	0	197
3483	COM1018	2IB	20131	30	CCM	0	0	197
3484	COM1019	2IA	20131	19	CCM	0	0	198
3485	COM1019	2IB	20131	19	CCM	0	0	198
3486	COM1031	2IA	20131	30	QQC	0	0	199
3487	COM1032	2IA	20131	19	BJN	0	0	200
3488	COM1033	2IA	20131	19	BJN	0	0	118
3489	COM1034	2IA	20131	29	CCM	0	0	201
3490	COM1034	2IB	20131	29	CCM	0	0	201
3491	COM1035	2IA	20131	30	CCM	0	0	1203
3492	COM1036	2IA	20131	25	BPR	0	0	202
3493	COM1038	2IA	20131	30	QQC	0	0	203
3494	COM1040	2IA	20131	6	BPR	0	0	188
3495	COM1042	2IA	20131	25	CCM	0	0	205
3496	COM1043	2IA	20131	30	QQC	0	0	206
3497	COM1044	2IA	20131	30	BJN	0	0	207
3498	COM1044	2IB	20131	30	BJN	0	0	207
3499	COM1045	2IA	20131	19	CCM	0	0	208
3500	COM1046	2IA	20131	30	QQC	0	0	209
3501	COM1047	2IA	20131	19	COM	0	0	236
3502	COM1048	2IA	20131	30	QQC	0	0	210
3503	COM1049	2IA	20131	5	QQC	0	0	211
3504	COM1050	2IA	20131	30	CCM	0	0	1204
3505	COM1053	2IA	20131	20	BJN	0	0	213
3506	COM1053	2IB	20131	20	BJN	0	0	213
3507	COM1054	2IA	20131	20	CCM	0	0	1205
3511	COM1106	2IA	20131	3	CCM	0	0	215
3512	COM1106	2IB	20131	3	CCM	0	0	216
3513	COM1106	2IC	20131	3	CCM	0	0	217
3514	COM1106	2ID	20131	3	CCM	0	0	215
3515	COM1106	2IE	20131	3	CCM	0	0	216
3516	COM1106	2IF	20131	3	CCM	0	0	217
3509	COM1106	2IG	20131	2	CCM	0	0	215
3510	COM1106	2IH	20131	2	CCM	0	0	216
3517	COM1106	2II	20131	3	CCM	0	0	217
3508	COM1106	2DA	20131	15	QQC	0	0	118
3518	COM1107	2IA	20131	30	CCM	0	0	218
3519	COM1107	2IB	20131	30	CCM	0	0	193
3520	COM1107	2IC	20131	30	CCM	0	0	186
3521	COM1107	2ID	20131	30	CCM	0	0	218
3522	COM1107	2IE	20131	30	CCM	0	0	193
3523	COM1107	2IF	20131	30	CCM	0	0	186
3524	COM1107	2IG	20131	30	CCM	0	0	218
3525	COM1107	2IH	20131	30	CCM	0	0	193
3526	COM1107	2II	20131	30	CCM	0	0	186
3530	COM1130	2IA	20131	25	CCM	0	0	219
3531	COM1130	2IB	20131	25	CCM	0	0	220
3532	COM1130	2IC	20131	25	CCM	0	0	191
3533	COM1130	2ID	20131	25	CCM	0	0	219
3534	COM1130	2IE	20131	25	CCM	0	0	220
3535	COM1130	2IF	20131	25	CCM	0	0	191
3527	COM1130	2IG	20131	24	CCM	0	0	219
3528	COM1130	2IH	20131	24	CCM	0	0	220
3529	COM1130	2II	20131	24	CCM	0	0	191
3536	COM1151	2IA	20131	30	CCM	0	0	221
3537	COM1151	2IB	20131	30	CCM	0	0	221
3540	COM1162	2IA	20131	30	CCM	0	0	222
3538	COM1162	2IB	20131	29	CCM	0	0	223
3541	COM1162	2IC	20131	30	CCM	0	0	215
3542	COM1162	2ID	20131	30	CCM	0	0	222
3543	COM1162	2IE	20131	30	CCM	0	0	215
3544	COM1162	2IF	20131	30	CCM	0	0	222
3539	COM1162	2IG	20131	29	CCM	0	0	223
3545	COM1162	2IH	20131	30	CCM	0	0	317
3546	COM1166	2IA	20131	30	CCM	0	0	225
3547	COM1166	2IB	20131	30	CCM	0	0	225
3548	COM1170	2IA	20131	25	CCM	0	0	226
3549	COM1170	2IB	20131	25	CCM	0	0	214
3550	COM1170	2IC	20131	25	CCM	0	0	226
3551	COM1170	2ID	20131	25	CCM	0	0	227
3552	COM1170	2IE	20131	25	CCM	0	0	226
3553	COM1170	2IF	20131	25	CCM	0	0	228
3554	COM1170	2IG	20131	25	CCM	0	0	221
3555	COM1170	2IH	20131	25	CCM	0	0	229
3556	COM1170	2II	20131	25	CCM	0	0	221
3557	COM1170	2IJ	20131	25	CCM	0	0	229
3562	COM1180	2IC	20131	40	CCM	0	0	202
3563	COM1180	2ID	20131	40	CCM	0	0	230
3564	COM1180	2IG	20131	25	CCM	0	0	202
3558	COM1180	2IA	20131	1	QQC	0	0	202
3559	COM1180	2IB	20131	1	QQC	0	0	230
3560	COM1180	2IE	20131	2	QQC	0	0	202
3561	COM1180	2IF	20131	1	QQC	0	0	230
3565	COM1190	2IC	20131	39	CCM	0	0	231
3566	COM1190	2ID	20131	39	CCM	0	0	232
3567	COM1190	2IF	20131	39	CCM	0	0	232
3571	COM1190	2IG	20131	25	CCM	0	0	233
3572	COM1190	2IH	20131	30	CCM	0	0	233
3573	COM1190	2II	20131	30	CCM	0	0	233
3568	COM1190	2IA	20131	1	QQC	0	0	231
3569	COM1190	2IB	20131	1	QQC	0	0	232
3570	COM1190	2IE	20131	1	QQC	0	0	231
3574	COM1246	2IA	20131	19	CCM	0	0	234
3577	COM1246	2IB	20131	20	CCM	0	0	234
3575	COM1246	2IC	20131	19	CCM	0	0	234
3578	COM1246	2ID	20131	20	CCM	0	0	234
3579	COM1246	2IE	20131	20	CCM	0	0	234
3576	COM1246	2IF	20131	19	CCM	0	0	234
3582	COM1250	2IA	20131	16	CCM	0	0	235
3583	COM1250	2IB	20131	16	CCM	0	0	236
3584	COM1250	2IC	20131	16	CCM	0	0	237
3585	COM1250	2ID	20131	16	CCM	0	0	238
3586	COM1250	2IE	20131	16	CCM	0	0	194
3587	COM1250	2IF	20131	16	CCM	0	0	235
3588	COM1250	2IG	20131	16	CCM	0	0	236
3589	COM1250	2IH	20131	16	CCM	0	0	237
3590	COM1250	2II	20131	16	CCM	0	0	238
3580	COM1250	2IJ	20131	15	CCM	0	0	194
3591	COM1250	2IK	20131	16	CCM	0	0	235
3592	COM1250	2IL	20131	16	CCM	0	0	236
3593	COM1250	2IM	20131	16	CCM	0	0	237
3594	COM1250	2IN	20131	16	CCM	0	0	238
3581	COM1250	2IO	20131	15	CCM	0	0	194
3599	COM1251	2IA	20131	16	CCM	0	0	239
3600	COM1251	2IB	20131	16	CCM	0	0	240
3601	COM1251	2IC	20131	16	CCM	0	0	241
3602	COM1251	2ID	20131	16	CCM	0	0	242
3603	COM1251	2IE	20131	16	CCM	0	0	243
3604	COM1251	2IF	20131	16	CCM	0	0	239
3605	COM1251	2IG	20131	16	CCM	0	0	240
3606	COM1251	2IH	20131	16	CCM	0	0	241
3607	COM1251	2II	20131	16	CCM	0	0	242
3608	COM1251	2IJ	20131	16	CCM	0	0	243
3595	COM1251	2IK	20131	15	CCM	0	0	239
3609	COM1251	2IL	20131	16	CCM	0	0	240
3596	COM1251	2IM	20131	15	CCM	0	0	241
3597	COM1251	2IN	20131	15	CCM	0	0	242
3598	COM1251	2IO	20131	15	CCM	0	0	243
3612	COM1260	2IA	20131	3	CCM	0	0	244
3613	COM1260	2IB	20131	3	CCM	0	0	245
3614	COM1260	2IC	20131	3	CCM	0	0	246
3615	COM1260	2ID	20131	3	CCM	0	0	244
3616	COM1260	2IE	20131	3	CCM	0	0	229
3610	COM1260	2IF	20131	2	CCM	0	0	246
3617	COM1260	2IG	20131	3	CCM	0	0	244
3618	COM1260	2IH	20131	3	CCM	0	0	229
3611	COM1260	2II	20131	2	CCM	0	0	246
3621	COM1261	2IA	20131	3	CCM	0	0	225
3622	COM1261	2IB	20131	3	CCM	0	0	247
3623	COM1261	2IC	20131	3	CCM	0	0	248
3624	COM1261	2ID	20131	3	CCM	0	0	225
3625	COM1261	2IE	20131	3	CCM	0	0	247
3619	COM1261	2IF	20131	2	CCM	0	0	248
3626	COM1261	2IG	20131	3	CCM	0	0	225
3627	COM1261	2IH	20131	3	CCM	0	0	247
3620	COM1261	2II	20131	2	CCM	0	0	248
3630	COM1262	2IA	20131	3	CCM	0	0	199
3631	COM1262	2IB	20131	3	CCM	0	0	249
3632	COM1262	2IC	20131	3	CCM	0	0	250
3633	COM1262	2ID	20131	3	CCM	0	0	199
3628	COM1262	2IE	20131	2	CCM	0	0	249
3634	COM1262	2IF	20131	3	CCM	0	0	251
3635	COM1262	2IG	20131	3	CCM	0	0	199
3636	COM1262	2IH	20131	3	CCM	0	0	249
3629	COM1262	2II	20131	2	CCM	0	0	251
3639	COM1263	2IA	20131	16	CCM	0	0	252
3640	COM1263	2IB	20131	16	CCM	0	0	253
3641	COM1263	2IC	20131	16	CCM	0	0	254
3642	COM1263	2ID	20131	16	CCM	0	0	255
3643	COM1263	2IE	20131	16	CCM	0	0	256
3644	COM1263	2IF	20131	16	CCM	0	0	252
3645	COM1263	2IG	20131	16	CCM	0	0	253
3646	COM1263	2IH	20131	16	CCM	0	0	254
3647	COM1263	2II	20131	16	CCM	0	0	255
3648	COM1263	2IJ	20131	16	CCM	0	0	256
3649	COM1263	2IK	20131	16	CCM	0	0	252
3650	COM1263	2IL	20131	16	CCM	0	0	253
3651	COM1263	2IM	20131	16	CCM	0	0	254
3637	COM1263	2IN	20131	15	CCM	0	0	255
3638	COM1263	2IO	20131	15	CCM	0	0	256
3655	COM1264	2IA	20131	25	CCM	0	0	257
3656	COM1264	2IB	20131	25	CCM	0	0	258
3657	COM1264	2IC	20131	25	CCM	0	0	259
3658	COM1264	2ID	20131	25	CCM	0	0	257
3659	COM1264	2IE	20131	25	CCM	0	0	258
3660	COM1264	2IF	20131	25	CCM	0	0	259
3652	COM1264	2IG	20131	1	QQC	0	0	257
3653	COM1264	2IH	20131	1	QQC	0	0	258
3654	COM1264	2II	20131	1	QQC	0	0	259
3663	COM1265	2IA	20131	30	CCM	0	0	260
3664	COM1265	2IB	20131	30	CCM	0	0	261
3665	COM1265	2IC	20131	30	CCM	0	0	262
3666	COM1265	2ID	20131	30	CCM	0	0	260
3661	COM1265	2IE	20131	29	CCM	0	0	261
3667	COM1265	2IF	20131	30	CCM	0	0	262
3668	COM1265	2IG	20131	30	CCM	0	0	260
3662	COM1265	2IH	20131	29	CCM	0	0	261
3669	COM1265	2II	20131	30	CCM	0	0	262
3674	COM1266	2IA	20131	25	CCM	0	0	263
3675	COM1266	2IB	20131	25	CCM	0	0	265
3676	COM1266	2IC	20131	25	CCM	0	0	286
3677	COM1266	2ID	20131	25	CCM	0	0	263
3678	COM1266	2IE	20131	25	CCM	0	0	265
3670	COM1266	2IF	20131	24	CCM	0	0	286
3671	COM1266	2IG	20131	24	CCM	0	0	263
3672	COM1266	2IH	20131	24	CCM	0	0	265
3673	COM1266	2II	20131	24	CCM	0	0	286
3682	COM1267	2IA	20131	25	CCM	0	0	266
3683	COM1267	2IB	20131	25	CCM	0	0	267
3684	COM1267	2IC	20131	25	CCM	0	0	268
3685	COM1267	2ID	20131	25	CCM	0	0	266
3686	COM1267	2IE	20131	25	CCM	0	0	269
3679	COM1267	2IF	20131	24	CCM	0	0	268
3687	COM1267	2IG	20131	25	CCM	0	0	266
3680	COM1267	2IH	20131	24	CCM	0	0	269
3681	COM1267	2II	20131	24	CCM	0	0	286
3688	COM1370	2IA	20131	15	BJN	0	0	270
3689	COM1370	2IB	20131	15	BJN	0	0	270
3690	COM1370	2IC	20131	15	BJN	0	0	200
3691	COM1370	2ID	20131	15	BJN	0	0	200
3692	COM1370	2IE	20131	1	CCI	0	0	271
3693	COM1370	2IF	20131	1	CCI	0	0	271
3694	COM1371	2IA	20131	19	BJN	0	0	252
3695	COM1371	2IB	20131	19	BJN	0	0	252
3696	COM1371	2IC	20131	19	BJN	0	0	254
3697	COM1371	2ID	20131	1	CCI	0	0	255
3698	COM1371	2IE	20131	1	CCI	0	0	255
3699	COM1372	2IA	20131	1	CCI	0	0	272
3700	COM1372	2IB	20131	1	CCI	0	0	272
3701	COM1372	2IC	20131	1	CCI	0	0	272
3702	COM1372	2ID	20131	1	CCI	0	0	273
3703	COM1372	2IE	20131	1	CCI	0	0	273
3704	COM1372	2IF	20131	1	CCI	0	0	273
3705	COM1373	2IA	20131	15	BJN	0	0	274
3706	COM1373	2IB	20131	15	BJN	0	0	275
3707	COM1373	2IC	20131	15	BJN	0	0	274
3708	COM1373	2ID	20131	15	BJN	0	0	275
3709	COM1373	2IE	20131	1	CCI	0	0	274
3710	COM1373	2IF	20131	1	CCI	0	0	275
3712	COM1374	2IB	20131	25	BJN	0	0	212
3711	COM1374	2IA	20131	1	CCI	0	0	212
3713	COM1374	2IC	20131	1	CCI	0	0	258
3714	COM1374	2ID	20131	1	CCI	0	0	258
3715	COM1375	2IA	20131	19	BJN	0	0	276
3716	COM1375	2IB	20131	19	BJN	0	0	276
3717	COM1375	2IC	20131	2	CCI	0	0	277
3718	COM1375	2ID	20131	2	CCI	0	0	277
3721	COM1380	2IC	20131	19	BJN	0	0	278
3722	COM1380	2ID	20131	19	BJN	0	0	246
3723	COM1380	2IE	20131	19	BJN	0	0	278
3724	COM1380	2IF	20131	19	BJN	0	0	209
3719	COM1380	2IA	20131	1	CCI	0	0	278
3720	COM1380	2IB	20131	1	CCI	0	0	246
3725	COM1381	2IA	20131	19	BJN	0	0	118
3726	COM1381	2IB	20131	19	BJN	0	0	118
3727	COM1381	2IC	20131	19	BJN	0	0	118
3728	COM1381	2ID	20131	19	BJN	0	0	280
3729	COM1381	2IE	20131	19	BJN	0	0	280
3730	COM1382	2IA	20131	19	BJN	0	0	281
3731	COM1382	2IB	20131	19	BJN	0	0	282
3732	COM1382	2IC	20131	19	BJN	0	0	282
3733	COM1382	2ID	20131	19	BJN	0	0	283
3734	COM1382	2IE	20131	19	BJN	0	0	283
3735	COM1382	2IF	20131	19	BJN	0	0	283
3736	COM1390	2IA	20131	15	BJN	0	0	188
3737	COM1390	2IB	20131	15	BJN	0	0	245
3738	COM1390	2IC	20131	15	BJN	0	0	284
3739	COM1390	2ID	20131	15	BJN	0	0	285
3740	COM1390	2IE	20131	15	BJN	0	0	284
3741	COM1390	2IF	20131	15	BJN	0	0	285
3742	COM1391	2IA	20131	19	BJN	0	0	279
3743	COM1391	2IB	20131	19	BJN	0	0	279
3744	COM1391	2IC	20131	19	BJN	0	0	279
3745	COM1391	2ID	20131	19	BJN	0	0	287
3746	COM1391	2IE	20131	30	BJN	0	0	212
3747	COM1392	2IA	20131	19	BJN	0	0	267
3748	COM1392	2IB	20131	19	BJN	0	0	288
3749	COM1392	2IC	20131	19	BJN	0	0	267
3750	COM1392	2ID	20131	19	BJN	0	0	288
3751	COM1392	2IE	20131	19	BJN	0	0	1206
3752	COM1392	2IF	20131	19	BJN	0	0	1206
3753	COM1557	2IA	20131	28	CCM	0	0	289
3754	COM1570	2IA	20131	1	CCI	0	0	290
3755	COM1570	2IB	20131	1	CCI	0	0	290
3756	COM1571	2IA	20131	1	CCI	0	0	291
3757	COM1571	2IB	20131	1	CCI	0	0	291
3758	COM1572	2IA	20131	2	CCI	0	0	291
3759	COM1572	2IB	20131	2	CCI	0	0	223
3760	COM1573	2IA	20131	2	CCI	0	0	203
3761	COM1573	2IB	20131	2	CCI	0	0	310
3762	COM1580	2IA	20131	1	CCI	0	0	292
3763	COM1580	2IB	20131	1	CCI	0	0	292
3764	COM1580	2IC	20131	1	CCI	0	0	293
3765	COM1581	2IA	20131	1	CCI	0	0	294
3766	COM1581	2IB	20131	1	CCI	0	0	294
3767	COM1582	2IA	20131	1	CCI	0	0	295
3768	COM1582	2IB	20131	1	CCI	0	0	295
3769	COM1583	2IA	20131	1	CCI	0	0	251
3770	COM1583	2IB	20131	1	CCI	0	0	251
3771	COM1583	2IC	20131	1	CCI	0	0	251
3772	COM1590	2IA	20131	2	CCI	0	0	296
3773	COM1591	2IA	20131	35	BCI	0	0	199
3774	COM1592	2IA	20131	35	BCI	0	0	249
3775	COM1593	2IA	20131	30	BCI	0	0	295
3777	COM1670	2IB	20131	30	BPR	0	0	298
3776	COM1670	2IA	20131	1	CCI	0	0	297
3778	COM1670	2IC	20131	1	CCI	0	0	297
3779	COM1670	2ID	20131	1	CCI	0	0	298
3780	COM1671	2IA	20131	1	CCI	0	0	297
3781	COM1671	2IB	20131	1	CCI	0	0	297
3782	COM1671	2IC	20131	1	CCI	0	0	297
3783	COM1671	2ID	20131	1	CCI	0	0	298
3784	COM1672	2IA	20131	1	CCI	0	0	299
3785	COM1672	2IB	20131	1	CCI	0	0	299
3786	COM1672	2IC	20131	1	CCI	0	0	243
3787	COM1672	2ID	20131	2	CCI	0	0	243
3788	COM1673	2IA	20131	25	BPR	0	0	300
3789	COM1673	2IB	20131	25	BPR	0	0	300
3790	COM1673	2IC	20131	25	BPR	0	0	300
3791	COM1673	2ID	20131	25	BPR	0	0	301
3792	COM1674	2IA	20131	1	CCI	0	0	302
3793	COM1674	2IB	20131	1	CCI	0	0	302
3794	COM1674	2IC	20131	1	CCI	0	0	302
3795	COM1674	2ID	20131	1	CCI	0	0	299
3797	COM1675	2IB	20131	25	BPR	0	0	303
3796	COM1675	2IA	20131	1	CCI	0	0	303
3798	COM1675	2IC	20131	1	CCI	0	0	189
3799	COM1675	2ID	20131	1	CCI	0	0	303
3800	COM1680	2IA	20131	25	BPR	0	0	239
3801	COM1680	2IB	20131	25	BPR	0	0	241
3802	COM1680	2IC	20131	2	CCI	0	0	239
3803	COM1680	2ID	20131	2	CCI	0	0	241
3805	COM1681	2IB	20131	15	BPR	0	0	304
3806	COM1681	2IC	20131	15	BPR	0	0	304
3808	COM1681	2IE	20131	15	BPR	0	0	305
3804	COM1681	2IA	20131	1	CCI	0	0	304
3807	COM1681	2ID	20131	1	CCI	0	0	305
3809	COM1681	2IF	20131	1	CCI	0	0	305
3811	COM1682	2IB	20131	20	BPR	0	0	306
3812	COM1682	2IC	20131	20	BPR	0	0	307
3814	COM1682	2IE	20131	20	BPR	0	0	307
3810	COM1682	2IA	20131	2	CCI	0	0	306
3813	COM1682	2ID	20131	1	CCI	0	0	306
3815	COM1683	2IA	20131	1	CCI	0	0	308
3816	COM1683	2IB	20131	1	CCI	0	0	308
3817	COM1683	2IC	20131	1	CCI	0	0	308
3818	COM1684	2IA	20131	30	BPR	0	0	309
3819	COM1684	2IB	20131	30	BPR	0	0	309
3820	COM1684	2IC	20131	30	BPR	0	0	309
3821	COM1685	2IA	20131	1	CCI	0	0	250
3822	COM1685	2IB	20131	1	CCI	0	0	250
3823	COM1685	2IC	20131	1	CCI	0	0	250
3824	COM1720	2AC	20131	7	CDI	0	0	307
3827	COM1720	2AB	20131	25	DIG	0	0	118
3826	COM1720	2AA	20131	25	MOD	0	0	118
3825	COM1720	2AD	20131	10	MOD	0	0	307
3829	COM1721	2AC	20131	10	DIG	0	0	118
3831	COM1721	2AA	20131	1	QQC	0	0	118
3828	COM1721	2AB	20131	2	QQC	0	0	118
3830	COM1721	2AD	20131	3	QQC	0	0	118
3832	COM1904	2IA	20131	6	BJN	0	0	227
3833	COM1904	2IB	20131	6	BJN	0	0	310
3834	COM1904	2IC	20131	5	BJN	0	0	311
3835	COM1904	2ID	20131	10	BJN	0	0	228
3836	COM1904	2IE	20131	7	BJN	0	2	312
3837	COM1904	2IF	20131	6	BJN	0	0	313
3838	COM1904	2IG	20131	3	BJN	0	0	301
3839	COM1904	2IH	20131	3	BJN	0	0	314
3840	COM1904	2II	20131	6	BJN	0	0	315
3841	COM1904	2IJ	20131	10	BJN	0	0	204
3842	COM1904	2IK	20131	5	BJN	0	0	316
3843	COM1904	2IL	20131	6	BJN	0	0	317
3844	COM1904	2IM	20131	7	BJN	0	0	211
3845	COM1904	2IN	20131	5	BJN	0	0	210
3846	COM1904	2IO	20131	6	BJN	0	0	224
3847	COM1904	4IO	20131	6	BJN	0	0	224
3848	COM1905	2IA	20131	3	BCI	0	0	227
3849	COM1905	2IB	20131	6	BCI	0	0	310
3850	COM1905	2IC	20131	5	BCI	0	0	311
3851	COM1905	2ID	20131	2	BCI	0	0	228
3852	COM1905	2IE	20131	2	BCI	0	2	312
3853	COM1905	2IF	20131	3	BCI	0	0	313
3854	COM1905	2IG	20131	2	BCI	0	0	301
3855	COM1905	2IH	20131	2	BCI	0	0	314
3856	COM1905	2II	20131	3	BCI	0	0	315
3857	COM1905	2IJ	20131	2	BCI	0	0	204
3858	COM1905	2IK	20131	5	BCI	0	0	316
3859	COM1905	2IL	20131	3	BCI	0	0	317
3860	COM1905	2IM	20131	2	BCI	0	0	211
3861	COM1905	2IN	20131	5	BCI	0	0	210
3862	COM1905	2IO	20131	3	BCI	0	0	224
3863	COM1906	2IA	20131	6	BPR	0	0	227
3864	COM1906	2IB	20131	3	BPR	0	0	310
3865	COM1906	2IC	20131	5	BPR	0	0	311
3866	COM1906	2ID	20131	3	BPR	0	0	228
3867	COM1906	2IE	20131	6	BPR	0	2	312
3868	COM1906	2IF	20131	6	BPR	0	0	313
3869	COM1906	2IG	20131	10	BPR	0	0	301
3870	COM1906	2IH	20131	10	BPR	0	0	314
3871	COM1906	2II	20131	6	BPR	0	0	315
3872	COM1906	2IJ	20131	3	BPR	0	0	204
3873	COM1906	2IK	20131	5	BPR	0	0	316
3874	COM1906	2IL	20131	6	BPR	0	0	317
3875	COM1906	2IM	20131	6	BPR	0	0	211
3876	COM1906	2IN	20131	5	BPR	0	0	210
3877	COM1906	2IO	20131	6	BPR	0	0	224
3878	CRE1100	4TA	20131	30	QQC	0	0	319
3879	CRE1100	4TB	20131	45	QQC	0	0	319
3880	CRE1100	6TA	20131	45	QQC	4	0	320
3881	CRE1100	6TB	20131	45	QQC	4	0	321
3882	CRE1100	6TC	20131	45	QQC	4	0	322
3883	CRE1100	6TD	20131	45	QQC	4	0	323
3884	CRE1100	6TE	20131	45	QQC	4	0	324
3885	CRE1100	7T1	20131	40	QQC	0	0	118
3886	CRE1100	7T2	20131	30	QQC	0	0	319
3887	CRE1100	7T3	20131	45	QQC	0	0	323
3888	CRE1100	7T4	20131	45	QQC	0	0	321
3889	CRE1100	7T5	20131	40	QQC	0	0	330
3890	CRE1100	7T6	20131	30	QQC	0	0	321
3891	CRE1100	7T7	20131	40	QQC	0	0	330
3892	CRE1100	7T8	20131	40	QQC	0	0	324
3893	CRE1100	7T9	20131	30	QQC	0	0	330
3894	CRE1100	7TA	20131	45	QQC	0	0	324
3895	CRE1100	7TB	20131	30	QQC	0	0	325
3896	CRE1100	7TC	20131	30	QQC	0	0	118
3897	CRE1100	7TD	20131	30	QQC	0	0	331
3898	CRE1100	7TE	20131	30	QQC	0	0	331
3899	CRE1100	7TG	20131	40	QQC	0	0	327
3900	CRE1100	7TH	20131	40	QQC	0	0	328
3901	CRE1100	7TI	20131	45	QQC	0	0	328
3902	CRE1100	7TJ	20131	40	QQC	0	0	319
3903	CRE1100	7TK	20131	40	QQC	0	0	318
3904	CRE1100	7TL	20131	30	QQC	0	0	328
3905	CRE1100	7TM	20131	40	QQC	0	0	318
3906	CRE1100	7TN	20131	30	QQC	0	0	328
3907	CRE1100	7TO	20131	40	QQC	0	0	318
3908	CRE1100	7TP	20131	40	QQC	0	0	326
3909	CRE1100	7TQ	20131	5	QQC	0	0	326
3910	CRE1100	7TR	20131	5	QQC	0	0	330
3911	CRE1100	7TS	20131	40	QQC	0	0	118
3912	CRE1100	7TT	20131	40	QQC	0	0	326
3913	CRE1100	7TU	20131	5	QQC	0	0	322
3914	CRE1100	7TW	20131	45	QQC	0	0	118
3915	CRE1100	7TX	20131	20	QQC	0	0	326
3916	CRE1100	7TY	20131	40	QQC	0	0	325
3917	CRE1100	7TZ	20131	30	QQC	0	0	319
3918	CRE1112	7TA	20131	45	QQC	0	0	332
3919	CRE1115	7TA	20131	30	QQC	0	0	333
3920	CRE1116	7TA	20131	40	QQC	0	0	322
3921	CRE1117	7TA	20131	45	QQC	0	0	334
3922	CRE1118	7TA	20131	40	QQC	0	0	335
3923	CRE1118	7TB	20131	30	QQC	0	0	336
3924	CRE1127	7T1	20131	30	QQC	0	0	339
3925	CRE1127	7T2	20131	40	QQC	0	0	338
3926	CRE1127	7T3	20131	40	QQC	0	0	338
3927	CRE1127	7T4	20131	40	QQC	0	0	334
3928	CRE1127	7T5	20131	45	QQC	0	0	338
3929	CRE1127	7T6	20131	30	QQC	0	0	332
3930	CRE1127	7TA	20131	40	QQC	0	0	338
3931	CRE1127	7TB	20131	40	QQC	0	0	338
3932	CRE1127	7TC	20131	40	QQC	0	0	325
3933	CRE1127	7TD	20131	40	QQC	0	0	334
3934	CRE1127	7TE	20131	45	QQC	0	0	320
3935	CRE1127	7TF	20131	40	QQC	0	0	320
3936	CRE1127	7TG	20131	40	QQC	0	0	339
3937	CRE1127	7TH	20131	45	QQC	0	0	332
3938	CRE1127	7TI	20131	40	QQC	0	0	341
3939	CRE1127	7TJ	20131	45	QQC	0	0	332
3940	CRE1127	7TK	20131	40	QQC	0	0	341
3941	CRE1127	7TL	20131	45	QQC	0	0	332
3942	CRE1127	7TM	20131	40	QQC	0	0	341
3943	CRE1127	7TN	20131	30	QQC	0	0	325
3944	CRE1127	7TO	20131	40	QQC	0	0	328
3945	CRE1127	7TP	20131	30	QQC	0	0	329
3946	CRE1127	7TQ	20131	30	QQC	0	0	325
3947	CRE1127	7TR	20131	40	QQC	0	0	329
3948	CRE1127	7TS	20131	30	QQC	0	0	329
3949	CRE1127	7TT	20131	40	QQC	0	0	329
3950	CRE1127	7TU	20131	45	QQC	0	0	340
3951	CRE1127	7TV	20131	40	QQC	0	0	327
3952	CRE1127	7TW	20131	40	QQC	0	0	336
3953	CRE1127	7TX	20131	30	QQC	0	0	333
3954	CRE1127	7TY	20131	40	QQC	0	0	327
3955	CRE1127	7TZ	20131	40	QQC	0	0	337
3956	CRE1141	4TA	20131	30	QQC	0	0	340
3957	CRE1141	4TB	20131	40	QQC	0	0	343
3958	CRE1141	4TC	20131	30	QQC	0	0	326
3959	CRE1141	4TD	20131	30	QQC	0	0	343
3960	CRE1141	4TE	20131	45	QQC	0	0	118
3961	CRE1141	4TF	20131	45	QQC	0	0	118
3962	CRE1141	7T1	20131	40	QQC	0	0	343
3963	CRE1141	7T2	20131	40	QQC	0	0	321
3964	CRE1141	7T3	20131	40	QQC	0	0	343
3965	CRE1141	7T4	20131	40	QQC	0	0	334
3966	CRE1141	7T5	20131	40	QQC	0	0	343
3967	CRE1141	7T6	20131	30	QQC	0	0	323
3968	CRE1141	7T7	20131	40	QQC	0	0	343
3969	CRE1141	7T8	20131	45	QQC	0	0	335
3970	CRE1141	7T9	20131	30	QQC	0	0	343
3971	CRE1141	7TA	20131	40	QQC	0	0	336
3972	CRE1141	7TB	20131	45	QQC	0	0	340
3973	CRE1141	7TC	20131	40	QQC	0	0	334
3974	CRE1141	7TD	20131	40	QQC	0	0	340
3975	CRE1141	7TF	20131	40	QQC	0	0	336
3976	CRE1141	7TG	20131	30	QQC	0	0	336
3977	CRE1141	7TH	20131	30	QQC	0	0	340
3978	CRE1141	7TI	20131	40	QQC	0	0	326
3979	CRE1141	7TJ	20131	30	QQC	0	0	337
3980	CRE1141	7TK	20131	45	QQC	0	0	337
3981	CRE1141	7TL	20131	45	QQC	0	0	337
3982	CRE1141	7TM	20131	45	QQC	0	0	331
3983	CRE1141	7TN	20131	30	QQC	0	0	331
3984	CRE1141	7TO	20131	40	QQC	0	0	329
3985	CRE1141	7TP	20131	45	QQC	0	0	323
3986	CRE1141	7TQ	20131	40	QQC	0	0	336
3987	CRE1141	7TR	20131	40	QQC	0	0	323
3988	CRE1141	7TS	20131	30	QQC	0	0	337
3989	CRE1141	7TT	20131	40	QQC	0	0	118
3990	CRE1141	7TU	20131	45	QQC	0	0	337
3991	CRE1141	7TV	20131	40	QQC	0	0	337
3992	CRE1141	7TW	20131	45	QQC	0	0	337
3993	CRE1141	7TX	20131	45	QQC	0	0	337
3994	CRE1158	7TA	20131	18	CDI	0	0	335
3995	CRE1158	7TB	20131	18	CDI	0	0	335
3996	CRE1158	7TC	20131	25	CDI	0	0	335
3997	CRE1158	7TD	20131	25	CDI	0	0	321
3998	CRE1161	7TA	20131	30	CPS	0	0	321
3999	CRE1161	7TB	20131	40	CPS	0	0	321
4000	CRE1162	7TA	20131	30	CSS	0	0	344
4001	CRE1163	7TA	20131	30	CCM	0	0	324
4002	CRE1163	7TB	20131	30	CCM	0	0	324
4003	CRE1163	7TC	20131	30	CCM	0	0	345
4004	CRE1163	7TD	20131	30	CCM	0	0	345
4005	CRE1163	7TE	20131	30	CCM	0	0	345
4006	CRE1163	7TF	20131	30	CCM	0	0	345
4007	CRE1163	7TG	20131	30	CCM	0	0	345
4008	CRE1163	7TH	20131	30	CCM	0	0	345
4009	CRE1164	7TA	20131	5	CDN	0	0	346
4010	CRE1164	7TB	20131	5	CDN	0	0	346
4011	CRE1164	7TC	20131	5	CDN	0	0	346
4012	CRE1164	7TD	20131	40	CDN	0	0	346
4013	CRE1167	7TA	20131	10	CEC	0	0	347
4014	CRE1167	7TB	20131	10	CEC	0	0	347
4015	CRE1167	7TC	20131	20	CEC	0	0	347
4016	CRE1167	7TD	20131	25	CEC	0	0	347
4017	CRE1167	7TE	20131	13	CEC	0	0	348
4018	CRE1168	7TA	20131	3	CSC	0	0	349
4019	CRE1168	7TB	20131	2	CSC	0	0	349
4020	CRE1168	7TC	20131	3	CSC	0	0	349
4021	CRE1171	7TA	20131	40	CEG	0	0	350
4022	CRE1171	7TB	20131	40	CEG	0	0	350
4023	CRE1171	7TC	20131	45	CEG	0	0	350
4024	CRE1171	7TD	20131	40	CEG	0	0	350
4025	CRE1171	7TE	20131	40	CEG	0	0	350
4026	CRE1172	7TA	20131	16	CSI	0	0	348
4027	CRE1172	7TB	20131	16	CSI	0	0	348
4028	CRE1173	7TA	20131	45	RIT	0	0	333
4029	CRE1173	7TB	20131	45	RIT	0	0	333
4030	DSG1002	1AA	20131	18	CDI	0	0	356
4031	DSG1002	1AB	20131	18	CDI	0	0	357
4032	DSG1002	1AC	20131	17	CDI	0	0	163
4033	DSG1002	1AD	20131	18	CDI	0	0	164
4034	DSG1002	1AE	20131	18	CDI	0	0	358
4035	DSG1002	1AF	20131	18	CDI	0	0	359
4036	DSG1002	1AG	20131	18	CDI	0	0	360
4037	DSG1002	1AH	20131	18	CDI	0	0	361
4038	DSG1003	1AE	20131	23	BCV	0	0	365
4039	DSG1003	1AG	20131	22	BCV	0	0	367
4040	DSG1003	1AA	20131	18	BPP	0	0	140
4041	DSG1003	1AD	20131	18	BPP	0	0	364
4042	DSG1003	1AF	20131	21	DIG	0	0	366
4043	DSG1003	1AH	20131	20	DIG	0	0	368
4044	DSG1003	1AB	20131	11	MOD	0	0	362
4045	DSG1003	1AC	20131	10	MOD	0	0	363
4046	DSG1004	1AA	20131	20	CDI	0	0	357
4047	DSG1004	1AB	20131	20	CDI	0	0	369
4048	DSG1004	1AC	20131	20	CDI	0	0	370
4049	DSG1004	1AD	20131	20	CDI	0	0	371
4050	DSG1004	1AE	20131	20	CDI	0	0	372
4051	DSG1004	1AF	20131	20	CDI	0	0	373
4052	DSG1004	1AG	20131	20	CDI	0	0	374
4053	DSG1004	1AH	20131	20	CDI	0	0	361
4054	DSG1005	1AA	20131	19	CDI	0	0	375
4055	DSG1005	1AB	20131	19	CDI	0	0	376
4056	DSG1005	1AC	20131	20	CDI	0	0	379
4057	DSG1005	1AD	20131	20	CDI	0	0	359
4058	DSG1005	1AE	20131	19	CDI	0	0	142
4059	DSG1005	1AF	20131	19	CDI	0	0	377
4060	DSG1006	1AA	20131	19	CDI	0	0	356
4061	DSG1006	1AB	20131	19	CDI	0	0	380
4062	DSG1006	1AC	20131	20	CDI	0	0	381
4063	DSG1006	1AD	20131	20	CDI	0	0	118
4064	DSG1006	1AE	20131	20	CDI	0	0	161
4065	DSG1006	1AF	20131	20	CDI	0	0	362
4066	DSG1030	1AA	20131	12	BCV	0	0	165
4067	DSG1030	1AB	20131	12	BCV	0	0	358
4068	DSG1030	1AC	20131	12	BCV	0	0	383
4069	DSG1030	1AD	20131	12	BCV	0	0	139
4070	DSG1030	1AE	20131	12	BCV	0	0	1207
4071	DSG1031	1AA	20131	15	BCV	0	0	370
4072	DSG1031	1AB	20131	15	BCV	0	0	139
4073	DSG1031	1AC	20131	15	BCV	0	0	161
4074	DSG1031	1AD	20131	15	BCV	0	0	384
4075	DSG1032	1AA	20131	15	BCV	0	0	375
4076	DSG1032	1AB	20131	15	BCV	0	0	398
4077	DSG1032	1AC	20131	15	BCV	0	0	385
4078	DSG1041	1AA	20131	15	DIG	0	0	368
4079	DSG1041	1AB	20131	15	DIG	0	0	386
4080	DSG1041	1AC	20131	15	DIG	0	0	372
4081	DSG1041	1AD	20131	15	DIG	0	0	376
4082	DSG1042	1AA	20131	17	DIG	0	0	376
4083	DSG1042	1AB	20131	17	DIG	0	0	366
4084	DSG1051	1AA	20131	12	MOD	0	0	387
4085	DSG1051	1AB	20131	12	MOD	0	0	379
4086	DSG1052	1AA	20131	15	MOD	0	0	388
4087	DSG1052	1AB	20131	15	MOD	0	0	387
4088	DSG1061	1AA	20131	15	BPP	0	0	389
4089	DSG1061	1AB	20131	15	BPP	0	0	380
4090	DSG1061	1AC	20131	15	BPP	0	0	364
4091	DSG1062	1AA	20131	15	BPP	0	0	389
4092	DSG1062	1AB	20131	15	BPP	0	0	140
4093	DSG1102	1AA	20131	32	CDI	0	0	363
4094	DSG1102	1AB	20131	35	CDI	0	0	363
4095	DSG1102	1AC	20131	30	CDI	0	0	391
4096	DSG1102	1AD	20131	35	CDI	0	0	391
4097	DSG1103	1AB	20131	5	CDI	0	0	165
4098	DSG1103	1AD	20131	3	CDI	0	0	139
4099	DSG1103	1AC	20131	15	DIG	0	0	392
4100	DSG1103	1AE	20131	15	DIG	0	0	358
4101	DSG1103	1AA	20131	25	MOD	0	0	392
4102	DSG1104	1AA	20131	15	MOD	0	0	393
4103	DSG1104	1AB	20131	15	MOD	0	0	393
4104	DSG1105	1AB	20131	15	BPP	0	0	359
4107	DSG1105	1AA	20131	15	DIG	0	0	394
4106	DSG1105	1AD	20131	20	DIG	0	0	394
4105	DSG1105	1AC	20131	30	MOD	0	0	388
4113	DSG1111	1AE	20131	20	CDI	0	0	135
4111	DSG1111	1AF	20131	2	CDI	0	0	135
4108	DSG1111	1AB	20131	10	DIG	0	0	135
4109	DSG1111	1AD	20131	12	DIG	0	0	357
4110	DSG1111	1AA	20131	12	MOD	0	0	118
4112	DSG1111	1AC	20131	25	MOD	0	0	135
4114	DSG1112	1AA	20131	5	BPP	0	0	134
4116	DSG1112	1AB	20131	20	BPP	0	0	134
4119	DSG1112	1AF	20131	20	CDI	0	0	357
4115	DSG1112	1AG	20131	10	CDI	0	0	118
4118	DSG1112	1AD	20131	21	DIG	0	0	135
4117	DSG1112	1AE	20131	20	DIG	0	0	118
4120	DSG1112	1AC	20131	21	MOD	0	0	135
4123	DSG1131	1AD	20131	22	BPP	0	0	397
4121	DSG1131	1AA	20131	2	CDI	0	0	395
4122	DSG1131	1AC	20131	2	CDI	0	0	392
4124	DSG1131	1AE	20131	12	DIG	0	0	356
4125	DSG1131	1AF	20131	25	DIG	0	0	397
4126	DSG1131	1AB	20131	22	MOD	0	0	396
4127	DSG1132	1AA	20131	40	CDI	0	0	398
4128	DSG1132	1AB	20131	30	CDI	0	0	399
4129	DSG1132	1AC	20131	35	CDI	0	0	399
4131	DSG1141	1AB	20131	2	CDI	0	0	400
4132	DSG1141	1AC	20131	2	CDI	0	0	376
4130	DSG1141	1AA	20131	1	QQC	0	0	400
4133	DSG1141	1AD	20131	1	QQC	0	0	359
4134	DSG1142	1AA	20131	22	BCV	0	0	401
4136	DSG1142	1AF	20131	22	BPP	0	0	402
4138	DSG1142	1AC	20131	11	DIG	0	0	400
4139	DSG1142	1AD	20131	15	DIG	0	0	401
4135	DSG1142	1AB	20131	6	MOD	0	0	381
4140	DSG1142	1AE	20131	22	MOD	0	0	401
4137	DSG1142	1AG	20131	9	MOD	0	0	401
4141	DSG1143	1AA	20131	8	BPP	0	0	372
4144	DSG1143	1AC	20131	4	CDI	0	0	404
4142	DSG1143	1AB	20131	13	DIG	0	0	403
4145	DSG1143	1AD	20131	22	DIG	0	0	366
4146	DSG1143	1AE	20131	22	MOD	0	0	404
4143	DSG1143	1AF	20131	3	MOD	0	0	403
4147	DSG1144	1AB	20131	22	BCV	0	0	400
4148	DSG1144	1AD	20131	22	BCV	0	0	405
4149	DSG1144	1AA	20131	22	BPP	0	0	405
4150	DSG1144	1AF	20131	9	CDI	0	0	403
4152	DSG1144	1AC	20131	22	DIG	0	0	403
4151	DSG1144	1AG	20131	20	DIG	0	0	405
4153	DSG1144	1AE	20131	22	MOD	0	0	406
4154	DSG1145	1AA	20131	22	BPP	0	0	407
4156	DSG1151	1AF	20131	10	BPP	0	0	357
4155	DSG1151	1AA	20131	5	CDI	0	0	387
4158	DSG1151	1AE	20131	15	CDI	0	0	408
4159	DSG1151	1AB	20131	21	DIG	0	0	408
4157	DSG1151	1AC	20131	20	DIG	0	0	160
4160	DSG1151	1AD	20131	21	MOD	0	0	387
4161	DSG1161	1AB	20131	35	BCV	0	0	365
4162	DSG1161	1AD	20131	5	CDI	0	0	369
4164	DSG1161	1AC	20131	32	DIG	0	0	409
4163	DSG1161	1AA	20131	25	MOD	0	0	379
4165	DSG1302	1AA	20131	3	CDI	0	0	383
4166	DSG1302	1AB	20131	3	CDI	0	0	383
4167	DSG1303	1AA	20131	22	BCV	0	0	375
4168	DSG1303	1AB	20131	22	BCV	0	0	377
4169	DSG1303	1AC	20131	25	CDI	0	0	365
4170	DSG1304	1AA	20131	2	CDI	0	0	410
4171	DSG1304	1AB	20131	2	CDI	0	0	134
4172	DSG1305	1AA	20131	4	CDI	0	0	385
4173	DSG1305	1AB	20131	4	CDI	0	0	356
4174	DSG1311	1AA	20131	5	CDI	0	0	411
4175	DSG1311	1AB	20131	5	CDI	0	0	396
4176	DSG1312	1AA	20131	3	CDI	0	0	373
4177	DSG1312	1AB	20131	3	CDI	0	0	384
4178	DSG1321	1AA	20131	22	BCV	0	0	161
4179	DSG1321	1AB	20131	23	BCV	0	0	139
4180	DSG1322	1AA	20131	20	BCV	0	0	412
4181	DSG1322	1AB	20131	20	BCV	0	0	412
4182	DSG1323	1AA	20131	35	BCV	0	0	360
4183	DSG1323	1AB	20131	20	BCV	0	0	1208
4184	DSG1331	1AA	20131	6	CDI	0	0	413
4185	DSG1331	1AB	20131	6	CDI	0	0	413
4186	DSG1331	1AC	20131	6	CDI	0	0	399
4187	DSG1332	1AA	20131	25	BCV	0	0	147
4188	DSG1332	1AB	20131	22	BCV	0	0	414
4189	DSG1332	1AC	20131	25	BCV	0	0	414
4190	DSG1334	1AA	20131	5	CDI	0	0	415
4191	DSG1335	1AA	20131	5	CDI	0	0	383
4192	DSG1336	1AA	20131	20	CDI	0	0	154
4193	DSG1336	1AB	20131	20	CDI	0	0	154
4194	DSG1336	1AC	20131	20	CDI	0	0	154
4195	DSG1337	1AA	20131	5	CDI	0	0	416
4196	DSG1402	1AA	20131	5	QQC	0	0	394
4197	DSG1403	1AA	20131	3	QQC	0	0	410
4198	DSG1403	1AB	20131	4	QQC	0	0	135
4199	DSG1411	1AA	20131	15	DIG	0	0	366
4200	DSG1411	1AB	20131	15	DIG	0	0	394
4201	DSG1412	1AA	20131	35	DIG	0	0	366
4202	DSG1413	1AA	20131	20	DIG	0	0	406
4203	DSG1413	1AB	20131	20	DIG	0	0	406
4204	DSG1415	1AA	20131	20	CDI	0	0	418
4205	DSG1417	1AA	20131	30	DIG	0	0	359
4206	DSG1421	1AA	20131	22	DIG	0	0	419
4207	DSG1422	1AA	20131	20	DIG	0	0	420
4208	DSG1422	1AB	20131	20	DIG	0	0	403
4209	DSG1423	1AA	20131	25	CDI	0	0	419
4210	DSG1424	1AA	20131	20	DIG	0	0	368
4211	DSG1431	1AA	20131	4	QQC	0	0	386
4212	DSG1432	1AA	20131	2	QQC	0	0	405
4213	DSG1433	1AA	20131	22	DIG	0	0	381
4214	DSG1441	1AA	20131	35	DIG	0	0	376
4215	DSG1502	1AA	20131	25	MOD	0	0	421
4216	DSG1503	1AA	20131	15	MOD	0	0	422
4217	DSG1503	1AB	20131	15	MOD	0	0	422
4218	DSG1504	1AA	20131	34	MOD	0	0	423
4219	DSG1511	1AA	20131	18	MOD	0	0	424
4220	DSG1511	1AB	20131	18	MOD	0	0	424
4221	DSG1512	1AA	20131	15	MOD	0	0	425
4222	DSG1512	1AB	20131	15	MOD	0	0	425
4223	DSG1513	1AA	20131	34	MOD	0	0	423
4224	DSG1515	1AA	20131	15	MOD	0	0	425
4225	DSG1515	1AB	20131	15	MOD	0	0	425
4226	DSG1516	1AA	20131	22	MOD	0	0	426
4227	DSG1517	1AA	20131	25	MOD	0	0	387
4228	DSG1518	1AA	20131	25	MOD	0	0	421
4229	DSG1519	1AA	20131	20	MOD	0	0	425
4230	DSG1531	1AB	20131	10	CDI	0	0	393
4231	DSG1531	1AA	20131	22	MOD	0	0	393
4232	DSG1532	1AA	20131	22	MOD	0	0	427
4233	DSG1533	1AA	20131	23	CDI	0	0	427
4234	DSG1534	1AA	20131	25	MOD	0	0	393
4235	DSG1535	1AA	20131	25	MOD	0	0	150
4236	DSG1536	1AA	20131	25	MOD	0	0	150
4237	DSG1537	1AA	20131	20	MOD	0	0	422
4238	DSG1538	1AA	20131	30	CDI	0	0	393
4239	DSG1551	1AA	20131	27	MOD	0	0	363
4240	DSG1553	1AA	20131	20	CDI	0	0	363
4241	DSG1554	1AA	20131	20	CDI	0	0	363
4242	DSG1559	1AA	20131	25	CDI	0	0	371
4243	DSG1602	1AA	20131	5	CDI	0	0	364
4244	DSG1603	1AA	20131	2	CDI	0	0	369
4245	DSG1603	1AB	20131	2	CDI	0	0	428
4246	DSG1604	1AA	20131	2	CDI	0	0	134
4247	DSG1605	1AA	20131	4	CDI	0	0	429
4248	DSG1611	1AA	20131	2	CDI	0	0	430
4249	DSG1611	1AB	20131	2	CDI	0	0	431
4251	DSG1612	1AB	20131	5	CCI	0	0	118
4250	DSG1612	1AA	20131	3	CDI	0	0	432
4252	DSG1613	1AA	20131	20	BPP	0	0	430
4253	DSG1613	1AB	20131	20	BPP	0	0	430
4254	DSG1621	1AA	20131	32	BPP	0	0	433
4255	DSG1622	1AA	20131	3	CDI	0	0	142
4256	DSG1623	1AA	20131	2	CDI	0	0	142
4257	DSG1631	1AA	20131	32	BPP	0	0	433
4258	DSG1632	1AA	20131	25	BPP	0	0	434
4259	DSG1633	1AA	20131	32	BPP	0	0	434
4260	DSG1634	1AA	20131	5	CDI	0	0	435
4262	DSG1635	1AA	20131	30	CDI	0	0	131
4261	DSG1635	1AB	20131	30	CDI	0	0	131
4263	DSG1636	1AA	20131	35	BPP	0	0	434
4264	DSG1637	1AA	20131	1	CDI	0	0	432
4265	DSG1700	1AA	20131	20	CDI	0	2	165
4266	DSG1701	1AA	20131	20	CDI	0	2	165
4267	DSG1750	1AA	20131	22	DIG	0	0	420
4268	DSG1750	1AB	20131	22	DIG	0	0	403
4269	DSG1752	1AA	20131	20	CDI	0	0	148
4270	DSG1753	1AA	20131	5	CDI	0	0	437
4271	DSG1782	1AA	20131	14	CDI	0	0	144
4272	DSG1784	1AA	20131	20	QQC	0	0	438
4273	DSG1785	1AA	20131	20	CDI	0	0	409
4274	DSG1787	1AA	20131	20	CDI	0	0	420
4275	DSG1788	1AA	20131	15	QQC	0	0	351
4276	DSG1788	1AB	20131	15	QQC	0	0	141
4277	ECO1101	2GC	20131	40	ADM	0	0	118
4278	ECO1101	2GD	20131	5	QQC	0	0	118
4279	ECO1101	2GE	20131	5	QQC	0	0	118
4280	ECO1101	2NA	20131	15	QQC	0	0	118
4281	ECO1101	24A	20131	45	RIT	0	0	439
4282	ECO1101	24B	20131	45	RIT	0	0	439
4283	ECO1102	24A	20131	60	RIT	0	0	439
4284	ECO1103	28A	20131	35	ARQ	0	0	245
4285	ECO1103	28B	20131	2	CCI	0	0	443
4286	ECO1106	2JA	20131	35	BCE	0	0	444
4287	ECO1107	2KA	20131	5	QQC	0	0	118
4288	ECO1109	2JA	20131	5	BCE	0	0	445
4289	ECO1109	2JB	20131	5	QQC	0	0	118
4290	ECO1109	2JC	20131	3	QQC	0	0	118
4291	ECO1110	2JA	20131	5	QQC	0	0	478
4292	ECO1110	2JB	20131	5	QQC	0	0	118
4293	ECO1110	2JC	20131	5	QQC	0	0	118
4294	ECO1113	2JA	20131	45	BCE	0	0	446
4295	ECO1115	2HA	20131	50	CDD	0	0	118
4296	ECO1115	2HB	20131	50	CDD	0	0	118
4297	ECO1115	2HX	20131	50	CDN	0	0	118
4298	ECO1119	2JA	20131	45	BCE	0	0	118
4299	ECO1121	2JA	20131	35	BCE	0	0	449
4300	ECO1122	2JA	20131	35	BCE	0	0	450
4301	ECO1130	2JA	20131	35	BCE	0	0	1209
4302	ECO1203	2JA	20131	15	BCE	0	0	451
4303	ECO1208	2JA	20131	15	BCE	0	0	452
4304	ECO1211	2JA	20131	40	BCE	0	0	453
4305	ECO1211	2JB	20131	3	QQC	0	0	118
4306	ECO1212	2JA	20131	5	BCE	0	0	118
4307	ECO1213	2JA	20131	2	CCI	0	0	446
4308	ECO1214	2JA	20131	20	BCE	0	0	454
4309	ECO1214	2JB	20131	30	BCE	0	0	456
4310	ECO1215	2JA	20131	20	BCE	0	0	456
4311	ECO1215	2JB	20131	30	BCE	0	0	454
4312	ECO1216	2JA	20131	2	CCI	0	0	458
4313	ECO1217	2JA	20131	40	BCE	0	0	459
4314	ECO1217	2JB	20131	2	CCI	0	0	466
4316	ECO1218	2JB	20131	35	BCE	0	0	118
4315	ECO1218	2JA	20131	5	QQC	0	0	460
4317	ECO1219	2JA	20131	35	BCE	0	0	118
4318	ECO1219	2JB	20131	2	CCI	0	0	118
4319	ECO1220	2JA	20131	40	BCE	0	0	463
4320	ECO1220	2JB	20131	40	BCE	0	0	118
4321	ECO1221	2JA	20131	25	QQC	0	0	464
4322	ECO1222	2JA	20131	40	BCE	0	0	118
4323	ECO1304	2JA	20131	30	BCE	0	0	472
4324	ECO1308	2JA	20131	15	BCE	0	0	452
4325	ECO1308	2JB	20131	40	BCE	0	0	118
4326	ECO1316	2JA	20131	30	BCE	0	0	458
4327	ECO1316	2JB	20131	2	CCI	0	0	118
4328	ECO1322	2JA	20131	30	BCE	0	0	479
4329	ECO1322	2JB	20131	5	QQC	0	0	118
4330	ECO1403	2JA	20131	35	BCE	0	0	468
4331	ECO1403	2JB	20131	20	BCE	0	0	451
4333	ECO1404	2JB	20131	35	BCE	0	0	470
4332	ECO1404	2JA	20131	2	CCI	0	0	469
4334	ECO1406	2JA	20131	40	BCE	0	0	479
4335	ECO1407	2JA	20131	15	BCE	0	0	472
4336	ECO1410	2MA	20131	35	CSS	0	0	118
4337	ECO1410	24A	20131	60	RIT	0	0	118
4339	ECO1411	2GB	20131	45	ADM	0	0	118
4340	ECO1411	2GC	20131	45	ADM	0	0	118
4338	ECO1411	2GA	20131	5	QQC	0	0	118
4341	ECO1411	2GD	20131	5	QQC	0	0	118
4342	ECO1506	2JA	20131	2	CCI	0	2	118
4343	ECO1508	2JA	20131	15	BCE	0	0	472
4344	ECO1652	2JA	20131	30	BCE	0	2	457
4345	ECO1660	2JA	20131	5	QQC	0	0	890
4346	ECO1663	2JA	20131	35	BCE	0	2	466
4347	ECO1667	2JA	20131	25	BCE	0	2	1210
4348	ECO1673	2JA	20131	35	BCE	0	2	1211
4349	ECO1675	2JA	20131	10	QQC	0	2	1212
4350	ECO1676	2JA	20131	35	BCE	0	2	1213
4351	ECO1704	2JA	20131	20	BCE	0	0	480
4352	ECO1705	2JA	20131	40	BCE	0	0	118
4353	ECO1705	2JB	20131	10	BCE	0	0	118
4354	ECO1721	2JA	20131	50	BCE	0	0	482
4355	ECO1722	2JA	20131	3	CCI	0	0	482
4356	ECO1800	2JA	20131	35	BCE	0	0	118
4357	ECO1800	2JC	20131	45	BCE	0	0	484
4358	ECO1801	2JA	20131	35	BCE	0	0	118
4359	ECO1804	2JA	20131	25	BCE	0	0	480
4360	ECO1810	2JA	20131	40	BCE	0	16	479
4361	ECO1811	2JA	20131	40	BCE	0	8	479
4362	ECO1812	2JA	20131	40	BCE	0	8	479
4363	EDU1445	1BA	20131	8	QQC	0	0	495
4364	EDU1446	1BA	20131	18	QQC	0	0	488
4365	EDU1446	1BB	20131	20	QQC	0	0	118
4366	EDU1447	1BA	20131	5	QQC	0	0	490
4367	EDU1733	1BA	20131	5	QQC	0	0	497
4368	EDU1734	1BA	20131	5	QQC	0	0	1214
4369	EDU1760	1BA	20131	5	CPD	0	0	479
4370	EDU1760	1BB	20131	10	QQC	0	0	118
4371	EDU1762	1BA	20131	5	QQC	0	0	494
4372	EDU1765	1BA	20131	5	QQC	0	0	488
4373	EDU1766	1BA	20131	5	QQC	0	0	499
4374	EDU1769	1BA	20131	10	QQC	0	0	486
4375	EDU1770	1BA	20131	5	QQC	0	0	493
4376	EDU1772	1BA	20131	5	QQC	0	0	496
4377	EDU1774	1BA	20131	5	QQC	0	0	496
4378	EDU1775	1BA	20131	5	QQC	0	0	498
4379	EDU1776	1BA	20131	30	QQC	0	0	497
4380	EDU1777	1BA	20131	5	QQC	0	0	486
4381	EDU1778	1BA	20131	10	CPD	0	0	489
4382	EDU1780	1BA	20131	5	QQC	0	0	479
4383	EDU1782	1BA	20131	5	QQC	0	0	500
4384	EDU1784	1BA	20131	5	QQC	0	0	501
4385	EDU1785	1BA	20131	5	QQC	0	0	1215
4386	EDU1788	1BA	20131	12	CPD	4	0	500
4387	EDU1789	1BA	20131	12	CPD	4	0	501
4388	EDU1790	1BA	20131	12	CPD	4	0	496
4389	EDU1791	1BA	20131	12	CPD	4	0	502
4390	EDU1792	1BA	20131	5	QQC	0	0	492
4391	EDU1794	1BA	20131	5	QQC	0	0	118
4392	ELE1005	3VA	20131	20	QQC	0	4	503
4393	EMP1000	80A	20131	16	QQC	0	4	505
4394	EMP1000	80B	20131	16	QQC	0	4	504
4395	EMP1000	80C	20131	16	QQC	0	4	69
4396	EMP1005	80A	20131	40	QQC	0	0	506
4397	EMP1005	80B	20131	40	QQC	0	0	506
4398	EMP1006	80A	20131	38	QQC	0	0	479
4399	EMP1008	80A	20131	40	QQC	0	0	507
4400	EMP1008	80B	20131	40	QQC	0	0	507
4401	EMP1008	80C	20131	38	QQC	0	0	507
4402	EMP1009	80A	20131	40	QQC	0	0	1216
4403	EMP1010	80A	20131	38	QQC	0	0	508
4404	EMP1011	80A	20131	40	QQC	0	0	508
4405	EMP1012	80A	20131	40	QQC	0	0	509
4406	EMP1014	80A	20131	38	QQC	0	0	510
4407	EMP1032	80A	20131	40	QQC	0	0	505
4408	EMP1102	80A	20131	50	QQC	0	4	660
4409	EMP1103	80A	20131	40	QQC	0	0	511
4410	EMP1106	80A	20131	40	QQC	0	0	852
4411	EMP1107	80A	20131	40	QQC	0	0	512
4413	EMP1200	8AC	20131	5	CDI	0	0	513
4412	EMP1200	8AA	20131	15	DIG	0	0	162
4414	EMP1200	8AB	20131	15	DIG	0	0	513
4415	EMP1200	8AD	20131	30	MOD	0	0	162
4416	ENG1000	338	20131	20	QQC	0	0	118
4417	ENG1000	339	20131	20	QQC	0	0	118
4418	ENG1003	33A	20131	40	QQC	0	0	523
4419	ENG1003	33B	20131	40	QQC	0	0	523
4420	ENG1003	33C	20131	40	QQC	0	0	524
4421	ENG1003	33D	20131	40	QQC	0	0	523
4422	ENG1003	33	20131	40	QQC	0	0	523
4423	ENG1003	33F	20131	40	QQC	0	0	523
4424	ENG1003	33G	20131	40	QQC	0	0	523
4425	ENG1003	33H	20131	40	QQC	0	0	523
4426	ENG1003	33I	20131	40	QQC	0	0	524
4427	ENG1003	33J	20131	40	QQC	0	0	523
4428	ENG1004	33A	20131	40	QQC	0	0	523
4429	ENG1004	33B	20131	40	QQC	0	0	524
4430	ENG1004	33C	20131	40	QQC	0	0	523
4431	ENG1004	33D	20131	40	QQC	0	0	524
4432	ENG1007	3VA	20131	60	QQC	0	0	525
4433	ENG1007	3VB	20131	60	QQC	0	0	525
4434	ENG1007	3VC	20131	45	QQC	0	0	526
4435	ENG1007	3VD	20131	45	QQC	0	0	526
4437	ENG1011	3VA	20131	50	QQC	0	0	527
4438	ENG1011	3VB	20131	50	QQC	0	0	527
4436	ENG1011	3VC	20131	48	QQC	0	0	528
4439	ENG1012	3VA	20131	50	QQC	0	0	528
4440	ENG1015	33A	20131	40	QQC	0	0	529
4441	ENG1015	33B	20131	40	QQC	0	0	530
4442	ENG1015	33C	20131	40	QQC	0	0	531
4443	ENG1015	33D	20131	40	QQC	0	0	532
4444	ENG1015	33	20131	40	QQC	0	0	533
4445	ENG1015	33F	20131	40	QQC	0	0	531
4446	ENG1015	33G	20131	40	QQC	0	0	532
4447	ENG1016	3VA	20131	30	QQC	0	1	534
4448	ENG1018	3VA	20131	59	QQC	0	0	535
4449	ENG1018	3VB	20131	59	QQC	0	0	535
4450	ENG1018	3VC	20131	59	QQC	0	0	535
4451	ENG1019	3VA	20131	17	QQC	0	0	535
4452	ENG1019	3VB	20131	17	QQC	0	0	535
4453	ENG1019	3VC	20131	17	QQC	0	0	535
4454	ENG1019	3VD	20131	18	QQC	0	0	535
4455	ENG1019	3VE	20131	18	QQC	0	0	535
4456	ENG1019	3VF	20131	18	QQC	0	0	535
4457	ENG1019	3VG	20131	18	QQC	0	0	535
4458	ENG1019	3VH	20131	18	QQC	0	0	535
4459	ENG1019	3VI	20131	18	QQC	0	0	535
4460	ENG1019	3VJ	20131	18	QQC	0	0	535
4464	ENG1021	3VC	20131	30	CEG	0	0	536
4465	ENG1021	3VE	20131	30	CEG	0	0	536
4461	ENG1021	3VA	20131	2	QQC	0	0	536
4462	ENG1021	3VB	20131	2	QQC	0	0	536
4463	ENG1021	3VD	20131	2	QQC	0	0	509
4468	ENG1023	3VA	20131	40	CEG	0	0	537
4466	ENG1023	3VB	20131	39	CEG	0	0	509
4467	ENG1023	3VC	20131	39	CEG	0	0	509
4469	ENG1025	3VA	20131	57	QQC	0	0	538
4470	ENG1025	3VB	20131	56	QQC	0	0	539
4471	ENG1025	3VC	20131	60	QQC	0	0	539
4472	ENG1025	3VD	20131	30	QQC	0	0	533
4473	ENG1027	3VA	20131	30	QQC	0	0	540
4474	ENG1028	3VA	20131	45	QQC	0	0	541
4476	ENG1029	3VA	20131	50	QQC	0	0	542
4475	ENG1029	3VB	20131	48	QQC	0	0	479
4477	ENG1030	3VA	20131	50	QQC	0	0	544
4479	ENG1031	3VA	20131	10	QQC	0	0	545
4480	ENG1031	3VB	20131	10	QQC	0	0	545
4481	ENG1031	3VC	20131	10	QQC	0	0	545
4482	ENG1031	3VD	20131	10	QQC	0	0	545
4483	ENG1031	3VE	20131	10	QQC	0	0	545
4478	ENG1031	3VF	20131	9	QQC	0	0	545
4484	ENG1032	3VA	20131	37	QQC	0	0	546
4485	ENG1101	3VA	20131	20	QQC	0	1	547
4486	ENG1102	3VA	20131	20	QQC	0	2	547
4487	ENG1103	3VA	20131	20	QQC	0	3	547
4488	ENG1104	3VA	20131	20	QQC	0	4	547
4489	ENG1110	3VA	20131	48	QQC	0	0	564
4490	ENG1111	3VA	20131	48	QQC	0	0	564
4491	ENG1112	3VA	20131	30	QQC	0	0	1112
4492	ENG1122	3VA	20131	48	QQC	0	0	564
4493	ENG1130	3VA	20131	30	QQC	0	6	83
4494	ENG1131	3VA	20131	28	QQC	0	6	174
4495	ENG1132	3VA	20131	30	QQC	0	3	548
4496	ENG1133	3VA	20131	30	QQC	0	3	548
4497	ENG1134	3VA	20131	30	QQC	0	6	503
4498	ENG1135	3VA	20131	30	QQC	0	6	503
4499	ENG1137	3VA	20131	7	QQC	0	6	549
4500	ENG1138	3VA	20131	30	QQC	0	6	547
4501	ENG1139	3VA	20131	30	QQC	0	3	550
4502	ENG1140	3VA	20131	120	BPD	0	6	551
4503	ENG1141	3VA	20131	30	QQC	0	3	561
4504	ENG1142	3VA	20131	30	QQC	0	3	561
4505	ENG1143	3VA	20131	30	QQC	0	3	550
4506	ENG1144	3VA	20131	30	QQC	0	6	564
4507	ENG1150	3VA	20131	30	QQC	0	11	83
4508	ENG1151	3VA	20131	30	QQC	0	11	562
4509	ENG1153	3VA	20131	30	QQC	0	11	563
4510	ENG1154	3VA	20131	30	QQC	0	11	503
4511	ENG1155	3VA	20131	30	QQC	0	11	503
4512	ENG1157	3VA	20131	10	QQC	0	11	549
4513	ENG1158	3VA	20131	30	QQC	0	11	547
4514	ENG1159	3VA	20131	30	QQC	0	11	550
4515	ENG1160	3VA	20131	100	BPD	0	11	551
4516	ENG1161	3VA	20131	30	QQC	0	11	561
4517	ENG1162	3VA	20131	30	QQC	0	11	564
4518	ENG1200	3VA	20131	50	QQC	0	0	565
4519	ENG1200	3VB	20131	50	QQC	0	0	175
4520	ENG1201	3VA	20131	49	QQC	0	1	174
4521	ENG1201	3VB	20131	50	QQC	0	1	174
4522	ENG1202	3VA	20131	19	QQC	0	1	118
4523	ENG1202	3VB	20131	20	QQC	0	1	118
4524	ENG1202	3VC	20131	20	QQC	0	1	118
4525	ENG1202	3VD	20131	20	QQC	0	1	118
4526	ENG1202	3VE	20131	20	QQC	0	1	118
4527	ENG1203	3VA	20131	60	QQC	0	0	562
4528	ENG1204	3VA	20131	45	QQC	0	0	567
4529	ENG1205	3VA	20131	60	QQC	0	0	568
4530	ENG1206	3VA	20131	30	QQC	0	0	569
4531	ENG1207	3VA	20131	43	QQC	0	1	182
4532	ENG1208	3VA	20131	20	QQC	0	0	180
4533	ENG1208	3VB	20131	20	QQC	0	0	180
4534	ENG1208	3VC	20131	20	QQC	0	0	180
4535	ENG1208	3VD	20131	20	QQC	0	0	180
4536	ENG1209	3VA	20131	45	QQC	0	0	570
4537	ENG1210	3VA	20131	15	QQC	0	0	183
4538	ENG1210	3VB	20131	15	QQC	0	0	183
4539	ENG1210	3VC	20131	15	QQC	0	0	183
4540	ENG1211	3VA	20131	40	QQC	0	0	83
4541	ENG1212	3VA	20131	20	QQC	0	0	174
4542	ENG1212	3VB	20131	20	QQC	0	0	174
4543	ENG1213	3VA	20131	20	QQC	0	0	571
4544	ENG1213	3VB	20131	20	QQC	0	0	571
4545	ENG1215	3VA	20131	28	QQC	0	0	176
4546	ENG1216	3VA	20131	38	QQC	0	0	182
4547	ENG1218	3VA	20131	26	QQC	0	0	572
4548	ENG1220	3VA	20131	25	QQC	0	0	573
4549	ENG1222	3VA	20131	30	QQC	0	0	183
4550	ENG1223	3VA	20131	26	QQC	0	0	181
4551	ENG1224	3VA	20131	30	QQC	0	0	576
4552	ENG1225	3VA	20131	30	QQC	0	1	1217
4553	ENG1226	38A	20131	35	ARQ	0	1	574
4554	ENG1226	3VA	20131	26	QQC	0	1	574
4555	ENG1228	3VA	20131	30	QQC	0	0	572
4556	ENG1229	3VA	20131	1	CCI	0	0	119
4557	ENG1230	3VA	20131	29	QQC	0	0	575
4558	ENG1245	3VA	20131	28	QQC	0	0	577
4559	ENG1266	3VA	20131	28	QQC	0	0	578
4560	ENG1301	3VA	20131	40	QQC	0	0	549
4561	ENG1301	3VB	20131	40	QQC	0	0	579
4562	ENG1301	3VC	20131	40	QQC	0	0	549
4563	ENG1311	3VA	20131	28	QQC	0	0	579
4564	ENG1319	3VA	20131	35	QQC	0	0	544
4565	ENG1319	3VB	20131	35	QQC	0	0	544
4566	ENG1331	3VA	20131	30	QQC	0	0	479
4567	ENG1351	3VA	20131	28	QQC	0	0	582
4568	ENG1352	3VA	20131	28	QQC	0	0	582
4569	ENG1400	3VA	20131	58	QQC	0	0	503
4570	ENG1401	3VA	20131	28	QQC	0	0	583
4571	ENG1402	3VA	20131	28	QQC	0	0	584
4572	ENG1403	3VA	20131	52	QQC	0	0	585
4573	ENG1404	3VA	20131	26	QQC	0	0	585
4574	ENG1404	3VB	20131	26	QQC	0	0	585
4575	ENG1405	3VA	20131	30	QQC	0	0	586
4576	ENG1406	3VA	20131	30	QQC	0	0	587
4577	ENG1407	3VA	20131	30	QQC	0	0	589
4578	ENG1409	3VA	20131	30	QQC	0	0	590
4579	ENG1410	3VA	20131	30	QQC	0	0	1218
4580	ENG1411	3VA	20131	30	QQC	0	0	591
4581	ENG1412	3VA	20131	30	QQC	0	0	594
4582	ENG1413	3VA	20131	52	QQC	0	0	593
4583	ENG1414	3VA	20131	26	QQC	0	0	593
4584	ENG1414	3VB	20131	26	QQC	0	0	593
4585	ENG1415	3VA	20131	10	QQC	0	0	594
4586	ENG1416	3VA	20131	10	QQC	0	0	594
4587	ENG1417	3VA	20131	20	QQC	0	0	503
4588	ENG1418	3VA	20131	20	QQC	0	0	503
4589	ENG1425	3VA	20131	20	QQC	0	0	594
4590	ENG1428	3VA	20131	10	QQC	0	0	583
4591	ENG1432	3VA	20131	20	QQC	0	0	595
4592	ENG1436	3VA	20131	20	QQC	0	0	542
4593	ENG1443	3VA	20131	20	QQC	0	0	503
4594	ENG1446	3VA	20131	29	QQC	0	0	479
4595	ENG1448	3VA	20131	24	QQC	0	0	564
4596	ENG1450	3VA	20131	20	QQC	0	1	593
4597	ENG1451	3VA	20131	20	QQC	0	0	596
4598	ENG1456	3VA	20131	30	QQC	0	0	543
4599	ENG1458	3VA	20131	20	QQC	0	0	593
4600	ENG1460	3VA	20131	20	QQC	0	0	1219
4601	ENG1466	3VA	20131	20	QQC	0	0	598
4602	ENG1467	3VA	20131	20	QQC	0	0	599
4603	ENG1470	3VA	20131	20	QQC	0	0	590
4604	ENG1471	3VA	20131	20	QQC	0	0	1220
4605	ENG1475	3VA	20131	20	QQC	0	0	1221
4606	ENG1477	3VA	20131	20	QQC	0	0	1222
4607	ENG1481	3VA	20131	20	QQC	0	0	702
4608	ENG1482	3VA	20131	20	QQC	0	0	706
4609	ENG1483	3VA	20131	20	QQC	0	0	601
4610	ENG1500	3VA	20131	39	CEG	0	0	551
4611	ENG1500	3VB	20131	39	CEG	0	0	551
4612	ENG1501	3VA	20131	39	CEG	0	0	602
4613	ENG1501	3VB	20131	39	CEG	0	0	603
4614	ENG1501	3VC	20131	30	CEG	0	0	760
4615	ENG1502	3VA	20131	34	CEG	0	0	604
4616	ENG1502	3VB	20131	34	CEG	0	0	604
4617	ENG1502	3VC	20131	35	CEG	0	0	479
4618	ENG1503	3VA	20131	40	CEG	0	0	603
4619	ENG1503	3VB	20131	40	CEG	0	0	603
4620	ENG1504	3VA	20131	38	CEG	0	0	554
4621	ENG1504	3VB	20131	38	CEG	0	0	554
4622	ENG1504	3VC	20131	30	CEG	0	0	554
4623	ENG1505	3VA	20131	39	CEG	0	0	537
4624	ENG1505	3VB	20131	40	CEG	0	0	484
4625	ENG1505	3VC	20131	30	CEG	0	0	559
4626	ENG1506	3VA	20131	39	CEG	0	0	553
4627	ENG1506	3VB	20131	39	CEG	0	0	553
4628	ENG1507	3VA	20131	38	CEG	0	0	557
4629	ENG1507	3VB	20131	40	CEG	0	0	606
4630	ENG1508	3VA	20131	29	CEG	0	0	607
4632	ENG1508	3VB	20131	30	CEG	0	0	608
4631	ENG1508	3VC	20131	29	CEG	0	0	607
4634	ENG1509	3VA	20131	30	CEG	0	0	609
4635	ENG1509	3VB	20131	30	CEG	0	0	609
4633	ENG1509	3VC	20131	33	CEG	0	0	609
4636	ENG1510	3VA	20131	40	CEG	0	0	1223
4637	ENG1511	3VA	20131	30	CEG	0	0	554
4638	ENG1511	3VB	20131	40	CEG	0	0	554
4639	ENG1512	3VA	20131	39	CEG	0	0	558
4640	ENG1512	3VB	20131	39	CEG	0	0	560
4641	ENG1512	3VC	20131	30	CEG	0	0	509
4642	ENG1513	3VA	20131	39	CEG	0	0	611
4643	ENG1513	3VB	20131	40	CEG	0	0	611
4644	ENG1514	3VA	20131	29	CEG	0	0	553
4645	ENG1514	3VB	20131	29	CEG	0	0	553
4646	ENG1514	3VC	20131	29	CEG	0	0	553
4647	ENG1515	3VA	20131	40	CEG	0	0	479
4648	ENG1515	3VB	20131	30	CEG	0	0	479
4649	ENG1516	3VA	20131	39	CEG	0	0	551
4650	ENG1516	3VB	20131	39	CEG	0	0	551
4651	ENG1517	3VA	20131	30	CEG	0	0	759
4652	ENG1518	3VA	20131	29	CEG	0	0	612
4654	ENG1518	3VB	20131	30	CEG	0	0	613
4653	ENG1518	3VC	20131	29	CEG	0	0	612
4655	ENG1519	3VA	20131	29	CEG	0	0	536
4656	ENG1519	3VB	20131	29	CEG	0	0	536
4657	ENG1520	3VA	20131	30	CEG	0	0	614
4658	ENG1520	3VB	20131	30	CEG	0	0	614
4659	ENG1521	3VA	20131	38	CEG	0	0	615
4660	ENG1521	3VB	20131	30	CEG	0	0	616
4661	ENG1521	3VC	20131	30	CEG	0	0	615
4662	ENG1522	3VA	20131	29	CEG	0	0	556
4663	ENG1522	3VB	20131	29	CEG	0	0	556
4664	ENG1523	3VA	20131	39	CEG	0	0	509
4665	ENG1525	3VA	20131	40	CEG	0	0	617
4666	ENG1526	3VA	20131	40	CEG	0	0	617
4667	ENG1527	3VA	20131	30	CEG	0	0	618
4668	ENG1529	3VA	20131	40	CEG	0	0	619
4669	ENG1530	3VA	20131	38	CEG	0	0	439
4670	ENG1531	3VA	20131	30	BPD	0	0	555
4671	ENG1700	3VA	20131	50	QQC	0	0	547
4672	ENG1701	3VA	20131	40	QQC	0	0	621
4673	ENG1702	3VA	20131	30	QQC	0	0	524
4674	ENG1703	3VA	20131	29	QQC	0	0	550
4675	ENG1704	3VA	20131	30	QQC	0	0	622
4676	ENG1705	3VA	20131	30	QQC	0	0	623
4677	ENG1707	3VA	20131	30	QQC	0	0	624
4678	ENG1708	3VA	20131	8	QQC	0	0	625
4679	ENG1708	3VB	20131	8	QQC	0	0	625
4680	ENG1708	3VC	20131	8	QQC	0	0	625
4681	ENG1708	3VD	20131	8	QQC	0	0	625
4682	ENG1709	3VA	20131	37	QQC	0	1	626
4683	ENG1710	3VA	20131	30	QQC	0	0	627
4684	ENG1712	3VA	20131	3	QQC	0	0	628
4685	ENG1712	3VB	20131	3	QQC	0	0	628
4686	ENG1712	3VC	20131	3	QQC	0	0	628
4687	ENG1712	3VD	20131	3	QQC	0	0	628
4688	ENG1712	3VE	20131	3	QQC	0	0	628
4689	ENG1712	3VF	20131	3	QQC	0	0	628
4690	ENG1712	3VG	20131	3	QQC	0	0	628
4691	ENG1712	3VH	20131	3	QQC	0	0	628
4692	ENG1713	3VA	20131	18	QQC	0	0	629
4693	ENG1714	3VA	20131	40	QQC	0	0	630
4694	ENG1715	3VA	20131	30	QQC	0	0	631
4695	ENG1716	3VA	20131	30	QQC	0	0	632
4696	ENG1717	3VA	20131	30	QQC	0	0	628
4697	ENG1718	3VA	20131	30	QQC	0	0	633
4698	ENG1720	3VA	20131	30	QQC	0	0	634
4699	ENG1721	3VA	20131	30	QQC	0	0	635
4700	ENG1727	3VA	20131	30	QQC	0	0	646
4701	ENG1781	3VA	20131	30	QQC	0	0	633
4702	ENG1782	3VA	20131	30	QQC	0	0	636
4703	ENG1783	3VA	20131	30	QQC	0	0	520
4704	ENG1784	3VA	20131	30	QQC	0	0	636
4705	ENG1786	3VA	20131	30	QQC	0	0	637
4706	ENG1793	3VA	20131	30	QQC	0	0	638
4707	ENG1800	3VA	20131	45	QQC	0	0	580
4708	ENG1801	3VA	20131	50	QQC	0	0	644
4709	ENG1802	3VA	20131	60	QQC	0	0	580
4710	ENG1802	3VB	20131	60	QQC	0	0	639
4711	ENG1803	3VA	20131	40	QQC	0	0	1126
4712	ENG1806	3VA	20131	50	QQC	0	0	641
4713	ENG1807	3VA	20131	40	QQC	0	0	642
4714	ENG1808	3VA	20131	40	QQC	0	0	642
4715	ENG1809	3VA	20131	50	QQC	0	0	561
4716	ENG1810	3VA	20131	12	QQC	0	0	561
4717	ENG1813	3VA	20131	40	QQC	0	0	639
4718	ENG1814	3VA	20131	50	QQC	0	0	640
4719	ENG1815	3VA	20131	40	QQC	0	0	639
4720	ENG1818	3VA	20131	20	QQC	0	0	642
4721	ENG1819	3VA	20131	20	QQC	0	2	1126
4722	ENG1820	3VA	20131	20	QQC	0	2	561
4723	ENG1821	3VA	20131	60	QQC	0	0	561
4724	ENG1821	3VB	20131	60	QQC	0	0	521
4725	ENG1901	3VA	20131	30	QQC	0	1	1224
4726	ENG1903	3VA	20131	30	QQC	0	0	83
4727	ENG1905	3VA	20131	30	QQC	0	0	647
4728	ENG1906	3VA	20131	30	QQC	0	0	539
4729	ENG1907	3VA	20131	30	QQC	0	0	645
4730	ENG1913	3VA	20131	30	QQC	0	0	118
4731	ENG1920	3VA	20131	30	QQC	0	0	1225
4732	ENG1922	3VA	20131	30	QQC	0	0	1226
4733	ENG1923	3VA	20131	30	QQC	0	0	1227
4734	ENG1924	3VA	20131	30	QQC	0	0	1228
4735	ENG1925	3VA	20131	30	QQC	0	0	1229
4736	ENG1929	3VA	20131	30	QQC	0	0	1230
4737	ENG1931	3VA	20131	30	QQC	0	0	1231
4738	ENG1934	3VA	20131	30	QQC	0	0	1232
4739	FIL1000	1HA	20131	50	CDD	0	0	118
4740	FIL1000	1HB	20131	50	CDD	0	0	118
4741	FIL1000	1HX	20131	50	CDN	0	0	118
4743	FIL1000	1MA	20131	5	CSS	0	0	118
4744	FIL1000	13A	20131	60	QQC	0	0	118
4745	FIL1000	13B	20131	60	QQC	0	0	118
4746	FIL1000	13C	20131	60	QQC	0	0	118
4747	FIL1000	13D	20131	60	QQC	0	0	118
4748	FIL1000	1CA	20131	400	QQC	0	4	667
4749	FIL1000	1EA	20131	15	QQC	0	0	479
4742	FIL1000	1NA	20131	15	QQC	0	0	118
4750	FIL1002	14A	20131	70	RIT	0	0	118
4751	FIL1006	1IA	20131	3	CCM	0	0	118
4752	FIL1006	1IB	20131	3	CCM	0	0	118
4753	FIL1006	1IC	20131	3	CCM	0	0	118
4754	FIL1006	1ID	20131	3	CCM	0	0	118
4755	FIL1006	1IE	20131	3	CCM	0	0	118
4756	FIL1006	1IF	20131	3	CCM	0	0	118
4757	FIL1100	1CA	20131	5	QQC	0	0	1233
4758	FIL1150	1CA	20131	20	BFL	0	10	667
4759	FIL1211	1NA	20131	15	QQC	0	0	118
4760	FIL1220	1CA	20131	2	RIT	0	0	661
4761	FIL1222	16A	20131	40	CFE	0	0	118
4762	FIL1222	1CA	20131	2	RIT	0	0	657
4763	FIL1223	1CA	20131	5	QQC	0	0	667
4764	FIL1224	16A	20131	40	CFE	0	0	118
4765	FIL1253	16A	20131	40	CFE	0	0	118
4766	FIL1255	16A	20131	40	CFE	0	0	118
4768	FIL1260	16A	20131	40	CFE	0	0	118
4767	FIL1260	1DA	20131	10	QQC	0	0	118
4769	FIL1261	1CA	20131	20	CFL	0	4	669
4770	FIL1262	16A	20131	40	CFE	0	0	118
4771	FIL1262	1CA	20131	20	CFL	0	4	675
4772	FIL1302	16A	20131	40	CFE	0	0	118
4773	FIL1304	1CA	20131	5	QQC	0	0	673
4774	FIL1400	1CA	20131	10	QQC	0	0	670
4775	FIL1600	16A	20131	40	CFE	0	0	118
4776	FIL1600	1CA	20131	5	QQC	0	0	676
4777	FIL1700	16A	20131	40	CFE	0	0	118
4778	FIL1802	16A	20131	40	CFE	0	0	118
4779	FIL1803	16A	20131	40	CFE	0	0	118
4780	FIL1803	1CA	20131	2	RIT	0	0	677
4781	FIL1804	1CA	20131	2	RIT	0	0	678
4782	FIL1815	18A	20131	40	ARQ	0	0	679
4785	FIL1815	1AC	20131	22	BPP	0	0	118
4783	FIL1815	18B	20131	5	CCI	0	0	679
4784	FIL1815	1AA	20131	15	DIG	0	0	118
4786	FIL1815	1AB	20131	20	MOD	0	0	118
4787	FIL1815	1CA	20131	5	RIT	0	0	672
4788	FIL1820	1CA	20131	20	CFL	0	6	681
4789	FIL1821	1CA	20131	20	LFL	0	2	681
4790	FIL1822	1CA	20131	20	LFL	0	10	681
4791	FIS1011	38A	20131	35	ARQ	0	0	682
4792	FIS1011	38B	20131	2	CCI	0	0	682
4793	FIS1012	38A	20131	30	ARQ	0	0	683
4794	FIS1012	38B	20131	2	CCI	0	0	684
4796	FIS1025	33V	20131	30	QQC	0	0	118
4795	FIS1025	33W	20131	28	QQC	0	0	118
4797	FIS1026	33A	20131	57	QQC	0	0	118
4798	FIS1026	33B	20131	60	QQC	0	0	118
4799	FIS1026	33C	20131	60	QQC	0	0	118
4800	FIS1026	33D	20131	60	QQC	0	0	118
4801	FIS1026	33	20131	60	QQC	0	0	118
4802	FIS1026	33F	20131	60	QQC	0	0	118
4803	FIS1026	33G	20131	60	QQC	0	0	118
4804	FIS1027	33A	20131	32	QQC	0	0	118
4805	FIS1027	33B	20131	35	QQC	0	0	118
4806	FIS1027	33C	20131	35	QQC	0	0	118
4807	FIS1027	33D	20131	35	QQC	0	0	118
4808	FIS1027	33	20131	35	QQC	0	0	118
4809	FIS1027	33F	20131	35	QQC	0	0	118
4810	FIS1027	33G	20131	35	QQC	0	0	118
4811	FIS1027	33H	20131	35	QQC	0	0	118
4812	FIS1027	33I	20131	35	QQC	0	0	118
4813	FIS1027	33J	20131	35	QQC	0	0	118
4814	FIS1027	33L	20131	35	QQC	0	0	118
4815	FIS1027	33M	20131	35	QQC	0	0	118
4816	FIS1033	33V	20131	57	QQC	0	0	118
4817	FIS1034	33V	20131	32	QQC	0	0	118
4818	FIS1034	33W	20131	35	QQC	0	0	118
4820	FIS1041	33A	20131	60	QQC	0	0	118
4821	FIS1041	33B	20131	60	QQC	0	0	118
4819	FIS1041	33C	20131	57	QQC	0	0	118
4822	FIS1041	33D	20131	60	QQC	0	0	118
4823	FIS1041	33	20131	60	QQC	0	0	118
4824	FIS1041	33F	20131	60	QQC	0	0	118
4826	FIS1042	33A	20131	30	QQC	0	0	118
4827	FIS1042	33B	20131	30	QQC	0	0	118
4825	FIS1042	33C	20131	27	QQC	0	0	118
4828	FIS1042	33D	20131	30	QQC	0	0	118
4829	FIS1042	33	20131	30	QQC	0	0	118
4830	FIS1042	33F	20131	30	QQC	0	0	118
4831	FIS1042	33G	20131	30	QQC	0	0	118
4832	FIS1042	33H	20131	30	QQC	0	0	118
4833	FIS1042	33I	20131	30	QQC	0	0	118
4834	FIS1042	33J	20131	30	QQC	0	0	118
4836	FIS1051	33A	20131	90	QQC	0	0	118
4837	FIS1051	33B	20131	60	QQC	0	0	118
4838	FIS1051	33C	20131	90	QQC	0	0	118
4835	FIS1051	33D	20131	57	QQC	0	0	118
4839	FIS1051	33	20131	90	QQC	0	0	118
4841	FIS1052	33A	20131	28	QQC	0	0	118
4842	FIS1052	33B	20131	28	QQC	0	0	118
4843	FIS1052	33C	20131	28	QQC	0	0	118
4840	FIS1052	33D	20131	25	QQC	0	0	118
4844	FIS1052	33	20131	28	QQC	0	0	118
4845	FIS1052	33F	20131	28	QQC	0	0	118
4846	FIS1052	33G	20131	28	QQC	0	0	118
4847	FIS1052	33H	20131	28	QQC	0	0	118
4848	FIS1052	33I	20131	28	QQC	0	0	118
4849	FIS1061	33A	20131	57	QQC	0	0	118
4850	FIS1062	33A	20131	21	QQC	0	0	118
4851	FIS1062	33B	20131	24	QQC	0	0	118
4854	FIS1130	47A	20131	20	BIO	0	0	707
4853	FIS1130	3AE	20131	6	CDI	0	0	708
4856	FIS1130	3AB	20131	15	DIG	0	0	685
4852	FIS1130	3AC	20131	15	DIG	0	0	685
4855	FIS1130	3AA	20131	10	MOD	0	0	685
4857	FIS1130	3AD	20131	15	MOD	0	0	118
4858	FIS1201	3YA	20131	20	QQC	0	1	709
4859	FIS1212	3YA	20131	20	QQC	0	0	693
4860	FIS1222	3YA	20131	20	QQC	0	0	709
4861	FIS1301	3YA	20131	20	QQC	0	0	712
4862	FIS1330	47A	20131	20	BIO	0	0	710
4863	FIS1400	3YA	20131	20	QQC	0	0	683
4864	FIS1406	3YA	20131	20	QQC	0	4	711
4865	FIS1451	3YA	20131	20	QQC	0	4	711
4866	FIS1462	3YA	20131	20	QQC	0	0	696
4867	FIS1505	3YA	20131	20	QQC	0	0	705
4868	FIS1602	3YA	20131	20	QQC	0	0	712
4869	FIS1810	3YA	20131	20	QQC	0	0	685
4870	FLE1101	16A	20131	40	CFE	0	0	118
4871	FLE1103	16A	20131	40	CFE	0	0	118
4872	GEO1114	2LA	20131	3	CGG	0	0	713
4873	GEO1115	27A	20131	10	QQC	0	0	714
4874	GEO1115	2LA	20131	2	QQC	0	0	715
4875	GEO1116	27A	20131	10	QQC	0	0	714
4876	GEO1117	27A	20131	10	QQC	0	0	714
4877	GEO1118	27A	20131	10	QQC	0	0	715
4878	GEO1118	2LA	20131	3	QQC	0	0	715
4879	GEO1119	2LA	20131	3	QQC	0	0	713
4880	GEO1121	2LA	20131	3	QQC	0	0	716
4881	GEO1201	2KA	20131	5	QQC	0	0	717
4882	GEO1211	2LA	20131	3	CGG	0	0	718
4884	GEO1212	2LA	20131	3	CGG	0	0	717
4883	GEO1212	27A	20131	10	QQC	0	0	719
4885	GEO1214	2LA	20131	3	QQC	0	0	720
4886	GEO1216	2LA	20131	3	QQC	0	0	723
4887	GEO1310	2LA	20131	3	QQC	0	0	721
4888	GEO1311	2LA	20131	3	QQC	0	0	726
4889	GEO1312	2LA	20131	3	QQC	0	0	722
4890	GEO1410	2LA	20131	3	QQC	0	0	724
4891	GEO1512	2LA	20131	3	QQC	0	0	717
4892	GEO1513	2LA	20131	3	QQC	0	0	723
4893	GEO1524	2LA	20131	30	CGG	0	1	723
4894	GEO1525	2LA	20131	30	CGG	0	7	725
4895	GEO1526	2LA	20131	30	CGG	0	1	720
4896	GEO1527	2LA	20131	30	CGG	0	7	721
4897	GEO1528	2LA	20131	15	CGG	0	4	724
4898	GEO1529	2LA	20131	15	CGG	0	4	726
4899	GEO1531	2LA	20131	15	CGG	0	4	723
4900	GEO1600	2LA	20131	30	BAB	0	0	713
4901	GEO1631	2LA	20131	3	CGG	0	0	168
4903	GEO1632	2LA	20131	3	CGG	0	0	719
4902	GEO1632	27A	20131	10	QQC	0	0	170
4904	GEO1633	2LA	20131	3	QQC	0	0	168
4905	GEO1634	2LA	20131	3	QQC	0	0	713
4906	GEO1635	2LA	20131	40	CGG	0	0	169
4908	GEO1636	2GB	20131	40	ADM	0	0	718
4909	GEO1636	2GC	20131	40	ADM	0	0	718
4907	GEO1636	2GA	20131	10	CGG	0	0	718
4910	GEO1731	2LA	20131	2	QQC	0	0	649
4911	GEO1732	2LA	20131	20	CGG	0	0	649
4912	GEO1801	2LA	20131	30	CGG	0	0	724
4913	GEO1802	2LA	20131	30	CGG	0	0	724
4914	GEO1804	2LA	20131	30	CGG	0	0	726
4915	HIS1001	2JA	20131	15	QQC	0	0	118
4916	HIS1102	2KA	20131	5	QQC	0	0	751
4917	HIS1104	2KA	20131	5	QQC	0	0	755
4918	HIS1211	2KA	20131	5	QQC	0	0	754
4919	HIS1221	2KA	20131	5	QQC	0	0	734
4920	HIS1308	2IA	20131	44	CCM	0	0	118
4922	HIS1308	2IB	20131	45	CCM	0	0	729
4923	HIS1308	2IC	20131	30	CCM	0	0	118
4924	HIS1308	2ID	20131	45	CCM	0	0	118
4921	HIS1308	2IE	20131	44	CCM	0	0	729
4925	HIS1308	2IF	20131	30	CCM	0	0	737
4926	HIS1311	2KA	20131	5	QQC	0	0	1234
4927	HIS1312	2KA	20131	5	QQC	0	0	745
4928	HIS1313	2KA	20131	5	QQC	0	0	92
4929	HIS1321	2KA	20131	5	QQC	0	0	739
4930	HIS1323	2KA	20131	5	QQC	0	0	118
4931	HIS1324	2GA	20131	45	ADM	0	0	738
4932	HIS1325	2KA	20131	10	QQC	0	0	735
4933	HIS1412	2KA	20131	2	QQC	0	0	740
4934	HIS1414	2KA	20131	5	QQC	0	0	742
4935	HIS1421	2KA	20131	5	QQC	0	0	752
4936	HIS1423	2KA	20131	5	QQC	0	0	746
4937	HIS1430	28A	20131	35	ARQ	0	0	130
4938	HIS1430	28B	20131	8	CCI	0	0	130
4939	HIS1514	2KA	20131	5	QQC	0	0	743
4940	HIS1516	2KA	20131	5	QQC	0	0	744
4941	HIS1604	2NA	20131	15	QQC	0	0	118
4943	HIS1605	2IA	20131	44	CCM	0	0	748
4948	HIS1605	2IB	20131	30	CCM	0	0	747
4944	HIS1605	2IC	20131	29	CCM	0	0	749
4945	HIS1605	2ID	20131	29	CCM	0	0	746
4946	HIS1605	2IE	20131	29	CCM	0	0	747
4947	HIS1605	2IF	20131	29	CCM	0	0	749
4942	HIS1605	2HA	20131	10	CDD	0	0	746
4949	HIS1605	2HB	20131	10	CDD	0	0	747
4950	HIS1605	2HX	20131	10	CDN	0	0	748
4951	HIS1605	2LA	20131	30	CGG	0	0	118
4952	HIS1607	2NA	20131	15	QQC	0	0	118
4953	HIS1608	2JA	20131	5	QQC	0	0	118
4954	HIS1609	2GA	20131	45	ADM	0	0	738
4955	HIS1609	2JA	20131	5	QQC	0	0	118
4956	HIS1706	2KA	20131	5	QQC	0	0	739
4957	HIS1709	2KA	20131	20	CHS	0	4	741
4958	HIS1826	2KA	20131	26	CCI	0	0	748
4959	HIS1840	2KA	20131	5	QQC	0	0	732
4960	HIS1850	28A	20131	30	ARQ	0	0	91
4961	HIS1850	28B	20131	30	ARQ	0	0	91
4962	HIS1876	2KA	20131	5	QQC	0	0	747
4963	HIS1879	2KA	20131	5	QQC	0	0	734
4964	HIS1902	2KB	20131	3	CHS	0	0	756
4965	HIS1903	2KA	20131	13	CHS	0	0	753
4966	HIS1905	2KA	20131	13	CHS	0	0	741
4967	HIS1905	2KB	20131	13	CHS	0	0	752
4968	HIS1906	2KA	20131	12	CHS	0	0	754
4969	HIS1906	2KB	20131	12	CHS	0	0	742
4970	HIS1907	2KA	20131	20	CHS	0	2	740
4971	HIS1908	2KA	20131	18	CHS	0	10	118
4972	HIS1909	2KA	20131	15	CHS	0	10	118
4973	HIS9827	2KA	20131	25	CCI	0	0	745
4974	IND1004	3VA	20131	120	BPD	0	2	551
4975	IND1025	3VA	20131	30	CEG	0	0	484
4976	IND1032	3VA	20131	30	CEG	0	0	479
4977	IND1033	3VA	20131	30	CEG	0	0	611
4978	IND1034	3VA	20131	30	CEG	0	0	479
4979	INF1004	3WA	20131	13	QQC	0	0	761
4980	INF1004	3WB	20131	3	QQC	0	0	762
4981	INF1005	33A	20131	40	QQC	0	0	118
4982	INF1005	33B	20131	40	QQC	0	0	118
4983	INF1005	33C	20131	40	QQC	0	0	118
4984	INF1005	33D	20131	40	QQC	0	0	118
4985	INF1005	33	20131	40	QQC	0	0	118
4986	INF1005	33F	20131	40	QQC	0	0	118
4987	INF1005	33G	20131	40	QQC	0	0	118
4988	INF1005	33H	20131	40	QQC	0	0	118
4989	INF1005	33J	20131	40	QQC	0	0	118
4990	INF1005	33K	20131	40	QQC	0	0	118
4991	INF1005	33M	20131	40	QQC	0	0	118
4992	INF1005	33N	20131	40	QQC	0	0	118
4993	INF1006	3WA	20131	40	QQC	0	0	770
4994	INF1007	33A	20131	40	QQC	0	0	118
4995	INF1007	33B	20131	40	QQC	0	0	118
4996	INF1007	33C	20131	40	QQC	0	0	118
4997	INF1007	33D	20131	40	QQC	0	0	118
4998	INF1007	33	20131	40	QQC	0	0	118
4999	INF1007	33F	20131	40	QQC	0	0	118
5000	INF1007	33G	20131	40	QQC	0	0	118
5001	INF1007	33H	20131	40	QQC	0	0	118
5002	INF1007	33I	20131	40	QQC	0	0	118
5003	INF1007	33J	20131	40	QQC	0	0	118
5004	INF1008	3WA	20131	11	QQC	0	0	766
5005	INF1008	3WB	20131	12	QQC	0	0	766
5006	INF1009	3WA	20131	13	QQC	0	0	774
5007	INF1009	3WB	20131	3	QQC	0	0	118
5008	INF1010	3WA	20131	30	QQC	0	0	775
5009	INF1010	3WB	20131	30	QQC	0	0	776
5010	INF1012	3WA	20131	30	QQC	0	0	761
5011	INF1012	3WB	20131	30	QQC	0	0	761
5012	INF1013	3WA	20131	30	QQC	0	0	761
5013	INF1014	3WA	20131	30	QQC	0	0	777
5014	INF1015	3WA	20131	30	QQC	0	0	778
5015	INF1016	3WA	20131	30	QQC	0	0	778
5016	INF1018	3WA	20131	20	QQC	0	0	779
5017	INF1018	3WB	20131	40	QQC	0	0	780
5018	INF1019	3WA	20131	40	QQC	0	0	766
5019	INF1020	3WA	20131	27	QQC	0	0	766
5020	INF1021	3WA	20131	40	QQC	0	0	15
5021	INF1023	3WA	20131	30	QQC	0	0	15
5022	INF1030	3AA	20131	18	DIG	0	0	118
5023	INF1030	3AB	20131	18	DIG	0	0	118
5024	INF1301	3WA	20131	30	QQC	0	0	782
5025	INF1301	3WB	20131	30	QQC	0	0	783
5026	INF1315	3WA	20131	20	QQC	0	2	781
5027	INF1317	3WA	20131	33	QQC	0	0	764
5028	INF1340	3WA	20131	28	QQC	0	0	784
5029	INF1355	3WA	20131	30	QQC	0	2	777
5030	INF1359	3WA	20131	20	QQC	0	6	786
5031	INF1371	3WA	20131	18	QQC	0	0	781
5032	INF1374	3WA	20131	20	QQC	0	0	785
5033	INF1377	3WA	20131	30	QQC	0	0	787
5034	INF1383	3WA	20131	39	QQC	0	0	788
5035	INF1403	3WA	20131	10	QQC	0	0	1235
5036	INF1403	3WB	20131	3	QQC	0	0	118
5037	INF1404	3WA	20131	10	QQC	0	0	761
5038	INF1405	3WA	20131	30	QQC	0	2	790
5039	INF1407	3WA	20131	20	QQC	0	0	781
5040	INF1408	3WA	20131	30	QQC	0	0	790
5041	INF1410	3WA	20131	30	QQC	0	0	791
5042	INF1411	3WA	20131	30	QQC	0	4	786
5043	INF1412	3WA	20131	30	QQC	0	4	786
5044	INF1413	3WA	20131	40	QQC	0	0	793
5045	INF1414	3WA	20131	28	QQC	0	0	794
5046	INF1416	3WA	20131	28	QQC	0	0	795
5047	INF1503	3JA	20131	35	BCE	0	0	118
5048	INF1503	3JB	20131	35	BCE	0	0	118
5049	INF1608	3WA	20131	20	QQC	0	0	548
5050	INF1624	3WA	20131	30	QQC	0	0	1236
5051	INF1626	3WA	20131	30	QQC	0	0	774
5052	INF1626	3WB	20131	30	QQC	0	0	118
5053	INF1629	3WA	20131	19	QQC	0	0	787
5054	INF1631	3WA	20131	30	QQC	0	0	797
5055	INF1631	3WB	20131	30	QQC	0	0	118
5056	INF1636	3WA	20131	37	QQC	0	0	761
5057	INF1640	3WA	20131	30	QQC	0	1	798
5058	INF1715	3WA	20131	28	QQC	0	0	769
5060	INF1721	3WA	20131	50	QQC	0	0	799
5059	INF1721	3WB	20131	27	QQC	0	0	792
5061	INF1771	3WA	20131	28	QQC	0	0	801
5062	INF1801	3WA	20131	20	CDI	0	0	518
5063	INF1804	3WA	20131	30	QQC	0	0	802
5064	INF1811	3WA	20131	10	QQC	0	1	22
5065	INF1812	3WA	20131	6	QQC	0	0	803
5066	INF1813	3WA	20131	10	QQC	0	3	22
5067	INF1814	3WA	20131	10	QQC	0	4	22
5068	INF1821	3WA	20131	10	QQC	0	2	22
5069	INF1822	3WA	20131	10	QQC	0	4	22
5070	INF1823	3WA	20131	10	QQC	0	6	22
5071	INF1824	3WA	20131	10	QQC	0	8	22
5072	INF1902	30A	20131	40	QQC	0	0	513
5073	INF1902	30B	20131	40	QQC	0	0	504
5074	INF1902	30C	20131	39	QQC	0	0	804
5075	INF1902	30D	20131	40	QQC	0	0	804
5076	INF1903	30A	20131	24	QQC	0	0	805
5077	INF1905	30A	20131	38	QQC	0	0	1237
5078	INF1920	3WA	20131	20	CSI	0	11	563
5079	INF1950	3WA	20131	30	QQC	0	2	786
5080	INF1951	3WA	20131	30	QQC	0	2	786
5081	IRI1501	24A	20131	5	RIT	0	0	813
5082	IRI1501	24B	20131	5	RIT	0	0	813
5083	IRI1502	24A	20131	40	RIT	0	0	807
5084	IRI1502	24B	20131	40	RIT	0	0	807
5085	IRI1507	24A	20131	3	RIT	0	0	809
5086	IRI1507	24B	20131	3	RIT	0	0	808
5087	IRI1509	24A	20131	50	RIT	0	0	813
5088	IRI1510	24A	20131	5	RIT	0	0	810
5089	IRI1510	24B	20131	5	RIT	0	0	810
5090	IRI1511	24A	20131	60	RIT	0	0	809
5091	IRI1512	24A	20131	50	RIT	0	0	811
5092	IRI1513	24A	20131	50	RIT	0	0	812
5093	IRI1515	24A	20131	50	RIT	0	0	814
5094	IRI1521	24A	20131	40	RIT	0	0	816
5095	IRI1521	24B	20131	40	RIT	0	0	816
5096	IRI1522	24A	20131	40	RIT	0	0	817
5097	IRI1522	24B	20131	40	RIT	0	0	817
5098	IRI1523	24A	20131	40	RIT	0	0	816
5099	IRI1523	24B	20131	40	RIT	0	0	816
5100	IRI1524	24A	20131	40	RIT	0	0	809
5101	IRI1524	24B	20131	40	RIT	0	0	818
5102	IRI1525	24A	20131	40	RIT	0	0	807
5103	IRI1525	24B	20131	40	RIT	0	0	807
5104	IRI1526	24A	20131	5	RIT	0	0	819
5105	IRI1526	24B	20131	5	RIT	0	0	819
5106	IRI1527	24A	20131	35	RIT	0	0	813
5107	IRI1527	24B	20131	35	RIT	0	0	813
5108	IRI1528	24A	20131	50	RIT	0	0	809
5109	IRI1601	24A	20131	50	RIT	0	0	820
5110	IRI1608	24A	20131	50	RIT	0	0	812
5111	IRI1609	24A	20131	50	RIT	0	0	1238
5112	IRI1630	24A	20131	35	RIT	0	0	819
5113	IRI1631	24A	20131	35	RIT	0	0	821
5114	IRI1632	24A	20131	35	RIT	0	0	348
5115	IRI1633	24A	20131	35	RIT	0	0	825
5116	IRI1685	24A	20131	35	RIT	0	0	118
5117	IRI1687	24A	20131	35	RIT	0	0	809
5118	IRI1689	24A	20131	35	RIT	0	0	809
5119	IRI1712	24A	20131	40	RIT	0	0	439
5120	IRI1723	24A	20131	40	RIT	0	0	816
5121	IRI1724	24A	20131	40	RIT	0	0	824
5122	IRI1744	24A	20131	40	RIT	0	0	810
5123	IRI1745	24A	20131	40	RIT	0	0	826
5124	IRI1746	24A	20131	40	RIT	0	0	822
5125	IRI1749	24A	20131	40	RIT	0	0	1239
5126	IRI1750	24A	20131	40	RIT	0	0	809
5127	IRI1764	24A	20131	40	RIT	0	0	118
5128	IRI1820	24A	20131	40	RIT	0	0	823
5129	IRI1829	24A	20131	40	RIT	0	0	813
5130	IRI1834	24A	20131	40	RIT	0	0	827
5131	IRI1836	24A	20131	40	RIT	0	0	810
5132	IRI1838	24A	20131	40	RIT	0	0	828
5133	IRI1901	24A	20131	30	RIT	0	0	809
5134	IRI1902	24A	20131	60	RIT	0	4	809
5135	IRI1921	24A	20131	30	RIT	0	2	808
5136	IRI1922	24A	20131	100	RIT	0	2	808
5137	IRI1923	24A	20131	100	RIT	0	2	808
5138	IRI1924	24A	20131	100	RIT	0	2	808
5139	IRI1925	24A	20131	100	RIT	0	2	808
5140	IRI1926	24A	20131	100	RIT	0	2	808
5141	IRI1927	24A	20131	100	RIT	0	2	808
5142	IRI1928	24A	20131	100	RIT	0	2	808
5143	IRI1957	24A	20131	45	RIT	0	0	826
5144	IRI1964	24A	20131	50	RIT	0	0	812
5145	IRI1986	24A	20131	50	RIT	0	0	826
5146	IRI1987	24A	20131	45	RIT	0	0	118
5147	IRI1990	24A	20131	50	RIT	0	0	819
5148	IRI9602	24A	20131	5	QQC	0	0	812
5149	JUR1003	2HA	20131	10	CDD	0	0	830
5150	JUR1003	2HB	20131	10	CDD	0	0	831
5151	JUR1003	2HX	20131	50	CDN	0	0	832
5152	JUR1004	2HA	20131	10	CDD	0	0	833
5153	JUR1004	2HB	20131	10	CDD	0	0	834
5154	JUR1004	2HX	20131	10	CDN	0	0	835
5155	JUR1008	2JA	20131	5	BCE	0	0	836
5156	JUR1008	2JB	20131	5	BCE	0	0	871
5157	JUR1008	2JC	20131	5	QQC	0	0	851
5158	JUR1016	2GA	20131	45	ADM	0	0	118
5159	JUR1016	2GB	20131	45	ADM	0	0	118
5160	JUR1016	2GC	20131	45	ADM	0	0	118
5161	JUR1016	23A	20131	60	QQC	0	0	837
5162	JUR1016	23B	20131	60	QQC	0	0	838
5163	JUR1016	23C	20131	60	QQC	0	0	837
5164	JUR1016	23D	20131	60	QQC	0	0	840
5165	JUR1022	20A	20131	40	QQC	0	0	841
5166	JUR1023	2MA	20131	35	CSS	0	0	118
5167	JUR1024	24A	20131	60	RIT	0	0	842
5168	JUR1028	2GA	20131	45	ADM	0	0	118
5169	JUR1028	2GB	20131	40	ADM	0	0	118
5170	JUR1028	2GC	20131	45	ADM	0	0	118
5171	JUR1029	2HA	20131	50	CDD	0	0	845
5172	JUR1029	2HB	20131	50	CDD	0	0	846
5173	JUR1029	2HX	20131	50	CDN	0	0	846
5174	JUR1031	2HA	20131	10	CDD	0	0	847
5175	JUR1031	2HB	20131	10	CDD	0	0	857
5176	JUR1031	2HC	20131	10	CDD	0	0	118
5177	JUR1031	2HX	20131	10	CDN	0	0	832
5178	JUR1032	2HA	20131	50	CDD	0	0	849
5179	JUR1032	2HB	20131	50	CDD	0	0	850
5180	JUR1032	2HX	20131	50	CDN	0	0	851
5181	JUR1033	2HA	20131	50	CDD	0	0	852
5182	JUR1033	2HB	20131	50	CDD	0	0	882
5183	JUR1033	2HX	20131	50	CDN	0	0	853
5184	JUR1035	2HA	20131	50	CDD	0	0	854
5185	JUR1035	2HB	20131	50	CDD	0	0	847
5186	JUR1035	2HX	20131	50	CDN	0	0	855
5187	JUR1036	2HA	20131	50	CDD	0	0	834
5188	JUR1036	2HB	20131	50	CDD	0	0	851
5189	JUR1036	2HC	20131	50	CDD	0	0	856
5190	JUR1036	2HX	20131	50	CDN	0	0	834
5191	JUR1037	2HA	20131	50	CDD	0	0	857
5192	JUR1037	2HB	20131	50	CDD	0	0	858
5193	JUR1037	2HX	20131	50	CDN	0	0	859
5194	JUR1040	2HA	20131	50	CDD	0	0	860
5195	JUR1040	2HB	20131	50	CDD	0	0	861
5196	JUR1040	2HC	20131	50	CDD	0	0	851
5197	JUR1040	2HX	20131	50	CDN	0	0	851
5198	JUR1111	2HA	20131	35	CDI	0	0	862
5199	JUR1111	2HX	20131	35	CDN	0	0	1240
5200	JUR1112	2HA	20131	35	CDI	0	0	839
5201	JUR1112	2HX	20131	10	QQC	0	0	839
5202	JUR1131	2HA	20131	50	CDD	0	0	867
5203	JUR1131	2HB	20131	50	CDD	0	0	868
5204	JUR1131	2HX	20131	50	CDN	0	0	866
5205	JUR1132	2HA	20131	50	CDD	0	0	865
5206	JUR1132	2HB	20131	50	CDD	0	0	876
5207	JUR1132	2HX	20131	50	CDN	0	0	869
5208	JUR1140	2HA	20131	50	CDD	0	0	870
5209	JUR1140	2HB	20131	50	CDD	0	0	871
5210	JUR1140	2HX	20131	50	CDN	0	0	863
5211	JUR1141	2HA	20131	50	CDD	0	0	868
5212	JUR1141	2HX	20131	50	CDN	0	0	872
5213	JUR1142	2HA	20131	50	CDD	0	0	873
5214	JUR1142	2HX	20131	50	CDN	0	0	874
5215	JUR1143	2HA	20131	50	CDD	0	0	875
5216	JUR1143	2HB	20131	50	CDD	0	0	872
5217	JUR1143	2HX	20131	50	CDD	0	0	920
5218	JUR1144	2HA	20131	50	CDD	0	0	876
5219	JUR1144	2HX	20131	50	CDN	0	0	876
5220	JUR1145	2HC	20131	50	CDD	0	0	877
5221	JUR1145	2HX	20131	50	CDD	0	0	877
5222	JUR1146	2HA	20131	50	CDD	0	0	872
5223	JUR1146	2HX	20131	50	CDN	0	0	869
5224	JUR1152	2HA	20131	35	CDI	0	0	875
5225	JUR1231	2HA	20131	50	CDD	0	0	878
5226	JUR1231	2HB	20131	50	CDD	0	0	879
5227	JUR1231	2HX	20131	50	CDN	0	0	843
5228	JUR1232	2HA	20131	50	CDD	0	0	880
5229	JUR1232	2HB	20131	50	CDD	0	0	881
5230	JUR1232	2HX	20131	50	CDN	0	0	883
5231	JUR1233	2HA	20131	50	CDD	0	0	884
5232	JUR1233	2HB	20131	50	CDD	0	0	885
5233	JUR1233	2HX	20131	60	CDN	0	0	884
5234	JUR1234	2HA	20131	50	CDD	0	0	885
5235	JUR1234	2HB	20131	50	CDD	0	0	886
5236	JUR1234	2HX	20131	50	CDN	0	0	887
5237	JUR1240	2HA	20131	50	CDD	0	0	888
5238	JUR1240	2HX	20131	50	CDN	0	0	887
5239	JUR1241	2HA	20131	50	CDD	0	0	889
5240	JUR1241	2HX	20131	50	CDN	0	0	884
5241	JUR1242	2HA	20131	50	CDD	0	0	890
5242	JUR1242	2HX	20131	50	CDN	0	0	882
5243	JUR1250	2HX	20131	15	QQC	0	0	880
5244	JUR1306	2GA	20131	30	ADM	0	0	118
5245	JUR1331	2HA	20131	50	CDD	0	0	833
5246	JUR1331	2HB	20131	50	CDD	0	0	885
5247	JUR1331	2HC	20131	50	CDD	0	0	891
5248	JUR1331	2HX	20131	60	CDN	0	0	892
5249	JUR1340	2HA	20131	50	CDD	0	0	1241
5250	JUR1340	2HX	20131	50	CDN	0	0	118
5251	JUR1341	2HA	20131	50	CDD	0	0	891
5252	JUR1341	2HX	20131	50	CDN	0	0	844
5253	JUR1430	2HA	20131	50	CDD	0	0	1242
5254	JUR1430	2HB	20131	50	CDD	0	0	895
5255	JUR1430	2HC	20131	50	CDD	0	0	1243
5256	JUR1430	2HX	20131	50	CDN	0	0	118
5257	JUR1431	2HA	20131	50	CDD	0	0	894
5258	JUR1431	2HB	20131	50	CDD	0	0	896
5259	JUR1431	2HC	20131	50	CDD	0	0	1242
5260	JUR1431	2HX	20131	50	CDN	0	0	896
5261	JUR1432	2HA	20131	50	CDD	0	0	897
5262	JUR1432	2HB	20131	50	CDD	0	0	898
5263	JUR1432	2HX	20131	50	CDN	0	0	899
5264	JUR1433	2HA	20131	50	CDD	0	0	897
5265	JUR1433	2HB	20131	50	CDD	0	0	900
5266	JUR1433	2HX	20131	50	CDN	0	0	896
5267	JUR1434	2HA	20131	50	CDD	0	0	901
5268	JUR1434	2HB	20131	50	CDD	0	0	902
5269	JUR1434	2HX	20131	50	CDN	0	0	903
5270	JUR1440	2HA	20131	50	CDD	0	0	900
5271	JUR1440	2HB	20131	50	CDD	0	0	904
5272	JUR1440	2HW	20131	35	CDN	0	0	118
5273	JUR1440	2HX	20131	50	CDN	0	0	896
5274	JUR1441	2HA	20131	50	CDD	0	0	905
5275	JUR1441	2HB	20131	50	CDD	0	0	906
5276	JUR1441	2HX	20131	50	CDN	0	0	906
5277	JUR1442	2HA	20131	50	CDD	0	0	903
5278	JUR1442	2HX	20131	50	CDN	0	0	903
5279	JUR1443	2HA	20131	50	CDD	0	0	907
5280	JUR1443	2HX	20131	50	CDN	0	0	1242
5281	JUR1444	2HA	20131	50	CDD	0	0	908
5282	JUR1444	2HX	20131	50	CDN	0	0	1244
5283	JUR1445	2HB	20131	50	CDD	0	0	1245
5284	JUR1445	2HA	20131	50	CDN	0	0	909
5285	JUR1445	2HX	20131	50	CDN	0	0	118
5286	JUR1530	2HA	20131	50	CDD	0	0	916
5287	JUR1530	2HB	20131	50	CDD	0	0	911
5288	JUR1530	2HX	20131	50	CDN	0	0	118
5289	JUR1531	2HA	20131	50	CDD	0	0	917
5290	JUR1531	2HB	20131	50	CDD	0	0	893
5291	JUR1531	2HX	20131	50	CDN	0	0	1241
5292	JUR1532	2HA	20131	50	CDD	0	0	912
5293	JUR1532	2HB	20131	50	CDD	0	0	913
5294	JUR1532	2HX	20131	50	CDN	0	0	893
5295	JUR1533	2HA	20131	50	CDD	0	0	914
5296	JUR1533	2HB	20131	50	CDD	0	0	913
5297	JUR1533	2HX	20131	50	CDN	0	0	915
5298	JUR1534	2HA	20131	50	CDD	0	0	919
5299	JUR1534	2HB	20131	50	CDD	0	0	918
5300	JUR1534	2HX	20131	50	CDN	0	0	918
5301	JUR1535	2HA	20131	50	CDD	0	0	919
5302	JUR1535	2HB	20131	50	CDD	0	0	918
5303	JUR1535	2HX	20131	50	CDN	0	0	918
5304	JUR1536	2HA	20131	50	CDD	0	0	864
5305	JUR1536	2HB	20131	50	CDD	0	0	921
5306	JUR1536	2HC	20131	50	CDD	0	0	922
5307	JUR1536	2HD	20131	50	CDD	0	0	923
5308	JUR1536	2HX	20131	50	CDN	0	0	923
5309	JUR1540	2HA	20131	50	CDD	0	0	924
5310	JUR1540	2HX	20131	50	CDN	0	0	924
5311	JUR1541	2HA	20131	50	CDD	0	0	914
5312	JUR1541	2HX	20131	50	CDN	0	0	893
5313	JUR1542	2HA	20131	50	CDD	0	0	910
5314	JUR1542	2HB	20131	50	CDD	0	0	864
5315	JUR1542	2HX	20131	50	CDN	0	0	923
5316	JUR1603	2HX	20131	50	CDN	0	0	925
5317	JUR1631	2HA	20131	50	CDD	0	0	926
5318	JUR1631	2HB	20131	50	CDD	0	0	906
5319	JUR1631	2HX	20131	50	CDN	0	0	866
5320	JUR1632	2HA	20131	50	CDD	0	0	926
5321	JUR1632	2HB	20131	50	CDD	0	0	927
5322	JUR1632	2HX	20131	50	CDN	0	0	842
5323	JUR1633	2HA	20131	50	CDD	0	0	928
5324	JUR1633	2HB	20131	50	CDD	0	0	929
5325	JUR1633	2HX	20131	50	CDN	0	0	925
5326	JUR1640	2HA	20131	50	CDD	0	0	906
5327	JUR1640	2HX	20131	50	CDN	0	0	906
5328	JUR1641	2HA	20131	35	CDD	0	0	866
5329	JUR1641	2HX	20131	50	CDN	0	0	866
5330	JUR1731	2HA	20131	50	CDD	0	0	838
5331	JUR1731	2HB	20131	50	CDD	0	0	1246
5332	JUR1731	2HX	20131	50	CDN	0	0	899
5333	JUR1732	2HA	20131	50	CDD	0	0	930
5334	JUR1732	2HB	20131	50	CDD	0	0	838
5335	JUR1732	2HC	20131	50	CDD	0	0	899
5336	JUR1732	2HX	20131	50	CDN	0	0	931
5337	JUR1740	2HA	20131	50	CDD	0	0	932
5338	JUR1740	2HX	20131	50	CDN	0	0	838
5341	JUR1809	2AC	20131	5	CDI	0	0	118
5342	JUR1809	2AD	20131	30	DIG	0	0	118
5339	JUR1809	2AA	20131	15	MOD	0	0	118
5340	JUR1809	2AB	20131	15	MOD	0	0	118
5343	JUR1809	2WA	20131	30	QQC	0	0	118
5344	JUR1830	2HA	20131	10	CDD	0	0	934
5345	JUR1830	2HB	20131	10	CDD	0	0	935
5346	JUR1830	2HX	20131	10	CDN	0	0	936
5347	JUR1831	2HA	20131	50	CDD	0	0	937
5348	JUR1831	2HB	20131	50	CDD	0	0	938
5349	JUR1831	2HC	20131	50	CDD	0	0	939
5350	JUR1831	2HX	20131	50	CDN	0	0	940
5351	JUR1832	2HA	20131	50	CDD	0	0	941
5352	JUR1832	2HB	20131	50	CDD	0	0	942
5353	JUR1832	2HX	20131	50	CDN	0	0	943
5354	JUR1833	2HA	20131	50	CDD	0	0	944
5355	JUR1833	2HB	20131	50	CDD	0	0	945
5356	JUR1833	2HX	20131	50	CDN	0	0	946
5357	JUR1834	2HA	20131	50	CDD	0	0	941
5358	JUR1834	2HB	20131	50	CDD	0	0	850
5359	JUR1834	2HC	20131	50	CDD	0	0	944
5360	JUR1834	2HX	20131	50	CDN	0	0	947
5361	JUR1835	2HA	20131	50	CDD	0	0	948
5362	JUR1835	2HB	20131	50	CDD	0	0	949
5363	JUR1835	2HC	20131	50	CDD	0	0	950
5364	JUR1835	2HX	20131	50	CDN	0	0	1247
5365	JUR1836	2HA	20131	50	CDD	0	0	952
5366	JUR1836	2HB	20131	50	CDD	0	0	839
5367	JUR1836	2HC	20131	50	CDD	0	0	884
5368	JUR1836	2HX	20131	50	CDN	0	0	953
5369	JUR1837	2HA	20131	50	CDD	0	0	954
5370	JUR1837	2HB	20131	50	CDD	0	0	955
5371	JUR1837	2HX	20131	60	CDN	0	0	936
5372	JUR1840	2HA	20131	50	CDD	0	0	949
5373	JUR1840	2HB	20131	50	CDD	0	0	901
5374	JUR1840	2HX	20131	50	CDN	0	0	901
5375	JUR1901	2HA	20131	5	CDD	0	1	876
5376	JUR1901	2HX	20131	5	CDN	0	1	964
5377	JUR1902	2HA	20131	5	CDD	0	1	840
5378	JUR1903	2HA	20131	5	CDD	0	1	966
5379	JUR1903	2HX	20131	5	CDN	0	1	957
5380	JUR1904	2HB	20131	5	CDD	0	1	958
5381	JUR1904	2HD	20131	5	DIR	1	0	843
5382	JUR1904	2HE	20131	5	DIR	1	0	836
5383	JUR1904	2HF	20131	5	DIR	1	0	1248
5384	JUR1904	2HH	20131	5	DIR	1	0	844
5385	JUR1916	2HX	20131	500	DIR	0	2	897
5386	JUR1922	2HA	20131	35	CDI	0	0	846
5387	JUR1922	2HX	20131	35	CDN	0	0	846
5388	JUR1923	2HA	20131	35	CDI	0	0	840
5389	JUR1932	2HA	20131	35	CDI	0	0	945
5390	JUR1934	2HA	20131	35	CDI	0	0	960
5391	JUR1938	2HA	20131	35	CDI	0	0	901
5392	JUR1939	2HA	20131	35	CDI	0	0	961
5393	JUR1940	2HA	20131	35	CDI	0	0	871
5394	JUR1940	2HX	20131	35	CDI	0	0	871
5395	JUR1941	2HA	20131	35	CDI	0	0	852
5396	JUR1943	2HA	20131	35	CDI	0	0	962
5397	JUR1949	2HA	20131	35	CDI	0	0	844
5398	JUR1949	2HX	20131	10	QQC	0	0	844
5399	JUR1953	2HA	20131	35	CDI	0	0	963
5400	JUR1954	2HX	20131	35	CDN	0	0	866
5401	JUR1957	2HA	20131	35	CDI	0	0	933
5402	JUR1958	2HA	20131	35	CDI	0	0	852
5403	JUR1961	2HA	20131	5	CDN	0	2	876
5404	JUR1961	2HB	20131	5	CDN	0	2	872
5405	JUR1961	2HC	20131	5	CDN	0	2	964
5406	JUR1961	2HX	20131	30	CDN	0	2	964
5407	JUR1962	2HA	20131	5	CDN	0	2	840
5408	JUR1962	2HB	20131	5	CDN	0	2	838
5409	JUR1962	2HC	20131	5	CDN	0	2	965
5410	JUR1962	2HX	20131	30	CDN	0	2	932
5411	JUR1963	2HA	20131	5	CDN	0	0	966
5412	JUR1963	2HB	20131	5	CDN	0	0	841
5413	JUR1963	2HC	20131	5	CDN	0	0	957
5414	JUR1963	2HX	20131	30	CDN	0	0	957
5419	JUR1964	2HE	20131	20	CDD	0	0	836
5415	JUR1964	2HA	20131	15	CDN	0	0	839
5416	JUR1964	2HB	20131	5	CDN	0	0	958
5417	JUR1964	2HC	20131	10	CDN	0	0	1249
5418	JUR1964	2HD	20131	5	CDN	0	0	843
5420	JUR1964	2HF	20131	10	CDN	0	0	1248
5421	JUR1964	2HG	20131	5	CDN	0	0	868
5422	JUR1964	2HH	20131	10	CDN	0	0	844
5423	LET1008	1DA	20131	30	QQC	0	0	967
5424	LET1011	1WA	20131	20	QQC	0	0	118
5425	LET1040	1GA	20131	3	ADM	0	0	118
5426	LET1040	1GB	20131	3	ADM	0	0	118
5427	LET1040	1GC	20131	3	ADM	0	0	118
5428	LET1040	1GD	20131	3	ADM	0	0	118
5429	LET1090	1IA	20131	3	CCM	0	0	118
5430	LET1090	1IB	20131	3	CCM	0	0	118
5431	LET1090	1IC	20131	3	CCM	0	0	118
5432	LET1090	1ID	20131	3	CCM	0	0	118
5433	LET1090	1IE	20131	3	CCM	0	0	118
5434	LET1090	1IF	20131	3	CCM	0	0	118
5435	LET1090	1IG	20131	3	CCM	0	0	118
5436	LET1090	1IH	20131	3	CCM	0	0	118
5437	LET1090	1II	20131	3	CCM	0	0	118
5438	LET1113	1DA	20131	18	QQC	0	0	974
5439	LET1145	1BA	20131	30	PED	0	1	118
5440	LET1154	1DA	20131	18	QQC	0	0	974
5441	LET1208	1DA	20131	2	POS	0	0	977
5442	LET1208	1DB	20131	2	POS	0	0	976
5443	LET1208	1DC	20131	2	POS	0	0	977
5444	LET1208	1DD	20131	2	POS	0	0	976
5445	LET1208	1DE	20131	2	POS	0	0	976
5446	LET1208	1DF	20131	2	POS	0	0	975
5447	LET1209	1DA	20131	2	POS	0	0	975
5448	LET1209	1DB	20131	2	POS	0	0	975
5449	LET1230	1DA	20131	2	POS	0	0	977
5450	LET1231	1DA	20131	10	QQC	0	2	975
5451	LET1262	1BA	20131	30	PED	0	1	118
5452	LET1280	1DA	20131	24	CCI	0	0	978
5453	LET1280	1DB	20131	24	CCI	0	0	118
5454	LET1281	1DA	20131	24	CCI	0	0	979
5455	LET1281	1DB	20131	24	CCI	0	0	979
5456	LET1281	1DC	20131	24	CCI	0	0	980
5457	LET1281	1DD	20131	24	CCI	0	0	980
5458	LET1281	1DE	20131	24	CCI	0	0	978
5460	LET1282	1DB	20131	24	CCI	0	0	983
5461	LET1282	1DC	20131	24	CCI	0	0	983
5462	LET1282	1DD	20131	24	CCI	0	0	982
5463	LET1282	1DE	20131	24	CCI	0	0	982
5459	LET1282	1DA	20131	20	POS	0	0	118
5464	LET1285	1DA	20131	24	CCI	0	0	983
5465	LET1285	1DB	20131	24	CCI	0	0	980
5466	LET1285	1DC	20131	24	CCI	0	0	980
5467	LET1286	1DA	20131	24	CCI	0	0	982
5468	LET1287	1DA	20131	20	POS	0	0	979
5469	LET1290	1DA	20131	2	POS	0	0	984
5470	LET1291	1DA	20131	2	POS	0	0	985
5471	LET1292	1DA	20131	2	POS	2	0	986
5472	LET1294	16A	20131	40	CFE	0	0	118
5473	LET1294	1DA	20131	2	POS	0	0	987
5474	LET1295	1DA	20131	2	POS	0	0	974
5475	LET1296	1DA	20131	2	POS	0	0	118
5476	LET1301	1DA	20131	2	POS	0	0	990
5477	LET1301	1DB	20131	2	POS	0	0	990
5478	LET1301	1DC	20131	2	POS	0	0	1250
5479	LET1301	1DD	20131	2	POS	0	0	1250
5480	LET1301	1DE	20131	2	POS	0	0	988
5481	LET1301	1DF	20131	2	POS	0	0	991
5482	LET1301	1DG	20131	2	POS	0	0	990
5483	LET1301	1DH	20131	2	POS	0	0	991
5484	LET1301	1DI	20131	2	POS	0	0	1250
5485	LET1301	1DJ	20131	2	POS	0	2	991
5486	LET1301	1DK	20131	2	POS	0	0	991
5487	LET1301	1DL	20131	2	POS	0	0	990
5488	LET1302	1DA	20131	2	POS	0	0	1250
5489	LET1302	1DB	20131	2	POS	0	0	990
5490	LET1311	1DA	20131	2	POS	0	0	988
5491	LET1353	1DA	20131	11	QQC	0	1	991
5492	LET1501	1DA	20131	2	POS	0	0	992
5493	LET1501	1DB	20131	2	POS	0	0	993
5494	LET1501	1DC	20131	2	POS	0	0	992
5495	LET1501	1DD	20131	2	POS	0	0	993
5496	LET1501	1DE	20131	2	POS	0	0	992
5497	LET1502	1DA	20131	2	POS	0	0	992
5498	LET1502	1DB	20131	2	POS	0	0	993
5499	LET1502	1DC	20131	2	POS	0	0	993
5500	LET1521	1DA	20131	2	POS	0	0	992
5501	LET1612	1EA	20131	50	QQC	0	0	732
5502	LET1711	1DA	20131	10	CLT	0	10	995
5503	LET1711	1DB	20131	10	CLT	0	10	995
5504	LET1713	1DA	20131	10	CLT	0	8	995
5505	LET1713	1DB	20131	10	CLT	0	8	995
5506	LET1714	1DA	20131	10	CLT	0	4	995
5507	LET1715	1DA	20131	10	CLT	0	6	996
5508	LET1717	1DA	20131	10	CLT	0	4	997
5509	LET1797	10A	20131	40	QQC	0	0	969
5510	LET1800	1DA	20131	8	QQC	0	0	995
5512	LET1801	1BA	20131	25	CPD	0	0	998
5511	LET1801	1DA	20131	5	CPD	0	0	998
5513	LET1802	1DA	20131	18	QQC	0	0	998
5514	LET1803	1DA	20131	8	CLT	0	0	973
5515	LET1804	1DA	20131	8	CLT	0	0	1006
5516	LET1805	1DA	20131	8	CLT	0	0	999
5517	LET1806	1DA	20131	28	CLT	0	0	1000
5518	LET1807	1DA	20131	28	CLT	0	0	973
5519	LET1808	1DA	20131	28	CLT	0	0	1002
5520	LET1830	1DA	20131	18	CLT	0	0	1001
5521	LET1832	1DA	20131	28	CLT	0	0	1007
5522	LET1833	1DA	20131	28	CLT	0	0	1004
5523	LET1835	1DA	20131	28	CLT	0	0	1005
5524	LET1840	1DA	20131	8	CLT	0	0	1008
5525	LET1841	1DA	20131	8	CLT	0	0	1013
5526	LET1842	1DA	20131	28	CLT	0	0	1251
5527	LET1843	1DA	20131	3	QQC	0	0	1011
5528	LET1847	1DA	20131	28	CLT	0	0	1012
5529	LET1854	1DA	20131	28	CLT	0	0	1014
5530	LET1856	1DA	20131	28	CLT	0	0	1252
5531	LET1868	1DA	20131	28	QQC	0	0	1019
5532	LET1869	1DA	20131	3	QQC	0	0	1011
5533	LET1870	1DA	20131	26	QQC	0	0	1017
5534	LET1870	1DB	20131	26	QQC	0	0	1017
5535	LET1871	1DA	20131	26	QQC	0	0	1017
5536	LET1872	1DA	20131	26	QQC	0	0	1017
5537	LET1873	1DA	20131	26	QQC	0	0	1017
5538	LET1880	1DA	20131	26	QQC	0	0	1017
5539	LET1881	1DA	20131	28	QQC	0	0	1018
5540	LET1883	1DA	20131	28	QQC	0	0	994
5541	LET1885	1DA	20131	28	QQC	0	0	994
5542	LET1888	1DA	20131	28	QQC	0	0	1018
5543	LET1890	1DA	20131	28	QQC	0	0	732
5544	LET1894	1DA	20131	18	QQC	0	0	1018
5545	LET1897	1DA	20131	28	QQC	0	0	1016
5546	LET1900	1DA	20131	20	CLT	0	0	1020
5547	LET1902	1DA	20131	24	CLT	0	0	1017
5548	LET1905	1DA	20131	22	CLT	0	0	985
5549	LET1906	1DA	20131	28	CLT	0	0	1020
5550	LET1907	1DA	20131	24	CLT	0	0	1253
5551	LET1910	1AA	20131	3	CDI	0	0	118
5552	LET1910	1AB	20131	3	CDI	0	0	118
5553	LET1910	1AC	20131	3	CDI	0	0	118
5554	LET1910	1AD	20131	3	CDI	0	0	118
5555	LET1910	1AE	20131	3	CDI	0	0	118
5556	LET1910	1AF	20131	3	CDI	0	0	118
5557	LET1910	1AG	20131	3	CDI	0	0	118
5558	LET1910	1AH	20131	3	CDI	0	0	118
5560	LET1910	1BA	20131	5	CLT	0	0	995
5564	LET1910	1NA	20131	30	CSC	0	0	118
5559	LET1910	1CA	20131	2	CTL	0	0	118
5561	LET1910	1EA	20131	5	QQC	0	0	1023
5562	LET1910	1EB	20131	5	QQC	0	0	1023
5563	LET1910	1EC	20131	5	QQC	0	0	1023
5565	LET1911	1DA	20131	5	QQC	0	0	986
5566	LET1913	1DA	20131	22	CLT	0	0	984
5567	LET1915	1DA	20131	26	CLT	0	0	974
5568	LET1918	1DA	20131	18	QQC	0	0	986
5569	LET1919	1DA	20131	28	QQC	0	0	987
5571	LET1920	18B	20131	2	CCI	0	0	970
5570	LET1920	18A	20131	1	CMM	0	0	970
5572	LET1920	13A	20131	6	QQC	0	0	118
5573	LET1922	1DA	20131	25	CLT	0	0	1026
5574	LET1932	1DA	20131	25	CLT	0	0	1024
5575	LET1938	1DA	20131	7	CLT	0	6	1026
5576	LET1938	1DB	20131	7	CLT	0	6	1027
5577	LET1939	1DA	20131	5	CLT	0	6	1027
5578	LET1940	1DA	20131	30	QQC	0	0	118
5579	LET1942	1DA	20131	25	CLT	0	0	969
5580	LET1947	1DA	20131	25	CLT	0	0	1015
5581	LET1950	1DA	20131	30	QQC	0	0	118
5582	LET1951	1DA	20131	25	CLT	0	0	973
5583	LET1952	1DA	20131	25	CLT	0	0	118
5584	LET1961	1DA	20131	25	CLT	0	0	999
5585	LET1972	1DA	20131	1	QQC	0	0	1198
5586	LET1987	1DA	20131	24	CLT	0	0	972
5587	LET1988	1DA	20131	5	CLT	0	2	1024
5588	LET1995	1HA	20131	35	CDD	0	0	994
5589	LET1999	1DA	20131	4	CCI	0	4	1031
5590	LET9420	1DA	20131	24	CCI	0	0	978
5591	MAT1002	3WA	20131	20	QQC	0	2	803
5592	MAT1006	33A	20131	50	QQC	0	0	118
5593	MAT1006	33B	20131	50	QQC	0	0	118
5594	MAT1010	3ZA	20131	10	QQC	0	2	479
5595	MAT1045	3ZA	20131	10	QQC	0	3	479
5596	MAT1050	3ZA	20131	10	QQC	0	4	1049
5597	MAT1050	3ZB	20131	10	QQC	0	4	1061
5598	MAT1051	3ZA	20131	10	QQC	0	4	1049
5599	MAT1051	3ZB	20131	10	QQC	0	4	1061
5600	MAT1052	3ZA	20131	10	QQC	0	4	1049
5601	MAT1052	3ZB	20131	10	QQC	0	4	1061
5602	MAT1053	3ZA	20131	10	QQC	0	4	1049
5603	MAT1053	3ZB	20131	10	QQC	0	4	1061
5604	MAT1071	38A	20131	19	ARQ	0	0	1032
5605	MAT1071	38B	20131	2	CCI	0	0	1032
5606	MAT1072	38A	20131	40	ARQ	0	0	1032
5607	MAT1072	38B	20131	2	CCI	0	0	1032
5608	MAT1127	3GA	20131	13	ADM	0	0	62
5609	MAT1127	3GB	20131	13	ADM	0	0	1034
5611	MAT1127	3GD	20131	13	ADM	0	0	1035
5612	MAT1127	3GE	20131	13	ADM	0	0	1036
5613	MAT1127	3GF	20131	20	ADM	0	0	1035
5614	MAT1127	3GG	20131	20	ADM	0	0	1035
5610	MAT1127	3GC	20131	5	CCI	0	0	1035
5615	MAT1128	3GA	20131	45	ADM	0	0	46
5616	MAT1128	3GB	20131	45	ADM	0	0	46
5617	MAT1128	3GC	20131	45	ADM	0	0	46
5618	MAT1128	3GD	20131	45	ADM	0	0	1036
5619	MAT1129	3GA	20131	45	ADM	0	0	1034
5620	MAT1129	3GB	20131	40	ADM	0	0	1037
5621	MAT1129	3GC	20131	40	ADM	0	0	1037
5622	MAT1129	3GD	20131	30	ADM	0	0	55
5623	MAT1129	3GE	20131	45	ADM	0	0	46
5624	MAT1135	3WA	20131	20	QQC	0	2	803
5626	MAT1154	33A	20131	50	QQC	0	0	118
5627	MAT1154	33B	20131	46	QQC	0	0	118
5628	MAT1154	33C	20131	50	QQC	0	0	118
5629	MAT1154	33D	20131	50	QQC	0	0	118
5625	MAT1154	33	20131	47	QQC	0	0	118
5630	MAT1154	33F	20131	46	QQC	0	0	118
5631	MAT1154	33G	20131	46	QQC	0	0	118
5632	MAT1154	33H	20131	50	QQC	0	0	118
5633	MAT1154	33I	20131	40	QQC	0	0	118
5635	MAT1157	33A	20131	30	QQC	0	0	118
5636	MAT1157	33B	20131	30	QQC	0	0	118
5637	MAT1157	33I	20131	3	QQC	0	0	118
5638	MAT1157	33K	20131	30	QQC	0	0	118
5639	MAT1157	33V	20131	30	QQC	0	0	118
5634	MAT1157	33W	20131	27	QQC	0	0	118
5640	MAT1157	33Z	20131	30	QQC	0	0	118
5641	MAT1158	33A	20131	30	QQC	0	0	118
5642	MAT1158	33B	20131	30	QQC	0	0	118
5643	MAT1158	33C	20131	30	QQC	0	0	118
5644	MAT1158	33D	20131	30	QQC	0	0	118
5645	MAT1158	33	20131	30	QQC	0	0	118
5646	MAT1158	33F	20131	30	QQC	0	0	118
5647	MAT1158	33G	20131	30	QQC	0	0	118
5648	MAT1158	33H	20131	30	QQC	0	0	118
5649	MAT1158	33I	20131	30	QQC	0	0	118
5650	MAT1158	33J	20131	30	QQC	0	0	118
5651	MAT1158	33M	20131	30	QQC	0	0	118
5652	MAT1158	33N	20131	30	QQC	0	0	118
5653	MAT1158	33O	20131	30	QQC	0	0	118
5654	MAT1158	33P	20131	30	QQC	0	0	118
5655	MAT1161	33H	20131	10	CEC	0	0	118
5656	MAT1161	33I	20131	3	CEC	0	0	118
5657	MAT1161	33J	20131	15	CEC	0	0	118
5658	MAT1161	33V	20131	30	QQC	0	0	118
5659	MAT1161	33X	20131	30	QQC	0	2	118
5660	MAT1162	33	20131	30	CEC	0	0	118
5661	MAT1162	33F	20131	30	CEC	0	0	118
5662	MAT1162	33A	20131	30	QQC	0	0	118
5663	MAT1162	33B	20131	30	QQC	0	0	118
5664	MAT1162	33C	20131	30	QQC	0	0	118
5665	MAT1162	33D	20131	30	QQC	0	0	118
5666	MAT1162	33G	20131	30	QQC	0	0	118
5667	MAT1162	33H	20131	30	QQC	0	0	118
5668	MAT1162	33I	20131	30	QQC	0	0	118
5669	MAT1162	33J	20131	30	QQC	0	0	118
5670	MAT1162	33K	20131	30	QQC	0	0	118
5671	MAT1162	33L	20131	30	QQC	0	0	118
5672	MAT1162	33M	20131	30	QQC	0	0	118
5673	MAT1162	33N	20131	30	QQC	0	0	118
5674	MAT1162	33O	20131	30	QQC	0	0	118
5675	MAT1162	33P	20131	30	QQC	0	0	118
5676	MAT1162	33Q	20131	30	QQC	0	0	118
5677	MAT1162	33R	20131	30	QQC	0	0	118
5678	MAT1163	33A	20131	60	QQC	0	0	118
5679	MAT1163	33B	20131	60	QQC	0	0	118
5680	MAT1163	33C	20131	60	QQC	0	0	118
5681	MAT1200	33S	20131	60	CEC	0	0	118
5682	MAT1200	33P	20131	60	QQC	0	0	118
5683	MAT1200	33Q	20131	60	QQC	0	0	118
5684	MAT1200	33R	20131	60	QQC	0	0	118
5685	MAT1200	33T	20131	60	QQC	0	0	118
5686	MAT1200	33U	20131	60	QQC	0	0	118
5687	MAT1200	33V	20131	60	QQC	0	0	118
5688	MAT1200	33X	20131	60	QQC	0	0	118
5689	MAT1202	3ZA	20131	29	QQC	0	0	479
5690	MAT1202	3ZB	20131	29	QQC	0	0	479
5691	MAT1202	3ZD	20131	29	QQC	0	0	118
5692	MAT1223	3ZA	20131	20	QQC	0	2	1050
5693	MAT1224	3ZA	20131	20	QQC	0	2	1060
5694	MAT1231	3ZA	20131	20	QQC	0	2	1061
5695	MAT1303	3ZA	20131	20	QQC	0	2	1254
5696	MAT1310	3ZA	20131	50	QQC	0	0	1062
5697	MAT1310	3ZB	20131	50	QQC	0	0	1056
5698	MAT1310	3ZC	20131	50	QQC	0	0	1057
5699	MAT1413	3ZA	20131	20	QQC	0	2	1049
5700	MAT1605	3ZA	20131	20	QQC	0	2	1057
5701	MAT1606	3ZA	20131	20	QQC	0	2	1055
5702	MAT1702	3ZA	20131	20	QQC	0	2	1255
5703	MAT1901	3ZA	20131	20	QQC	0	2	1040
5704	MEC1005	3VA	20131	20	QQC	0	4	547
5705	PSI1010	1EA	20131	50	QQC	0	0	1064
5706	PSI1011	1EA	20131	50	QQC	0	0	1064
5707	PSI1016	1EA	20131	55	CPS	0	0	1085
5708	PSI1016	1EB	20131	55	CPS	0	0	1066
5709	PSI1020	1EA	20131	5	CPS	0	0	1067
5710	PSI1020	1EB	20131	5	CPS	0	0	1067
5711	PSI1020	1EC	20131	5	CPS	0	0	1067
5712	PSI1020	1ED	20131	5	CPS	0	0	1067
5713	PSI1024	1EA	20131	25	CPS	0	2	1095
5714	PSI1024	1EB	20131	25	CPS	0	2	1095
5715	PSI1033	1GA	20131	10	QQC	0	0	72
5716	PSI1033	1GB	20131	10	QQC	0	0	1069
5717	PSI1033	1GC	20131	10	QQC	0	0	1069
5718	PSI1033	1GD	20131	10	QQC	0	0	1069
5719	PSI1210	1MA	20131	5	CSS	0	0	1072
5721	PSI1600	1EB	20131	15	CPS	0	0	1073
5720	PSI1600	1EA	20131	3	QQC	0	0	1073
5722	PSI1601	1EA	20131	3	CPS	0	2	1074
5723	PSI1601	1EB	20131	3	CPS	0	2	1066
5724	PSI1601	1EC	20131	3	CPS	0	2	1075
5725	PSI1601	1ED	20131	3	CPS	0	2	1076
5726	PSI1601	1EE	20131	3	CPS	0	2	1077
5727	PSI1601	1EF	20131	3	CPS	0	2	1078
5728	PSI1601	1EG	20131	3	CPS	0	2	1079
5729	PSI1601	1EH	20131	3	CPS	0	2	1080
5730	PSI1601	1EI	20131	3	CPS	0	2	1099
5731	PSI1601	1EJ	20131	3	CPS	0	2	1081
5732	PSI1601	1EK	20131	3	CPS	0	2	1094
5733	PSI1601	1EL	20131	3	CPS	0	2	1095
5734	PSI1601	1EM	20131	3	CPS	0	2	1082
5735	PSI1601	1EN	20131	3	CPS	0	2	1083
5736	PSI1601	1EO	20131	3	CPS	0	2	1084
5737	PSI1601	1EP	20131	3	CPS	0	2	1085
5738	PSI1601	1EQ	20131	3	CPS	0	2	1096
5739	PSI1601	1ER	20131	3	CPS	0	2	1086
5740	PSI1601	1ES	20131	3	CPS	0	2	1065
5741	PSI1601	1ET	20131	3	CPS	0	2	1087
5742	PSI1601	1EU	20131	3	CPS	0	2	1088
5743	PSI1601	1EV	20131	3	CPS	0	2	1089
5744	PSI1601	1EW	20131	3	CPS	0	2	479
5745	PSI1602	1EA	20131	3	CPS	0	4	1074
5746	PSI1602	1EB	20131	3	CPS	0	4	1066
5747	PSI1602	1EC	20131	3	CPS	0	4	1075
5748	PSI1602	1ED	20131	3	CPS	0	4	1076
5749	PSI1602	1EE	20131	3	CPS	0	4	1077
5750	PSI1602	1EF	20131	3	CPS	0	4	1078
5751	PSI1602	1EG	20131	3	CPS	0	4	1079
5752	PSI1602	1EH	20131	3	CPS	0	4	1080
5753	PSI1602	1EI	20131	3	CPS	0	4	1099
5754	PSI1602	1EJ	20131	3	CPS	0	4	1081
5755	PSI1602	1EK	20131	3	CPS	0	4	1094
5756	PSI1602	1EL	20131	3	CPS	0	4	1095
5757	PSI1602	1EM	20131	3	CPS	0	4	1082
5758	PSI1602	1EN	20131	3	CPS	0	4	1083
5759	PSI1602	1EO	20131	3	CPS	0	4	1084
5760	PSI1602	1EP	20131	3	CPS	0	4	1085
5761	PSI1602	1EQ	20131	3	CPS	0	4	1096
5762	PSI1602	1ER	20131	3	CPS	0	4	1086
5763	PSI1602	1ES	20131	3	CPS	0	4	1065
5764	PSI1602	1ET	20131	3	CPS	0	4	1087
5765	PSI1602	1EU	20131	3	CPS	0	4	1088
5766	PSI1602	1EV	20131	3	CPS	0	4	1089
5767	PSI1602	1EW	20131	3	CPS	0	0	1092
5768	PSI1604	1EA	20131	15	CPS	0	0	1100
5769	PSI1815	1EA	20131	20	CPS	0	0	1092
5770	PSI1817	1EA	20131	15	CPS	0	2	1081
5771	PSI1817	1EB	20131	15	CPS	0	2	1073
5772	PSI1831	1EA	20131	30	CPS	0	0	1093
5773	PSI1831	1EB	20131	30	CPS	0	0	1093
5774	PSI1835	1EA	20131	3	CPS	0	8	1074
5775	PSI1835	1EB	20131	3	CPS	0	8	1066
5776	PSI1835	1EC	20131	3	CPS	0	8	1075
5777	PSI1835	1ED	20131	3	CPS	0	8	1076
5778	PSI1835	1EE	20131	3	CPS	0	8	1077
5779	PSI1835	1EF	20131	3	CPS	0	8	1078
5780	PSI1835	1EG	20131	3	CPS	0	8	1079
5781	PSI1835	1EH	20131	3	CPS	0	8	1080
5782	PSI1835	1EI	20131	3	CPS	0	8	1081
5783	PSI1835	1EJ	20131	3	CPS	0	8	1095
5784	PSI1835	1EK	20131	3	CPS	0	8	1082
5785	PSI1835	1EL	20131	3	CPS	0	8	1083
5786	PSI1835	1EM	20131	3	CPS	0	8	1084
5787	PSI1835	1EN	20131	3	CPS	0	8	1085
5788	PSI1835	1EO	20131	3	CPS	0	8	1096
5789	PSI1835	1EP	20131	3	CPS	0	8	1086
5790	PSI1835	1EQ	20131	3	CPS	0	8	1065
5791	PSI1835	1ER	20131	3	CPS	0	8	1087
5792	PSI1835	1ES	20131	3	CPS	0	8	1088
5793	PSI1835	1ET	20131	3	CPS	0	8	1089
5794	PSI1835	1EU	20131	3	CPS	0	8	479
5795	PSI1836	1EA	20131	3	CPS	0	8	1074
5796	PSI1836	1EB	20131	3	CPS	0	8	1066
5797	PSI1836	1EC	20131	3	CPS	0	8	1075
5798	PSI1836	1ED	20131	3	CPS	0	8	1076
5799	PSI1836	1EE	20131	3	CPS	0	8	1077
5800	PSI1836	1EF	20131	3	CPS	0	8	1078
5801	PSI1836	1EG	20131	3	CPS	0	8	1079
5802	PSI1836	1EH	20131	3	CPS	0	8	1080
5803	PSI1836	1EI	20131	3	CPS	0	8	1081
5804	PSI1836	1EJ	20131	3	CPS	0	8	1095
5805	PSI1836	1EK	20131	3	CPS	0	8	1082
5806	PSI1836	1EL	20131	3	CPS	0	8	1083
5807	PSI1836	1EM	20131	3	CPS	0	8	1084
5808	PSI1836	1EN	20131	3	CPS	0	8	1085
5809	PSI1836	1EO	20131	3	CPS	0	8	1096
5810	PSI1836	1EP	20131	3	CPS	0	8	1086
5811	PSI1836	1EQ	20131	3	CPS	0	8	1065
5812	PSI1836	1ER	20131	3	CPS	0	8	1087
5813	PSI1836	1ES	20131	3	CPS	0	8	1088
5814	PSI1836	1ET	20131	3	CPS	0	8	1089
5815	PSI1836	1EU	20131	3	CPS	0	8	479
5816	PSI1839	1EA	20131	30	CPS	0	0	1064
5817	PSI1839	1EB	20131	30	CPS	0	0	1075
5818	PSI1845	1EA	20131	40	CPS	0	0	1095
5819	PSI1847	1EA	20131	50	CPS	0	0	1103
5820	PSI1848	1EA	20131	2	CPS	0	0	1097
5821	PSI1848	1EB	20131	3	CPS	0	0	1097
5822	PSI1848	1EC	20131	3	CPS	0	0	1097
5823	PSI1848	1ED	20131	3	CPS	0	0	1097
5824	PSI1848	1EE	20131	3	CPS	0	0	1097
5825	PSI1848	1EF	20131	3	CPS	0	0	1097
5826	PSI1850	1EA	20131	15	CPS	0	2	479
5827	PSI1852	1EA	20131	40	CPS	0	0	1087
5828	PSI1858	1EA	20131	30	CPS	0	0	1103
5829	PSI1860	1EA	20131	55	CPS	0	2	1094
5830	PSI1860	1EB	20131	55	CPS	0	2	1099
5831	PSI1861	1EA	20131	30	CPS	0	0	1094
5832	PSI1862	1EA	20131	50	CPS	0	0	1084
5833	PSI1868	1EA	20131	30	CPS	0	0	1079
5834	PSI1869	1EA	20131	55	CPS	0	0	1094
5835	PSI1870	1EA	20131	55	CPS	0	2	1100
5836	PSI1871	1EA	20131	20	CPS	0	0	1101
5837	PSI1877	1EA	20131	15	CPS	0	0	1100
5838	PSI1878	1EA	20131	30	CPS	0	0	1079
5839	PSI1879	1EA	20131	30	CPS	0	0	1080
5840	PSI1880	1EA	20131	30	CPS	0	0	1101
5841	PSI1881	1EA	20131	30	CPS	0	0	1075
5842	PSI1896	1EA	20131	30	CPS	0	0	479
5843	PSI1897	1EA	20131	30	CPS	0	0	479
5844	PSI1898	1EA	20131	55	CPS	0	0	1076
5845	PSI1898	1EB	20131	55	CPS	0	0	1065
5846	PSI1899	1EA	20131	55	CPS	0	0	1077
5847	PSI1900	1EA	20131	40	CPS	0	2	1080
5848	PSI1903	1EA	20131	55	CPS	0	0	1099
5849	PSI1907	1EA	20131	30	CPS	0	0	1096
5850	PSI1910	1EA	20131	50	CPS	0	0	1078
5851	PSI1914	1EA	20131	30	CPS	0	0	1102
5852	PSI1924	1EA	20131	30	CPS	0	2	1068
5853	PSI1928	1EA	20131	20	CPS	0	0	1102
5854	PSI1929	1EA	20131	30	CPS	0	0	1089
5855	PSI1930	1EA	20131	25	CPS	0	2	1084
5856	PSI1930	1EB	20131	25	CPS	0	2	1084
5857	PSI1932	1EA	20131	30	CPS	0	0	1090
5858	PSI1933	1EA	20131	30	CPS	0	0	1110
5859	PSI1935	1EA	20131	50	CPS	0	0	1104
5860	PSI1936	1EA	20131	40	CPS	0	0	1068
5861	PSI1944	1EA	20131	40	CPS	0	0	1108
5862	PSI1945	1EA	20131	30	CPS	0	0	1076
5863	PSI1950	1EA	20131	10	QQC	0	2	1106
5864	PSI1951	1EA	20131	40	CPS	0	2	1105
5865	PSI1957	1EA	20131	50	QQC	0	0	1106
5866	PSI1958	10A	20131	40	QQC	0	0	1101
5867	PSI1958	10B	20131	40	QQC	0	0	1101
5868	PSI1958	10C	20131	40	QQC	0	0	1107
5869	PSI1958	10D	20131	40	QQC	0	0	1108
5870	PSI1958	10	20131	40	QQC	0	0	1107
5871	PSI1958	10F	20131	40	QQC	0	0	510
5872	PSI1958	10G	20131	40	QQC	0	0	1107
5873	PSI1960	1EA	20131	50	CPS	0	2	1109
5874	PSI1970	10	20131	3	CPS	0	6	1092
5875	PSI1970	100	20131	3	CPS	0	6	1066
5876	PSI1970	1000	20131	3	CPS	0	6	1075
5877	PSI1970	10000	20131	3	CPS	0	6	1074
5878	PSI1970	100000	20131	3	CPS	0	6	1076
5879	PSI1970	1000000	20131	3	CPS	0	6	1104
5880	PSI1970	10000000	20131	3	CPS	0	6	1077
5881	PSI1970	100000000	20131	3	CPS	0	6	1106
5882	PSI1970	1000000000	20131	3	CPS	0	6	1078
5883	PSI1970	1EA	20131	3	CPS	0	6	1079
5884	PSI1970	1EB	20131	3	CPS	0	6	1080
5885	PSI1970	1EC	20131	3	CPS	0	6	1099
5886	PSI1970	1ED	20131	3	CPS	0	6	1081
5887	PSI1970	1EE	20131	3	CPS	0	6	1094
5888	PSI1970	1EF	20131	3	CPS	0	6	1110
5889	PSI1970	1EG	20131	3	CPS	0	6	1095
5890	PSI1970	1EH	20131	3	CPS	0	6	1082
5891	PSI1970	1EI	20131	3	CPS	0	6	1083
5892	PSI1970	1EJ	20131	3	CPS	0	6	1084
5893	PSI1970	1EK	20131	3	CPS	0	6	1105
5894	PSI1970	1EL	20131	3	CPS	0	6	1085
5895	PSI1970	1EM	20131	3	CPS	0	6	1096
5896	PSI1970	1EN	20131	3	CPS	0	6	1086
5897	PSI1970	1EO	20131	3	CPS	0	6	1109
5898	PSI1970	1EP	20131	3	CPS	0	6	1065
5899	PSI1970	1EQ	20131	3	CPS	0	6	1101
5900	PSI1970	1ER	20131	3	CPS	0	6	1088
5901	PSI1970	1ES	20131	3	CPS	0	6	1087
5902	PSI1970	1ET	20131	3	CPS	0	6	1090
5903	PSI1970	1EU	20131	3	CPS	0	6	1089
5904	PSI1970	1EV	20131	3	CPS	0	6	479
5905	PSI1971	10	20131	3	CPS	0	6	1092
5906	PSI1971	100	20131	2	CPS	0	6	1066
5907	PSI1971	1000	20131	2	CPS	0	6	1075
5908	PSI1971	10000	20131	5	CPS	0	6	1074
5909	PSI1971	100000	20131	3	CPS	0	6	1076
5910	PSI1971	1000000	20131	2	CPS	0	6	1104
5911	PSI1971	10000000	20131	2	CPS	0	6	1077
5912	PSI1971	100000000	20131	3	CPS	0	6	1106
5913	PSI1971	1000000000	20131	2	CPS	0	6	1078
5914	PSI1971	1EA	20131	7	CPS	0	6	1079
5915	PSI1971	1EB	20131	2	CPS	0	6	1080
5916	PSI1971	1EC	20131	2	CPS	0	6	1099
5917	PSI1971	1ED	20131	8	CPS	0	6	1081
5918	PSI1971	1EE	20131	2	CPS	0	6	1094
5919	PSI1971	1EF	20131	4	CPS	0	6	1110
5920	PSI1971	1EG	20131	2	CPS	0	6	1095
5921	PSI1971	1EH	20131	2	CPS	0	6	1082
5922	PSI1971	1EI	20131	2	CPS	0	6	1083
5923	PSI1971	1EJ	20131	2	CPS	0	6	1084
5924	PSI1971	1EK	20131	3	CPS	0	6	1105
5925	PSI1971	1EL	20131	4	CPS	0	6	1085
5926	PSI1971	1EM	20131	2	CPS	0	6	1096
5927	PSI1971	1EN	20131	3	CPS	0	6	1086
5928	PSI1971	1EO	20131	5	CPS	0	6	1109
5929	PSI1971	1EP	20131	2	CPS	0	6	1065
5930	PSI1971	1EQ	20131	2	CPS	0	6	1101
5931	PSI1971	1ER	20131	3	CPS	0	6	1088
5932	PSI1971	1ES	20131	2	CPS	0	6	1087
5933	PSI1971	1ET	20131	2	CPS	0	6	1090
5934	PSI1971	1EU	20131	2	CPS	0	6	1089
5935	PSI1971	1EV	20131	2	CPS	0	6	479
5936	PSI1972	1EA	20131	3	CPS	0	4	479
5937	PSI1973	1EA	20131	3	CPS	0	2	479
5938	PSI1974	1EA	20131	3	CPS	0	4	479
5939	PSI1975	1EA	20131	3	CPS	0	2	479
5940	PSI1980	1EA	20131	2	CPS	0	17	1092
5941	PSI1980	1EB	20131	2	CPS	0	17	1074
5942	PSI1980	1EC	20131	2	CPS	0	17	1081
5943	PSI1980	1ED	20131	2	CPS	0	17	1083
5944	PSI1980	1EE	20131	2	CPS	0	17	1086
5945	PSI1980	1EF	20131	2	CPS	0	17	1096
5946	PSI1980	1EG	20131	2	CPS	0	17	1109
5947	PSI1980	1EH	20131	2	CPS	0	17	1108
5948	PSI1980	1EI	20131	2	CPS	0	17	1103
5949	PSI1980	1EJ	20131	2	CPS	0	17	1088
5950	PSI1980	1EK	20131	2	CPS	0	17	479
5951	PSI1980	1EL	20131	2	CPS	0	17	479
5952	PSI1980	1EM	20131	2	CPS	0	17	479
5953	PSI1980	1EN	20131	2	CPS	0	17	479
5954	PSI1981	1EA	20131	15	CPS	0	2	1108
5955	PSI1982	1EA	20131	15	CPS	0	2	1092
5956	PSI1982	1EB	20131	15	CPS	0	2	1106
5957	PSI1982	1EC	20131	15	CPS	0	2	1095
5958	PSI1982	1ED	20131	15	CPS	0	2	1105
5959	PSI1982	1EE	20131	15	CPS	0	2	1109
5960	PSI1982	1EF	20131	15	CPS	0	2	1086
5961	PSI1982	1EG	20131	15	CPS	0	2	1096
5962	PSI1982	1EH	20131	15	CPS	0	2	1101
5963	PSI1982	1EI	20131	15	CPS	0	2	1068
5964	PSI1983	1EA	20131	15	CPS	0	2	1089
5965	PSI1984	1EA	20131	15	CPS	0	2	1092
5966	PSI1984	1EB	20131	15	CPS	0	2	1079
5967	PSI1984	1EC	20131	15	CPS	0	2	1094
5968	PSI1984	1ED	20131	15	CPS	0	2	1105
5969	PSI1984	1EE	20131	15	CPS	0	2	1109
5970	PSI1984	1EF	20131	15	CPS	0	2	1103
5971	PSI1984	1EG	20131	15	CPS	0	2	1098
5972	PSI1985	1EA	20131	5	CPS	0	4	1092
5973	PSI1985	1EB	20131	5	CPS	0	8	1074
5974	PSI1985	1EC	20131	5	CPS	0	8	1104
5975	PSI1985	1ED	20131	10	CPS	0	10	1106
5976	PSI1985	1EE	20131	5	CPS	0	10	1079
5977	PSI1985	1EF	20131	5	CPS	0	8	1081
5978	PSI1985	1EG	20131	5	CPS	0	10	1099
5979	PSI1985	1EH	20131	5	CPS	0	10	1099
5980	PSI1985	1EI	20131	5	CPS	0	8	1110
5981	PSI1985	1EJ	20131	5	CPS	0	8	1083
5982	PSI1985	1EK	20131	5	CPS	0	10	1084
5983	PSI1985	1EL	20131	5	CPS	0	8	1096
5984	PSI1985	1EM	20131	5	CPS	0	8	1086
5985	PSI1985	1EN	20131	5	CPS	0	10	1109
5986	PSI1985	1EO	20131	5	CPS	0	8	1065
5987	PSI1985	1EP	20131	5	CPS	0	8	1108
5988	PSI1985	1EQ	20131	5	CPS	0	8	1102
5989	PSI1985	1ER	20131	5	CPS	0	8	1068
5990	PSI1985	1ES	20131	5	CPS	0	8	1103
5991	PSI1985	1ET	20131	5	CPS	0	8	1098
5992	PSI1985	1EU	20131	5	CPS	0	8	1098
5993	PSI1985	1EV	20131	5	CPS	0	8	1088
5994	PSI1985	1EW	20131	5	CPS	0	4	1090
5995	PSI1985	1EX	20131	3	CPS	0	12	479
5996	PSI1986	1EA	20131	2	CPS	0	4	1092
5997	PSI1986	1EB	20131	3	CPS	0	8	1074
5998	PSI1986	1EC	20131	5	CPS	0	10	1104
5999	PSI1986	1ED	20131	5	CPS	0	10	1106
6000	PSI1986	1EE	20131	3	CPS	0	10	1079
6001	PSI1986	1EF	20131	2	CPS	0	8	1081
6002	PSI1986	1EG	20131	2	CPS	0	10	1099
6003	PSI1986	1EH	20131	3	CPS	0	10	1099
6004	PSI1986	1EI	20131	2	CPS	0	10	1110
6005	PSI1986	1EJ	20131	6	CPS	0	8	1083
6006	PSI1986	1EK	20131	2	CPS	0	10	1084
6007	PSI1986	1EL	20131	3	CPS	0	8	1096
6008	PSI1986	1EM	20131	4	CPS	0	8	1086
6009	PSI1986	1EN	20131	2	CPS	0	10	1109
6010	PSI1986	1EO	20131	4	CPS	0	8	1065
6011	PSI1986	1EP	20131	4	CPS	0	8	1108
6012	PSI1986	1EQ	20131	2	CPS	0	8	1102
6013	PSI1986	1ER	20131	4	CPS	0	8	1068
6014	PSI1986	1ES	20131	4	CPS	0	8	1103
6015	PSI1986	1ET	20131	2	CPS	0	8	1098
6016	PSI1986	1EU	20131	2	CPS	0	8	1098
6017	PSI1986	1EV	20131	4	CPS	0	8	1088
6018	PSI1986	1EW	20131	4	CPS	0	4	1090
6019	PSI1986	1EX	20131	2	CPS	0	12	479
6020	PSI1990	1EA	20131	3	CPS	0	17	1079
6021	PSI1990	1EB	20131	2	CPS	0	17	1096
6022	PSI1990	1EC	20131	2	CPS	0	17	1110
6023	PSI1990	1ED	20131	2	CPS	0	17	1098
6024	PSI1990	1EE	20131	2	CPS	0	17	1102
6025	PSI1990	1EF	20131	2	CPS	0	17	479
6026	PSI1990	1EG	20131	2	CPS	0	17	479
6027	QUI1330	3XA	20131	30	BIO	0	0	1112
6028	QUI1703	3XA	20131	58	QQC	0	0	1113
6029	QUI1705	3XA	20131	20	QQC	0	0	1114
6030	QUI1709	33V	20131	30	QQC	0	0	118
6031	QUI1712	3XA	20131	15	QQC	0	0	1113
6032	QUI1712	3XB	20131	15	QQC	0	0	1114
6033	QUI1720	33U	20131	60	QQC	0	0	118
6034	QUI1720	33V	20131	60	QQC	0	0	118
6035	QUI1720	33W	20131	60	QQC	0	0	118
6036	QUI1720	33Z	20131	60	QQC	0	0	118
6037	QUI1721	3XA	20131	60	QQC	0	0	645
6038	QUI1722	3XA	20131	24	QQC	0	0	1123
6039	QUI1722	3XB	20131	24	QQC	0	0	1123
6040	QUI1723	3XA	20131	60	QQC	0	0	1120
6041	QUI1724	3XA	20131	24	QQC	0	0	645
6042	QUI1737	3XA	20131	10	QQC	0	0	1120
6043	QUI1738	3XA	20131	10	QQC	0	5	479
6044	QUI1750	3XA	20131	60	QQC	0	0	1119
6045	QUI1751	3XA	20131	60	QQC	0	0	1124
6046	QUI1755	3XA	20131	24	QQC	0	0	1119
6047	QUI1755	3XB	20131	24	QQC	0	0	1124
6048	QUI1768	3XA	20131	39	QQC	0	0	1112
6049	QUI1769	3XA	20131	15	QQC	0	0	1112
6050	QUI1769	3XB	20131	15	QQC	0	0	1112
6051	QUI1786	3XA	20131	60	QQC	0	0	1125
6052	QUI1787	3XA	20131	20	QQC	0	0	479
6053	QUI1787	3XB	20131	20	QQC	0	0	479
6054	QUI1789	3XA	20131	10	QQC	0	6	1125
6055	QUI1797	3XA	20131	30	BIO	0	0	648
6056	QUI1826	3VA	20131	20	QQC	0	2	561
6057	SER1153	2MA	20131	5	CSS	0	0	1128
6058	SER1158	2MA	20131	5	CSS	0	0	1140
6059	SER1164	2MA	20131	35	CSS	0	0	1135
6060	SER1176	2MA	20131	35	CSS	0	0	1129
6061	SER1177	2MA	20131	35	CSS	0	0	1130
6062	SER1184	2MA	20131	35	CSS	0	0	1133
6063	SER1188	2MA	20131	35	CSS	0	0	1137
6064	SER1205	2MA	20131	35	CSS	0	0	1131
6065	SER1206	2MA	20131	35	CSS	0	0	1131
6066	SER1208	2MA	20131	35	CSS	0	8	344
6067	SER1210	2MA	20131	35	CSS	0	8	1136
6068	SER1212	2MA	20131	35	CSS	0	8	1139
6069	SER1214	2MA	20131	10	CSS	0	0	1128
6070	SER1214	2MB	20131	10	CSS	0	0	1256
6071	SER1214	2MC	20131	10	CSS	0	0	1130
6072	SER1220	2MA	20131	5	CSS	0	0	1138
6073	SER1222	2MA	20131	5	QQC	0	0	1134
6074	SER1224	2MA	20131	5	QQC	0	0	1257
6075	SER1225	2MA	20131	5	QQC	0	0	1258
6078	SOC1101	2HA	20131	10	CDD	0	0	118
6079	SOC1101	2HB	20131	10	CDD	0	0	118
6080	SOC1101	2HX	20131	50	CDN	0	0	1143
6081	SOC1101	2MA	20131	5	CSS	0	0	118
6076	SOC1101	2JA	20131	2	QQC	0	0	118
6077	SOC1101	2JB	20131	3	QQC	0	0	118
6082	SOC1101	2JC	20131	5	QQC	0	0	118
6083	SOC1101	24A	20131	4	RIT	0	0	118
6084	SOC1102	2IA	20131	45	CCM	0	0	118
6085	SOC1102	2IB	20131	45	CCM	0	0	118
6086	SOC1102	2IC	20131	45	CCM	0	0	118
6087	SOC1102	2ID	20131	45	CCM	0	0	118
6088	SOC1102	2IE	20131	45	CCM	0	0	118
6089	SOC1102	2IF	20131	45	CCM	0	0	118
6090	SOC1104	2NA	20131	13	QQC	0	0	1150
6091	SOC1109	2NA	20131	13	QQC	0	0	1150
6092	SOC1114	2AA	20131	30	CDI	0	0	118
6093	SOC1114	2AB	20131	30	CDI	0	0	118
6094	SOC1120	2NA	20131	13	QQC	0	0	1149
6095	SOC1131	2NA	20131	15	QQC	0	0	1259
6096	SOC1139	28A	20131	4	CCI	0	0	1145
6097	SOC1139	28B	20131	4	CCI	0	0	1143
6098	SOC1153	2NA	20131	13	QQC	0	0	1151
6099	SOC1157	2CA	20131	10	CFL	0	0	118
6100	SOC1196	2GA	20131	45	ADM	0	0	118
6101	SOC1201	24A	20131	4	RIT	0	0	118
6102	SOC1202	2NA	20131	13	QQC	0	0	1155
6103	SOC1203	2JA	20131	5	QQC	0	0	118
6104	SOC1203	2NA	20131	13	QQC	0	0	118
6105	SOC1205	2IA	20131	45	CCM	0	0	118
6106	SOC1205	2IB	20131	45	CCM	0	0	118
6107	SOC1205	2IC	20131	30	CCM	0	0	118
6108	SOC1205	2ID	20131	45	CCM	0	0	118
6109	SOC1205	2IE	20131	45	CCM	0	0	118
6110	SOC1205	2IF	20131	30	CCM	0	0	118
6111	SOC1205	2HA	20131	10	CDD	0	0	118
6112	SOC1205	2HB	20131	10	CDD	0	0	118
6113	SOC1205	2HX	20131	10	CDN	0	0	1158
6114	SOC1205	2KA	20131	5	QQC	0	0	118
6115	SOC1209	2NA	20131	13	QQC	0	0	1154
6116	SOC1227	2NA	20131	15	QQC	0	0	118
6117	SOC1302	2IA	20131	45	CCM	0	0	118
6118	SOC1302	2IB	20131	45	CCM	0	0	118
6119	SOC1302	2IC	20131	45	CCM	0	0	118
6120	SOC1302	2ID	20131	45	CCM	0	0	118
6121	SOC1302	2IE	20131	45	CCM	0	0	118
6122	SOC1302	2IF	20131	45	CCM	0	0	118
6124	SOC1302	2MA	20131	20	CSS	0	0	118
6125	SOC1302	2EA	20131	15	QQC	0	0	479
6123	SOC1302	2KA	20131	5	QQC	0	0	118
6126	SOC1305	2NA	20131	13	QQC	0	0	1166
6127	SOC1306	2NA	20131	13	QQC	0	0	1169
6128	SOC1338	2NA	20131	15	QQC	0	0	1170
6129	SOC1339	2NA	20131	8	QQC	0	0	1166
6130	SOC1370	2NA	20131	13	QQC	0	0	1171
6131	SOC1375	2HA	20131	50	CDD	0	0	1165
6132	SOC1375	2HB	20131	50	CDD	0	0	118
6133	SOC1375	2HX	20131	50	CDN	0	0	1168
6134	SOC1380	2GA	20131	45	ADM	0	0	118
6135	SOC1506	2NA	20131	5	QQC	0	0	1164
6136	SOC1507	2NA	20131	13	QQC	0	0	1172
6137	SOC1514	2NA	20131	20	CSC	0	0	1173
6138	SOC1515	2NA	20131	20	CSC	0	0	1162
6139	SOC1518	2NA	20131	20	CSC	0	6	1145
6140	SOC1520	2NA	20131	3	CSC	0	10	1154
6141	SOC1520	2NB	20131	3	CSC	0	10	1149
6142	SOC1520	2NC	20131	3	CSC	0	10	1170
6143	SOC1520	2ND	20131	3	CSC	0	10	1169
6144	SOC1520	2NE	20131	3	CSC	0	10	1150
6145	SOC1520	2NF	20131	3	CSC	0	10	1155
6146	SOC1520	2NG	20131	3	CSC	0	10	1151
6147	SOC1521	2NA	20131	3	CSC	0	10	1154
6148	SOC1521	2NB	20131	3	CSC	0	10	1149
6149	SOC1521	2NC	20131	3	CSC	0	10	1170
6150	SOC1521	2ND	20131	3	CSC	0	10	1174
6151	SOC1521	2NE	20131	3	CSC	0	10	1150
6152	SOC1521	2NF	20131	3	CSC	0	10	1155
6153	SOC1521	2NG	20131	3	CSC	0	10	1151
6154	SOC9174	2NA	20131	35	CCI	0	0	1166
6155	TEO1230	1FA	20131	30	CTL	0	0	1175
6156	TEO1231	1FZ	20131	45	CPT	0	4	1177
6157	TEO1232	1FA	20131	30	CTL	0	0	1179
6158	TEO1234	1FZ	20131	25	CPT	0	10	22
6159	TEO1234	1FA	20131	20	CTL	0	10	22
6160	TEO1238	1FA	20131	30	CTL	0	0	1177
6161	TEO1240	1FA	20131	22	CTL	0	0	1188
6162	TEO1241	1FA	20131	22	CTL	0	0	1176
6163	TEO1242	1FA	20131	30	CTL	0	0	1181
6164	TEO1246	1FA	20131	30	CTL	0	0	1183
6165	TEO1252	1FA	20131	28	CTL	0	0	118
6166	TEO1321	1FA	20131	22	CTL	0	0	118
6167	TEO1322	1FA	20131	30	CTL	0	0	1190
6168	TEO1326	1FA	20131	30	CTL	0	0	1185
6169	TEO1328	1FZ	20131	45	CPT	0	4	1180
6170	TEO1328	1FA	20131	30	CTL	0	0	1180
6171	TEO1329	1FA	20131	30	CTL	0	0	1182
6172	TEO1410	1FA	20131	27	CTL	0	0	342
6173	TEO1512	1FZ	20131	45	CPT	0	2	1175
6174	TEO1518	1FA	20131	30	CTL	0	0	1184
6175	TEO1640	1FA	20131	12	CTL	0	0	1186
6176	TEO1650	1FA	20131	12	CTL	0	0	1260
6177	TEO1711	1FA	20131	30	CTL	0	0	1194
6178	TEO1712	1FA	20131	30	CTL	0	0	1193
6179	TEO1812	1FA	20131	30	CTL	0	0	1189
6180	TEO1813	1FA	20131	30	CTL	0	0	1195
6181	TEO1818	1FA	20131	30	CTL	0	0	1191
6182	TEO1910	1FA	20131	30	CTL	0	0	118
6183	TEO1912	1FA	20131	12	CTL	0	0	1182
\.


--
-- TOC entry 2091 (class 0 OID 36018)
-- Dependencies: 178 2097
-- Data for Name: TurmaHorario; Type: TABLE DATA; Schema: public; Owner: prisma
--

COPY "TurmaHorario" ("FK_Turma", "DiaSemana", "HoraInicial", "HoraFinal") FROM stdin;
6064	4	19	21
6065	3	19	21
6065	5	19	21
6066	6	17	19
6067	6	19	21
6068	3	17	19
6069	2	17	19
6070	2	17	19
6071	2	19	21
6072	2	17	19
6073	4	17	19
6074	5	17	19
6075	4	19	21
6076	2	15	17
6076	4	15	17
6077	2	13	15
6077	4	13	15
6078	5	15	17
6078	6	15	17
6079	3	15	17
6079	5	15	17
6080	2	21	23
6080	6	21	23
6081	3	19	21
6081	5	19	21
6082	2	13	15
6082	4	13	15
6083	3	17	19
6083	5	17	19
6084	3	13	15
6084	5	13	15
6085	3	13	15
6085	5	13	15
6086	3	15	17
6086	5	15	17
6087	3	15	17
6087	5	15	17
6088	3	17	19
6088	5	17	19
6089	3	17	19
6089	5	17	19
6090	3	15	17
6090	5	15	17
6091	3	11	13
6091	5	11	13
6092	3	17	19
6092	5	17	19
6093	3	11	13
6093	5	11	13
6094	2	11	13
6094	4	11	13
6095	3	9	11
6095	5	9	11
6096	2	17	19
6097	2	17	19
6098	3	11	13
6098	5	11	13
6099	3	15	17
6099	5	15	17
6100	3	19	21
6100	5	19	21
6101	2	17	19
6101	4	17	19
6102	2	15	17
6102	4	15	17
6103	4	15	17
6103	6	15	17
6104	2	13	15
6104	4	13	15
6105	2	7	9
6105	4	7	9
6106	2	7	9
6106	4	7	9
6107	2	7	9
6107	4	7	9
6108	3	7	9
6108	5	7	9
6109	3	7	9
6109	5	7	9
6110	3	7	9
6110	5	7	9
6111	2	15	17
6111	4	15	17
6112	2	15	17
6112	5	17	19
6113	3	19	21
6113	5	21	23
6114	2	7	8
6114	2	8	9
6114	4	7	8
6114	4	8	9
6115	2	11	13
6115	4	11	13
6116	3	9	11
6116	5	9	11
6117	2	13	15
6117	4	13	15
6118	2	13	15
6118	4	13	15
6119	2	15	17
6119	4	15	17
6120	2	15	17
6120	4	15	17
6121	2	17	19
6121	4	17	19
6122	2	17	19
6122	4	17	19
6123	3	17	18
6123	3	18	19
6123	5	17	18
6123	5	18	19
6124	6	15	17
6124	6	17	19
6125	3	13	15
6125	5	13	15
6126	3	17	19
6126	5	17	19
6127	2	13	15
6127	4	13	15
6128	2	9	11
6128	4	9	11
6129	3	13	15
6129	5	13	15
6130	2	11	13
6130	4	11	13
6131	2	13	15
6132	3	11	13
6133	5	17	19
6134	2	19	21
6134	4	19	21
6135	6	10	13
6136	2	13	15
6136	4	13	14
6137	6	10	13
6138	6	10	13
6139	5	9	13
6154	3	15	17
6154	5	15	17
6155	4	9	11
6155	6	9	11
6157	4	11	13
6157	6	11	13
6160	5	7	9
6161	6	7	11
6162	3	9	11
6162	5	9	11
6163	4	7	9
6163	6	7	9
6164	3	11	13
6164	5	11	13
6165	5	11	13
6166	3	7	9
6166	5	7	9
6167	3	9	11
6167	5	9	11
6168	3	9	11
6168	5	9	11
6170	3	7	9
6170	5	7	9
6171	3	11	13
6172	3	7	9
6172	5	7	9
6174	2	7	9
6174	4	7	9
6175	5	11	13
6176	4	11	13
6177	2	7	11
6178	6	9	11
6179	3	11	13
6180	6	7	9
6181	3	11	13
6182	5	11	13
6183	3	13	15
6183	5	13	15
3093	2	13	15
3093	4	13	15
3093	6	13	17
3094	5	9	13
3094	6	7	11
3095	3	11	13
3095	6	11	13
3097	2	15	17
3097	4	15	17
3098	2	7	9
3098	4	7	9
3099	2	9	11
3099	4	9	11
3100	3	17	19
3100	5	17	19
3101	3	15	17
3101	5	15	17
3102	3	13	15
3102	5	13	15
3103	3	11	13
3103	5	11	13
3104	3	13	15
3104	5	13	15
3105	2	19	21
3105	4	19	21
3106	3	19	21
3106	5	19	21
3107	3	7	9
3107	5	7	9
3108	3	13	15
3108	5	13	15
3109	3	19	21
3109	5	19	21
3110	2	19	21
3110	4	19	21
3111	3	21	23
3111	5	21	23
3112	2	7	9
3112	4	7	9
3113	3	15	17
3113	5	15	17
3114	3	19	21
3114	5	19	21
3115	2	19	21
3115	4	19	21
3116	3	21	23
3116	5	21	23
3118	3	15	17
3118	5	15	17
3119	3	19	21
3119	5	19	21
3120	3	21	23
3120	5	21	23
3121	2	11	13
3121	4	11	13
3122	2	11	13
3122	4	11	13
3123	2	15	17
3123	6	17	19
3124	2	15	17
3124	6	17	19
3125	3	9	11
3125	5	9	11
3126	3	15	17
3126	5	15	17
3127	3	19	21
3127	5	19	21
3128	3	11	13
3128	5	11	13
3129	3	13	15
3129	5	13	15
3130	3	19	21
3130	5	19	21
3131	3	21	23
3131	5	21	23
3132	2	9	11
3132	4	9	11
3133	2	9	11
3133	4	9	11
3134	2	13	15
3134	4	13	15
3135	2	21	23
3135	4	21	23
3136	2	21	23
3136	4	21	23
3137	2	17	19
3137	4	17	19
3138	4	7	9
3138	6	7	9
3139	2	11	13
3139	4	11	13
3140	3	15	17
3140	5	15	17
3141	3	17	19
3141	5	17	19
3142	2	19	21
3142	4	19	21
3143	2	19	21
3143	4	19	21
3144	2	9	11
3144	4	9	11
3145	2	17	19
3145	4	17	19
3146	3	17	19
3146	5	17	19
3147	2	19	21
3147	4	19	21
3148	2	21	23
3148	4	21	23
3149	3	9	11
3149	5	9	11
3150	3	17	19
3150	5	17	19
3151	4	19	21
3151	6	19	21
3152	4	21	23
3152	6	21	23
3153	2	19	21
3154	3	7	9
3154	5	7	9
3155	2	15	17
3155	4	15	17
3156	2	19	21
3156	4	19	21
3157	2	21	23
3157	4	21	23
3158	3	9	11
3158	5	9	11
3159	3	17	19
3159	5	17	19
3160	3	19	21
3160	5	19	21
3161	3	21	23
3161	5	21	23
3162	4	19	23
3163	3	7	9
3163	5	7	9
3164	5	19	23
3165	3	19	23
3166	2	19	23
3167	2	17	19
3167	4	17	19
3168	3	21	23
3168	5	21	23
3169	2	7	9
3169	4	7	9
3170	2	15	17
3170	4	15	17
3171	2	17	19
3171	4	17	19
3172	3	19	21
3172	5	19	21
3173	3	21	23
3173	5	21	23
3174	2	11	13
3174	4	11	13
3175	2	17	19
3175	4	17	19
3176	3	19	21
3176	5	19	21
3177	4	19	21
3177	6	19	21
3178	2	11	13
3178	4	11	13
3179	2	15	17
3179	4	15	17
3180	2	21	23
3180	6	19	21
3181	2	19	21
3181	6	21	23
3182	4	9	11
3182	6	9	11
3183	3	19	21
3183	5	19	21
3184	3	21	23
3184	5	21	23
3185	4	9	11
3185	6	9	11
3186	4	13	15
3186	6	13	15
3187	2	19	21
3187	4	19	21
3188	2	21	23
3188	4	21	23
3189	4	17	19
3189	6	17	19
3190	3	21	23
3190	5	21	23
3191	3	17	19
3191	5	17	19
3192	2	19	23
3193	2	21	23
3193	4	21	23
3194	2	19	23
3195	3	19	21
3195	5	19	21
3196	3	21	23
3196	5	21	23
3197	2	19	21
3197	4	19	21
3198	3	11	13
3198	5	11	13
3199	2	17	19
3199	4	17	19
3200	2	19	21
3200	4	19	21
3201	2	17	19
3201	4	17	19
3202	2	19	21
3202	4	19	21
3203	3	9	11
3203	5	9	11
3204	3	17	19
3204	5	17	19
3205	2	15	17
3205	4	15	17
3206	3	19	21
3206	5	19	21
3207	2	11	13
3207	4	11	13
3208	2	17	19
3208	4	17	19
3209	2	21	23
3209	4	21	23
3210	2	19	21
3210	4	19	21
3211	3	7	9
3211	5	7	9
3212	3	21	23
3212	5	21	23
3213	4	19	23
3214	3	19	21
3214	5	19	21
3215	2	7	9
3215	4	7	9
3216	3	15	17
3216	5	15	17
3217	3	17	19
3217	5	17	19
3218	3	19	21
3218	5	19	21
3219	2	19	21
3219	4	19	21
3220	3	21	23
3220	5	21	23
3221	2	21	23
3221	4	21	23
3222	2	11	13
3223	6	17	19
3224	6	19	21
3225	2	21	23
3226	3	17	19
3226	5	17	19
3227	4	19	23
3228	3	17	19
3228	5	17	19
3229	3	19	21
3229	5	19	21
3230	3	21	23
3230	5	21	23
3231	3	7	9
3231	5	7	9
3232	2	15	17
3232	4	15	17
3233	2	17	19
3233	4	17	19
3234	3	21	23
3234	5	21	23
3235	2	17	19
3235	4	17	19
3236	3	7	9
3236	5	7	9
3237	2	19	21
3237	4	19	21
3238	2	21	23
3238	4	21	23
3239	3	11	13
3239	5	11	13
3240	2	15	17
3240	4	15	17
3241	3	19	21
3241	5	19	21
3242	2	21	23
3242	4	21	23
3243	6	19	23
3245	6	7	9
3246	6	11	13
3247	3	17	19
3248	5	7	9
3249	6	17	19
3250	3	19	21
3251	6	19	21
3252	5	19	21
3253	5	21	23
3254	0	11	13
3255	6	19	21
3256	0	9	11
3257	3	11	13
3257	5	11	13
3258	3	17	19
3258	5	17	19
3259	3	21	23
3259	5	21	23
3260	6	11	13
3261	6	17	19
3262	6	19	21
3263	5	19	21
3264	3	17	19
3264	5	17	19
3265	3	19	21
3265	5	19	21
3266	2	19	23
3267	3	19	21
3267	5	19	21
3268	3	21	23
3268	5	21	23
3269	2	21	23
3269	4	21	23
3270	2	19	21
3270	4	19	21
3271	2	21	23
3271	4	21	23
3272	2	19	23
3274	3	17	19
3275	5	17	19
3276	6	7	10
3277	6	13	16
3278	6	10	13
3279	6	13	16
3280	2	7	9
3280	4	7	9
3281	2	7	9
3281	4	7	9
3282	5	11	13
3283	4	16	19
3284	5	9	12
3285	4	7	10
3286	4	10	13
3287	2	13	16
3287	2	16	19
3287	4	13	16
3287	4	16	19
3288	2	13	16
3288	2	16	19
3288	4	13	16
3288	4	16	19
3289	2	13	16
3289	2	16	19
3289	4	13	16
3289	4	16	19
3290	2	13	16
3290	2	16	19
3290	4	13	16
3290	4	16	19
3291	2	13	16
3291	2	16	19
3291	4	13	16
3291	4	16	19
3292	2	13	16
3292	2	16	19
3292	4	13	16
3292	4	16	19
3293	2	13	16
3293	2	16	19
3293	4	13	16
3293	4	16	19
3294	2	13	16
3294	2	16	19
3294	4	13	16
3294	4	16	19
3295	3	13	16
3295	3	16	19
3295	5	13	16
3295	5	16	19
3296	3	13	16
3296	3	16	19
3296	5	13	16
3296	5	16	19
3297	3	13	16
3297	3	16	19
3297	5	13	16
3297	5	16	19
3298	3	13	16
3298	3	16	19
3298	5	16	19
3298	5	13	16
3299	3	13	16
3299	3	16	19
3299	5	13	16
3299	5	16	19
3300	3	13	16
3300	3	16	19
3300	5	13	16
3300	5	16	19
3301	3	13	16
3301	3	16	19
3301	5	13	16
3301	5	16	19
3302	3	13	16
3302	3	16	19
3302	5	13	16
3302	5	16	19
3303	3	7	10
3303	3	10	13
3303	5	7	10
3303	5	10	13
3304	3	7	10
3304	3	10	13
3304	5	7	10
3304	5	10	13
3305	3	7	10
3305	3	10	13
3305	5	7	10
3305	5	10	13
3306	3	7	10
3306	3	10	13
3306	5	7	10
3306	5	10	13
3307	3	7	10
3307	3	10	13
3307	5	7	10
3307	5	10	13
3308	3	7	10
3308	3	10	13
3308	5	7	10
3308	5	10	13
3309	3	7	10
3309	3	10	13
3309	5	7	10
3309	5	10	13
3310	3	7	10
3310	3	10	13
3310	5	7	10
3310	5	10	13
3311	2	7	10
3311	2	10	13
3312	2	7	10
3312	2	10	13
3313	2	7	10
3313	2	10	13
3314	2	7	10
3314	2	10	13
3315	2	7	10
3315	2	10	13
3315	4	7	10
3315	4	10	13
3316	2	7	10
3316	2	10	13
3316	4	7	10
3316	4	10	13
3317	2	7	10
3317	2	10	13
3317	4	7	10
3317	4	10	13
3318	2	7	10
3318	2	10	13
3318	4	7	10
3318	4	10	13
3319	6	7	10
3319	6	10	13
3320	6	7	10
3320	6	10	13
3323	4	10	13
3323	4	7	10
3324	4	7	10
3324	4	10	13
3325	4	7	10
3325	4	10	13
3326	4	7	10
3326	4	10	13
3329	4	13	16
3329	4	16	19
3330	4	13	15
3331	5	17	19
3332	4	19	21
3333	6	9	11
3334	2	9	12
3335	2	9	12
3336	5	13	16
3337	4	9	13
3338	4	16	19
3339	5	14	18
3340	4	10	13
3341	5	9	12
3342	4	10	13
3343	3	9	12
3345	5	9	13
3346	2	7	10
3347	2	13	16
3349	3	15	17
3349	5	15	17
3350	3	15	17
3350	5	15	17
3351	3	15	17
3351	5	15	17
3352	4	7	10
3353	6	7	10
3354	6	10	13
3355	6	7	10
3356	6	16	19
3357	6	16	19
3358	6	16	19
3359	6	10	13
3360	6	16	19
3361	6	16	19
3362	6	9	12
3363	6	13	16
3364	6	16	19
3365	6	9	13
3366	6	9	13
3367	6	9	13
3368	2	13	16
3369	2	16	19
3370	2	13	16
3371	2	16	19
3372	2	13	16
3373	2	13	16
3374	2	16	19
3375	2	16	19
3376	3	9	12
3377	3	10	13
3378	3	7	10
3379	5	9	12
3380	6	9	12
3381	4	15	17
3382	5	13	15
3383	5	15	17
3384	4	13	15
3385	4	17	19
3386	5	17	19
3387	6	15	17
3388	3	7	9
3389	6	13	15
3390	5	9	11
3391	2	9	11
3392	5	14	16
3393	2	7	9
3394	5	7	9
3395	5	9	11
3396	4	13	15
3397	4	9	11
3398	5	15	17
3399	6	7	11
3400	6	7	11
3401	6	7	11
3402	6	11	14
3403	3	15	19
3404	5	15	19
3405	5	15	19
3406	2	17	19
3406	4	17	19
3407	3	13	15
3407	5	13	15
3408	3	13	15
3408	5	13	15
3409	3	15	17
3409	5	15	17
3410	4	11	13
3410	6	11	13
3411	2	13	15
3411	4	13	15
3412	2	7	9
3412	4	7	9
3413	4	13	15
3414	6	11	13
3415	4	7	11
3416	3	9	13
3417	3	11	13
3417	6	11	13
3418	6	11	13
3419	5	9	13
3421	2	17	19
3421	4	17	19
3422	2	15	17
3422	4	15	17
3423	2	9	13
3424	3	13	17
3425	4	11	13
3426	4	13	15
3426	6	13	15
3427	3	15	17
3427	5	15	17
3428	2	15	17
3428	4	15	17
3429	4	13	17
3430	4	9	13
3431	5	17	19
3431	5	13	17
3432	3	7	11
3432	3	11	13
3433	3	13	17
3433	3	17	19
3434	2	8	12
3435	6	9	13
3436	6	13	17
3436	6	17	19
3437	5	7	11
3437	5	11	13
3438	2	13	17
3438	2	17	19
3439	6	8	12
3441	4	13	16
3442	2	10	13
3443	3	14	17
3444	2	7	10
3445	2	14	17
3446	2	14	17
3447	4	13	15
3448	4	15	17
3449	4	7	11
3450	6	7	11
3451	4	7	10
3452	4	13	16
3453	4	16	19
3454	3	11	13
3455	6	11	13
3456	3	7	9
3456	5	7	9
3457	3	7	9
3457	5	7	9
3458	3	9	11
3458	5	9	11
3459	3	9	11
3459	5	9	11
3460	3	11	13
3460	5	11	13
3461	3	11	13
3461	5	11	13
3462	4	9	11
3462	6	9	11
3463	4	11	13
3463	6	11	13
3464	2	9	11
3465	2	11	13
3466	6	9	11
3467	6	11	13
3468	6	7	9
3469	6	7	9
3470	6	9	11
3471	2	9	11
3472	2	11	13
3473	6	9	11
3474	6	11	13
3475	2	9	11
3476	2	11	13
3477	2	11	13
3478	2	7	9
3479	6	7	9
3480	2	9	11
3481	2	11	13
3482	2	7	9
3483	6	7	9
3484	4	7	9
3485	6	7	9
3486	4	13	17
3487	2	7	9
3487	4	7	9
3488	2	11	13
3488	6	11	13
3489	2	9	11
3489	4	9	11
3490	2	11	13
3490	4	11	13
3491	6	13	17
3492	3	7	9
3492	5	7	9
3493	4	13	17
3494	4	7	9
3494	6	7	9
3495	3	11	13
3495	5	11	13
3496	3	11	13
3496	5	11	13
3497	3	9	11
3497	5	9	11
3498	3	11	13
3498	5	11	13
3499	4	13	17
3500	4	13	17
3501	6	13	17
3502	6	13	17
3503	2	11	13
3503	4	11	13
3504	3	9	11
3504	5	9	11
3505	2	9	11
3505	6	9	11
3506	2	11	13
3506	6	11	13
3507	3	7	9
3507	5	7	9
3508	3	15	17
3508	5	15	17
3509	4	17	19
3509	6	17	19
3510	4	17	19
3510	6	17	19
3511	4	13	15
3511	6	13	15
3512	4	13	15
3512	6	13	15
3513	4	13	15
3513	6	13	15
3514	4	15	17
3514	6	15	17
3515	4	15	17
3515	6	15	17
3516	4	15	17
3516	6	15	17
3517	4	17	19
3517	6	17	19
3518	2	13	15
3518	6	13	15
3519	2	13	15
3519	6	13	15
3520	2	13	15
3520	6	13	15
3521	2	15	17
3521	6	15	17
3522	2	15	17
3522	6	15	17
3523	2	15	17
3523	6	15	17
3524	2	17	19
3524	6	17	19
3525	2	17	19
3525	6	17	19
3526	2	17	19
3526	6	17	19
3527	2	17	19
3527	4	17	19
3528	2	17	19
3528	4	17	19
3529	2	17	19
3529	4	17	19
3530	2	13	15
3530	4	13	15
3531	2	13	15
3531	4	13	15
3532	2	13	15
3532	4	13	15
3533	2	15	17
3533	4	15	17
3534	2	15	17
3534	4	15	17
3535	2	15	17
3535	4	15	17
3536	2	9	11
3537	2	11	13
3538	4	7	9
3538	6	7	9
3539	4	11	13
3539	6	11	13
3540	4	7	9
3540	6	7	9
3541	4	7	9
3541	6	7	9
3542	4	9	11
3542	6	9	11
3543	4	9	11
3543	6	9	11
3544	4	11	13
3544	6	11	13
3545	4	11	13
3545	6	11	13
3546	2	9	11
3547	2	11	13
3548	3	7	9
3548	5	7	9
3549	3	7	9
3549	5	7	9
3550	3	9	11
3550	5	9	11
3551	3	9	11
3551	5	9	11
3552	3	11	13
3552	5	11	13
3553	3	11	13
3553	5	11	13
3554	4	9	11
3554	6	9	11
3555	4	9	11
3555	6	9	11
3556	4	11	13
3556	6	11	13
3557	4	11	13
3557	6	11	13
3558	2	7	9
3558	6	7	9
3559	2	7	9
3559	6	7	9
3560	2	11	13
3560	6	11	13
3561	2	11	13
3561	6	11	13
3562	2	9	11
3562	6	9	11
3563	2	9	11
3563	6	9	11
3564	3	9	11
3564	5	9	11
3565	2	9	11
3565	6	9	11
3566	2	9	11
3566	6	9	11
3567	2	11	13
3567	6	11	13
3568	2	7	9
3568	6	7	9
3569	2	7	9
3569	6	7	9
3570	2	11	13
3570	6	11	13
3571	4	7	9
3571	6	7	9
3572	4	9	11
3572	6	9	11
3573	4	11	13
3573	6	11	13
3574	2	7	9
3575	2	11	13
3576	6	11	13
3577	2	9	11
3578	6	7	9
3579	6	9	11
3580	2	15	17
3580	6	15	17
3581	2	17	19
3581	6	17	19
3582	2	13	15
3582	6	13	15
3583	2	13	15
3583	6	13	15
3584	2	13	15
3584	6	13	15
3585	2	13	15
3585	6	13	15
3586	2	13	15
3586	6	13	15
3587	2	15	17
3587	6	15	17
3588	2	15	17
3588	6	15	17
3589	2	15	17
3589	6	15	17
3590	2	15	17
3590	6	15	17
3591	2	17	19
3591	6	17	19
3592	2	17	19
3592	6	17	19
3593	2	17	19
3593	6	17	19
3594	2	17	19
3594	6	17	19
3595	2	17	19
3595	4	17	19
3596	2	17	19
3596	4	17	19
3597	2	17	19
3597	4	17	19
3598	2	17	19
3598	4	17	19
3599	2	13	15
3599	4	13	15
3600	2	13	15
3600	4	13	15
3601	2	13	15
3601	4	13	15
3602	2	13	15
3602	4	13	15
3603	2	13	15
3603	4	13	15
3604	2	15	17
3604	4	15	17
3605	2	15	17
3605	4	15	17
3606	2	15	17
3606	4	15	17
3607	2	15	17
3607	4	15	17
3608	2	15	17
3608	4	15	17
3609	2	17	19
3609	4	17	19
3610	3	15	17
3610	5	15	17
3611	3	17	19
3611	5	17	19
3612	3	13	15
3612	5	13	15
3613	3	13	15
3613	5	13	15
3614	3	13	15
3614	5	13	15
3615	3	15	17
3615	5	15	17
3616	3	15	17
3616	5	15	17
3617	3	17	19
3617	5	17	19
3618	3	17	19
3618	5	17	19
3619	3	15	17
3619	5	15	17
3620	3	17	19
3620	5	17	19
3621	3	13	15
3621	5	13	15
3622	3	13	15
3622	5	13	15
3623	3	13	15
3623	5	13	15
3624	3	15	17
3624	5	15	17
3625	3	15	17
3625	5	15	17
3626	3	17	19
3626	5	17	19
3627	3	17	19
3627	5	17	19
3628	3	15	17
3628	5	15	17
3629	3	17	19
3629	5	17	19
3630	3	13	15
3630	5	13	15
3631	3	13	15
3631	5	13	15
3632	3	13	15
3632	5	13	15
3633	3	15	17
3633	5	15	17
3634	3	15	17
3634	5	15	17
3635	3	17	19
3635	5	17	19
3636	3	17	19
3636	5	17	19
3637	3	17	19
3637	5	17	19
3638	3	17	19
3638	5	17	19
3639	3	13	15
3639	5	13	15
3640	3	13	15
3640	5	13	15
3641	3	13	15
3641	5	13	15
3642	3	13	15
3642	5	13	15
3643	3	13	15
3643	5	13	15
3644	3	15	17
3644	5	15	17
3645	3	15	17
3645	5	15	17
3646	3	15	17
3646	5	15	17
3647	3	15	17
3647	5	15	17
3648	3	15	17
3648	5	15	17
3649	3	17	19
3649	5	17	19
3650	3	17	19
3650	5	17	19
3651	3	17	19
3651	5	17	19
3652	3	17	19
3652	5	17	19
3653	3	17	19
3653	5	17	19
3654	3	17	19
3654	5	17	19
3655	3	13	15
3655	5	13	15
3656	3	13	15
3656	5	13	15
3657	3	13	15
3657	5	13	15
3658	3	15	17
3658	5	15	17
3659	3	15	17
3659	5	15	17
3660	3	15	17
3660	5	15	17
3661	2	15	17
3661	6	15	17
3662	2	17	19
3662	6	17	19
3663	2	13	15
3663	6	13	15
3664	2	13	15
3664	6	13	15
3665	2	13	15
3665	6	13	15
3666	2	15	17
3666	6	15	17
3667	2	15	17
3667	6	15	17
3668	2	17	19
3668	6	17	19
3669	2	17	19
3669	6	17	19
3670	3	15	17
3670	5	15	17
3671	3	17	19
3671	5	17	19
3672	3	17	19
3672	5	17	19
3673	3	17	19
3673	5	17	19
3674	3	13	15
3674	5	13	15
3675	3	13	15
3675	5	13	15
3676	3	13	15
3676	5	13	15
3677	3	15	17
3677	5	15	17
3678	3	15	17
3678	5	15	17
3679	3	15	17
3679	5	15	17
3680	3	17	19
3680	5	17	19
3681	3	17	19
3681	5	17	19
3682	3	13	15
3682	5	13	15
3683	3	13	15
3683	5	13	15
3684	3	13	15
3684	5	13	15
3685	3	15	17
3685	5	15	17
3686	3	15	17
3686	5	15	17
3687	3	17	19
3687	5	17	19
3688	2	7	9
3688	4	7	9
3689	2	9	11
3689	4	9	11
3690	2	9	11
3690	4	9	11
3691	2	11	13
3691	4	11	13
3692	3	9	11
3692	5	9	11
3693	3	11	13
3693	5	11	13
3694	3	7	9
3694	5	7	9
3695	3	9	11
3695	5	9	11
3696	3	11	13
3696	5	11	13
3697	4	9	11
3697	6	9	11
3698	4	11	13
3698	6	11	13
3699	2	7	9
3699	4	7	9
3700	2	9	11
3700	4	9	11
3701	2	11	13
3701	4	11	13
3702	3	7	9
3702	5	7	9
3703	3	9	11
3703	5	9	11
3704	3	11	13
3704	5	11	13
3705	2	7	9
3705	4	7	9
3706	2	7	9
3706	4	7	9
3707	2	9	11
3707	4	9	11
3708	2	9	11
3708	4	9	11
3709	2	11	13
3709	4	11	13
3710	2	11	13
3710	4	11	13
3711	3	7	9
3711	5	7	9
3712	3	9	11
3712	5	9	11
3713	3	9	11
3713	5	9	11
3714	3	11	13
3714	5	11	13
3715	2	9	11
3715	6	9	11
3716	2	11	13
3716	6	11	13
3717	4	9	11
3717	6	9	11
3718	4	11	13
3718	6	11	13
3719	3	7	9
3719	5	7	9
3720	3	7	9
3720	5	7	9
3721	3	9	11
3721	5	9	11
3722	3	9	11
3722	5	9	11
3723	3	11	13
3723	5	11	13
3724	3	11	13
3724	5	11	13
3725	2	7	9
3725	6	7	9
3726	2	9	11
3726	6	9	11
3727	2	11	13
3727	6	11	13
3728	4	9	11
3728	6	9	11
3729	4	11	13
3729	6	11	13
3730	3	7	9
3730	5	7	9
3731	3	9	11
3731	5	9	11
3732	3	11	13
3732	5	11	13
3733	4	7	9
3733	6	7	9
3734	4	9	11
3734	6	9	11
3735	4	11	13
3735	6	11	13
3736	3	7	9
3736	5	7	9
3737	3	7	9
3737	5	7	9
3738	3	9	11
3738	5	9	11
3739	3	9	11
3739	5	9	11
3740	3	11	13
3740	5	11	13
3741	3	11	13
3741	5	11	13
3742	2	7	9
3742	6	7	9
3743	2	9	11
3743	6	9	11
3744	2	11	13
3744	6	11	13
3745	3	7	9
3745	5	7	9
3746	3	11	13
3746	5	11	13
3747	3	9	11
3747	5	9	11
3748	3	9	11
3748	5	9	11
3749	3	11	13
3749	5	11	13
3750	3	11	13
3750	5	11	13
3751	3	9	11
3751	5	9	11
3752	3	11	13
3752	5	11	13
3753	3	11	13
3753	5	11	13
3754	2	7	9
3754	4	7	9
3755	2	9	11
3755	4	9	11
3756	2	7	9
3756	4	7	9
3757	2	9	11
3757	4	9	11
3758	2	11	13
3758	4	11	13
3759	4	9	11
3759	6	9	11
3760	4	11	13
3760	6	11	13
3761	2	11	13
3761	6	11	13
3762	2	7	9
3762	4	7	9
3763	2	9	11
3763	4	9	11
3764	2	11	13
3764	4	11	13
3765	3	9	11
3765	5	9	11
3766	3	11	13
3766	5	11	13
3767	3	7	9
3767	5	7	9
3768	3	9	11
3768	5	9	11
3769	2	7	9
3769	4	7	9
3770	2	9	11
3770	4	9	11
3771	2	11	13
3771	4	11	13
3772	3	7	9
3772	5	7	9
3773	3	9	11
3773	5	9	11
3774	3	9	11
3774	5	9	11
3775	3	11	13
3775	5	11	13
3776	3	9	11
3776	5	9	11
3777	3	9	11
3777	5	9	11
3778	3	11	13
3778	5	11	13
3779	3	11	13
3779	5	11	13
3780	2	7	9
3780	4	7	9
3781	2	9	11
3781	4	9	11
3782	2	11	13
3782	4	11	13
3783	3	7	9
3783	5	7	9
3784	2	7	9
3784	4	7	9
3785	2	9	11
3785	4	9	11
3786	2	9	11
3786	4	9	11
3787	2	11	13
3787	4	11	13
3788	3	7	9
3788	5	7	9
3789	3	9	11
3789	5	9	11
3790	3	11	13
3790	5	11	13
3791	3	11	13
3791	5	11	13
3792	3	7	9
3792	5	7	9
3793	3	9	11
3793	5	9	11
3794	3	11	13
3794	5	11	13
3795	2	11	13
3795	4	11	13
3796	4	7	9
3796	6	7	9
3797	4	9	11
3797	6	9	11
3798	4	9	11
3798	6	9	11
3799	4	11	13
3799	6	11	13
3800	4	9	11
3800	6	9	11
3801	4	9	11
3801	6	9	11
3802	4	11	13
3802	6	11	13
3803	4	11	13
3803	6	11	13
3804	3	7	9
3804	5	7	9
3805	3	9	11
3805	5	9	11
3806	3	11	13
3806	5	11	13
3807	4	7	9
3807	6	7	9
3808	4	9	11
3808	6	9	11
3809	4	11	13
3809	6	11	13
3810	3	7	9
3810	5	7	9
3811	3	9	11
3811	5	9	11
3812	3	9	11
3812	5	9	11
3813	3	11	13
3813	5	11	13
3814	3	11	13
3814	5	11	13
3815	4	7	9
3815	6	7	9
3816	4	9	11
3816	6	9	11
3817	4	11	13
3817	6	11	13
3818	2	7	9
3818	6	7	9
3819	2	9	11
3819	6	9	11
3820	2	11	13
3820	6	11	13
3821	3	7	9
3821	5	7	9
3822	3	9	11
3822	5	9	11
3823	3	11	13
3823	5	11	13
3824	3	7	9
3825	5	7	9
3826	6	7	9
3827	6	9	11
3828	2	15	17
3829	6	13	15
3830	6	15	17
3831	2	17	19
3832	3	11	13
3832	5	11	13
3833	2	9	11
3833	6	9	11
3834	3	13	15
3834	5	13	15
3835	3	9	11
3835	5	9	11
3836	4	9	11
3837	3	11	13
3837	5	11	13
3838	3	9	11
3838	5	9	11
3839	2	13	15
3839	4	13	15
3840	2	13	15
3840	4	13	15
3841	3	11	13
3841	5	11	13
3842	3	11	13
3842	5	11	13
3843	4	13	15
3843	6	13	15
3844	2	9	11
3844	4	9	11
3845	2	11	13
3845	6	11	13
3846	4	13	15
3846	6	13	15
3847	4	13	15
3847	6	13	15
3848	3	11	13
3848	5	11	13
3849	2	9	11
3849	6	9	11
3850	3	13	15
3850	5	13	15
3851	3	9	11
3851	5	9	11
3852	4	9	11
3853	3	11	13
3853	5	11	13
3854	3	9	11
3854	5	9	11
3855	2	13	15
3855	4	13	15
3856	2	13	15
3856	4	13	15
3857	3	11	13
3857	5	11	13
3858	3	11	13
3858	5	11	13
3859	4	13	15
3859	6	13	15
3860	2	9	11
3860	4	9	11
3861	2	11	13
3861	6	11	13
3862	4	13	15
3862	6	13	15
3863	3	11	13
3863	5	11	13
3864	2	9	11
3864	6	9	11
3865	3	13	15
3865	5	13	15
3866	3	9	11
3866	5	9	11
3867	4	9	11
3868	3	11	13
3868	5	11	13
3869	3	9	11
3869	5	9	11
3870	2	13	15
3870	4	13	15
3871	2	13	15
3871	4	13	15
3872	3	11	13
3872	5	11	13
3873	3	11	13
3873	5	11	13
3874	4	13	15
3874	6	13	15
3875	2	9	11
3875	4	9	11
3876	2	11	13
3876	6	11	13
3877	4	13	15
3877	6	13	15
3878	3	19	21
3878	5	19	21
3879	0	9	13
3885	2	7	9
3885	4	7	9
3886	2	9	11
3886	4	9	11
3887	2	9	11
3887	4	9	11
3888	2	11	13
3888	4	11	13
3889	2	11	13
3889	4	11	13
3890	2	13	15
3890	4	13	15
3891	2	13	15
3891	4	13	15
3892	2	13	15
3892	4	13	15
3893	2	15	17
3893	4	15	17
3894	2	15	17
3894	4	15	17
3895	2	17	19
3895	4	17	19
3896	2	17	19
3896	4	17	19
3897	2	17	19
3897	4	17	19
3898	2	19	21
3898	4	19	21
3899	4	13	17
3900	4	11	13
3900	6	11	13
3901	4	13	15
3901	6	13	15
3902	6	13	17
3903	3	7	9
3903	5	7	9
3904	3	7	9
3904	5	7	9
3905	3	9	11
3905	5	9	11
3906	3	9	11
3906	5	9	11
3907	3	11	13
3907	5	11	13
3908	3	11	13
3908	5	11	13
3909	3	13	15
3909	5	13	15
3910	3	13	15
3910	5	13	15
3911	3	13	15
3911	5	13	15
3912	3	15	17
3912	5	15	17
3913	3	15	17
3913	5	15	17
3914	3	15	17
3914	5	15	17
3915	3	17	19
3915	5	17	19
3916	3	17	19
3916	5	17	19
3917	3	17	19
3917	5	17	19
3918	2	15	17
3918	4	15	17
3919	3	17	19
3919	5	17	19
3920	3	17	19
3920	5	17	19
3921	2	13	15
3921	4	13	15
3922	3	15	17
3922	5	15	17
3923	4	11	13
3923	6	11	13
3924	2	7	9
3924	4	7	9
3925	2	7	9
3925	4	7	9
3926	2	9	11
3926	4	9	11
3927	2	11	13
3927	4	11	13
3928	2	11	13
3928	4	11	13
3929	2	13	15
3929	4	13	15
3930	2	13	15
3930	4	13	15
3931	2	15	17
3931	4	15	17
3932	2	15	17
3932	4	15	17
3933	2	17	19
3933	4	17	19
3934	2	17	19
3934	4	17	19
3935	2	19	21
3935	4	19	21
3936	3	7	9
3936	5	7	9
3937	3	7	9
3937	5	7	9
3938	3	7	9
3938	5	7	9
3939	3	9	11
3939	5	9	11
3940	3	9	11
3940	5	9	11
3941	3	11	13
3941	5	11	13
3942	3	11	13
3942	5	11	13
3943	3	13	15
3943	5	13	15
3944	3	13	15
3944	5	13	15
3945	3	13	15
3945	5	13	15
3946	3	15	17
3946	5	15	17
3947	3	15	17
3947	5	15	17
3948	3	17	19
3948	5	17	19
3949	3	19	21
3949	5	19	21
3950	2	7	9
3950	6	7	9
3951	4	7	9
3951	6	7	9
3952	4	9	11
3952	6	9	11
3953	2	13	17
3954	6	13	17
3955	0	9	13
3956	3	7	9
3957	3	9	11
3958	3	9	11
3959	3	11	13
3960	3	13	15
3961	3	15	17
3962	2	7	9
3963	2	7	9
3964	2	9	11
3965	2	9	11
3966	2	11	13
3967	2	11	13
3968	2	13	15
3969	2	13	15
3970	2	15	17
3971	4	7	9
3972	4	7	9
3973	4	9	11
3974	4	9	11
3975	4	13	15
3976	4	15	17
3977	5	7	9
3978	5	9	11
3979	5	11	13
3980	5	13	15
3981	5	15	17
3982	5	17	19
3983	5	19	21
3984	5	21	23
3985	6	7	9
3986	6	7	9
3987	6	9	11
3988	6	9	11
3989	6	11	13
3990	6	11	13
3991	6	13	15
3992	6	15	17
3993	6	17	19
3994	2	11	13
3995	5	11	13
3996	5	13	15
3997	6	11	13
3998	6	7	9
3999	6	9	11
4000	2	19	21
4001	2	7	9
4002	2	9	11
4003	4	7	9
4004	4	9	11
4005	4	11	13
4006	6	7	9
4007	6	9	11
4008	6	11	13
4009	2	9	11
4010	2	11	13
4011	2	13	15
4012	2	19	21
4013	3	21	23
4014	5	17	19
4015	5	19	21
4016	5	21	23
4017	6	7	9
4018	6	7	9
4019	6	9	11
4020	6	11	13
4021	2	13	15
4022	2	15	17
4023	6	9	11
4024	6	11	13
4025	6	13	15
4026	2	19	21
4027	3	19	21
4028	6	7	9
4029	6	11	13
4030	3	13	17
4030	3	17	19
4030	5	13	17
4031	3	13	17
4031	3	17	19
4031	5	13	17
4032	3	13	17
4032	3	17	19
4032	5	13	17
4033	3	13	17
4033	3	17	19
4033	5	13	17
4034	3	13	17
4034	3	17	19
4034	5	13	17
4035	3	13	17
4035	3	17	19
4035	5	13	17
4036	3	13	17
4036	3	17	19
4036	5	13	17
4037	3	13	17
4037	3	17	19
4037	5	13	17
4038	4	13	17
4038	4	17	19
4038	6	13	17
4039	4	13	17
4039	4	17	19
4039	6	13	17
4040	4	13	17
4040	4	17	19
4040	6	13	17
4041	4	13	17
4041	4	17	19
4041	6	13	17
4042	4	13	17
4042	4	17	19
4042	6	13	17
4043	4	13	17
4043	4	17	19
4043	6	13	17
4044	4	13	17
4044	4	17	19
4044	6	13	17
4045	4	13	17
4045	4	17	19
4045	6	13	17
4046	2	7	11
4046	2	11	13
4046	4	7	11
4047	2	7	11
4047	2	11	13
4047	4	7	11
4048	2	7	11
4048	2	11	13
4048	4	7	11
4049	2	7	11
4049	2	11	13
4049	4	7	11
4050	2	7	11
4050	2	11	13
4050	4	7	11
4051	2	7	11
4051	2	11	13
4051	4	7	11
4052	2	13	17
4052	4	13	17
4052	4	17	19
4053	2	13	17
4053	4	13	17
4053	4	17	19
4054	2	7	11
4054	2	11	13
4054	4	7	11
4055	2	7	11
4055	2	11	13
4055	4	7	11
4056	2	7	11
4056	2	11	13
4056	4	7	11
4057	2	7	11
4057	2	11	13
4057	4	7	11
4058	2	7	11
4058	2	11	13
4058	4	7	11
4059	2	7	11
4059	2	11	13
4059	4	7	11
4060	2	7	11
4060	2	11	13
4060	4	7	11
4061	2	7	11
4061	2	11	13
4061	4	7	11
4062	2	7	11
4062	2	11	13
4062	4	7	11
4063	2	7	11
4063	2	11	13
4063	4	7	11
4064	2	7	11
4064	2	11	13
4064	4	7	11
4065	2	7	11
4065	2	11	13
4065	4	7	11
4066	3	11	13
4067	3	11	13
4068	3	11	13
4069	3	11	13
4070	3	11	13
4071	3	7	11
4071	5	7	11
4071	5	11	13
4072	3	7	11
4072	5	7	11
4072	5	11	13
4073	3	7	11
4073	5	7	11
4073	5	11	13
4074	3	7	11
4074	5	7	11
4074	5	11	13
4075	3	7	11
4075	6	7	11
4075	6	11	13
4076	3	7	11
4076	6	7	11
4076	6	11	13
4077	3	7	11
4077	6	7	11
4077	6	11	13
4078	3	7	11
4078	5	7	11
4078	5	11	13
4079	3	7	11
4079	5	7	11
4079	5	11	13
4080	3	7	11
4080	5	7	11
4080	5	11	13
4081	3	7	11
4081	5	7	11
4081	5	11	13
4082	3	7	11
4082	6	7	11
4082	6	11	13
4083	3	7	11
4083	6	7	11
4083	6	11	13
4084	3	7	11
4084	5	7	11
4084	5	11	13
4085	3	7	11
4085	5	7	11
4085	5	11	13
4086	4	7	11
4086	6	7	11
4087	4	7	11
4087	6	7	11
4088	3	7	11
4088	5	7	11
4088	5	11	13
4089	3	7	11
4089	5	7	11
4089	5	11	13
4090	3	7	11
4090	5	7	11
4090	5	11	13
4091	3	7	11
4091	6	7	11
4091	6	11	13
4092	3	7	11
4092	6	7	11
4092	6	11	13
4093	5	9	11
4094	3	15	17
4095	3	11	13
4096	4	9	11
4097	6	7	9
4098	5	7	9
4099	4	11	13
4100	3	7	9
4101	5	7	9
4102	5	15	17
4103	5	13	15
4104	4	11	13
4105	5	9	11
4106	4	7	9
4107	2	11	13
4108	4	13	15
4109	4	13	15
4110	4	15	17
4111	2	13	15
4112	4	15	17
4113	2	15	17
4114	2	13	15
4115	5	17	19
4116	2	11	13
4117	3	11	13
4118	5	15	17
4119	6	13	15
4120	5	13	15
4121	2	17	19
4122	4	15	17
4123	5	9	11
4124	5	11	13
4125	3	11	13
4126	5	11	13
4127	5	17	19
4128	3	9	11
4129	6	7	9
4130	3	17	19
4131	5	17	19
4132	4	17	19
4133	5	17	19
4134	4	16	19
4135	6	10	13
4136	6	16	19
4137	2	16	19
4138	4	16	19
4139	6	13	16
4140	2	13	16
4141	6	7	10
4142	3	7	10
4143	5	13	16
4144	3	10	13
4145	3	13	16
4146	4	11	14
4147	2	16	19
4148	5	13	16
4149	2	13	16
4150	5	16	19
4151	3	16	19
4152	3	13	16
4153	6	7	10
4154	2	7	10
4155	5	16	19
4156	5	16	19
4157	3	13	16
4158	2	16	19
4159	5	11	14
4160	3	13	16
4161	6	11	13
4162	6	7	9
4163	4	11	13
4164	3	11	13
4165	5	9	11
4166	5	11	13
4167	2	15	18
4168	3	15	18
4169	2	13	16
4170	6	9	11
4171	5	11	13
4172	5	11	14
4173	5	8	11
4174	4	11	13
4174	6	11	13
4175	4	11	13
4175	6	11	13
4176	3	8	11
4177	3	11	14
4178	3	13	16
4179	5	13	16
4180	4	9	11
4181	4	11	13
4182	4	11	13
4182	6	11	13
4183	3	7	9
4183	5	7	9
4184	5	9	11
4185	5	11	13
4186	6	9	11
4187	5	7	9
4188	2	9	11
4189	6	9	11
4190	2	11	13
4190	4	11	13
4191	3	13	15
4191	5	13	15
4192	2	7	9
4193	2	9	11
4194	2	11	13
4195	2	7	9
4195	4	7	9
4196	2	13	15
4197	6	11	13
4198	5	7	9
4199	3	11	13
4200	6	11	13
4201	2	11	13
4201	4	11	13
4202	5	9	13
4203	2	9	13
4204	2	7	10
4205	2	13	16
4206	6	8	11
4207	3	10	13
4208	5	10	13
4209	4	17	19
4210	5	13	16
4211	2	16	19
4212	5	7	10
4213	4	11	14
4214	3	11	13
4214	5	11	13
4215	3	11	13
4216	2	14	17
4217	5	16	19
4218	3	7	9
4219	2	12	15
4220	2	16	19
4221	5	15	18
4222	3	16	19
4223	4	11	13
4224	6	11	13
4225	5	9	11
4226	5	10	13
4227	4	11	14
4228	6	7	11
4229	4	11	13
4230	5	9	11
4231	6	9	11
4232	6	7	9
4233	4	7	9
4234	6	11	13
4235	3	9	11
4236	3	11	13
4237	4	11	13
4238	6	7	9
4239	3	11	13
4239	5	11	13
4240	5	7	9
4241	4	11	13
4242	6	13	16
4243	5	7	9
4244	5	13	16
4245	3	16	19
4246	5	9	11
4247	6	9	12
4248	6	13	16
4249	4	9	12
4250	3	13	16
4251	2	16	19
4252	2	7	9
4253	4	7	9
4254	5	7	9
4255	4	11	13
4256	5	9	13
4257	6	11	13
4258	2	9	11
4259	5	7	9
4260	4	7	9
4261	5	17	19
4262	3	17	19
4263	2	11	13
4264	3	8	11
4267	3	7	10
4268	4	7	10
4269	3	13	16
4270	2	10	13
4271	6	13	17
4272	4	9	13
4273	6	13	17
4274	6	10	14
4275	6	7	11
4276	6	7	11
4277	4	17	19
4277	6	17	19
4278	2	19	21
4278	6	19	21
4279	2	21	23
4279	6	21	23
4280	2	7	9
4280	4	7	9
4281	3	15	17
4281	5	15	17
4282	3	13	15
4282	5	13	15
4283	3	11	13
4283	5	11	13
4284	2	7	10
4285	4	7	10
4286	4	11	13
4286	6	11	13
4287	3	7	8
4287	3	8	9
4287	5	7	8
4287	5	8	9
4288	3	11	13
4288	5	11	13
4289	3	11	13
4289	5	11	13
4290	3	11	13
4290	5	11	13
4291	2	11	13
4291	4	11	13
4292	2	11	13
4292	4	11	13
4293	2	11	13
4293	4	11	13
4294	3	7	9
4294	5	7	9
4295	4	15	17
4295	6	13	15
4296	3	13	15
4296	5	13	15
4297	4	21	23
4297	6	21	23
4298	2	11	13
4298	4	11	13
4299	3	7	9
4299	5	7	9
4300	3	11	13
4300	5	11	13
4301	3	7	9
4301	5	7	9
4302	4	7	9
4302	6	7	9
4303	2	9	11
4303	4	9	11
4304	4	7	9
4304	6	7	9
4305	4	7	9
4305	6	7	9
4306	3	13	15
4306	5	13	15
4307	3	7	9
4307	5	7	9
4308	2	9	11
4308	4	9	11
4309	3	7	9
4309	5	7	9
4310	3	7	9
4310	5	7	9
4311	2	9	11
4311	4	9	11
4312	3	9	11
4312	5	9	11
4313	3	9	11
4313	5	9	11
4314	3	9	11
4314	5	9	11
4315	3	7	9
4315	5	7	9
4316	3	11	13
4316	5	11	13
4317	3	7	9
4317	5	7	9
4318	2	7	9
4318	4	7	9
4319	2	7	9
4319	6	9	11
4320	2	7	9
4320	6	9	11
4321	4	7	11
4322	3	11	13
4322	5	11	13
4323	4	11	13
4323	6	11	13
4324	2	9	11
4324	4	9	11
4325	3	9	11
4325	6	9	11
4326	3	9	11
4326	5	9	11
4327	3	9	11
4327	5	9	11
4328	3	13	15
4328	5	13	15
4329	3	13	15
4329	5	13	15
4330	4	7	9
4330	6	7	9
4331	4	7	9
4331	6	7	9
4332	3	9	11
4332	5	9	11
4333	2	7	9
4333	4	7	9
4334	5	11	13
4335	3	9	11
4335	6	9	11
4336	3	17	19
4336	5	17	19
4337	2	7	9
4337	4	7	9
4338	6	9	11
4339	6	17	19
4340	5	19	21
4341	3	21	23
4342	5	11	13
4343	3	9	11
4343	6	9	11
4344	5	7	10
4345	6	9	12
4346	6	10	13
4347	2	9	12
4348	6	10	13
4349	5	9	12
4350	6	7	10
4351	2	9	11
4351	4	9	11
4352	5	9	11
4352	6	7	9
4353	5	9	11
4353	6	7	9
4354	2	9	11
4354	4	9	11
4355	2	7	9
4355	4	7	9
4356	5	9	11
4356	6	7	9
4357	3	7	9
4357	5	7	9
4358	4	11	13
4358	6	11	13
4359	2	9	11
4359	4	9	11
4363	3	11	13
4363	5	11	13
4364	3	7	9
4364	5	7	9
4365	4	7	9
4365	6	7	9
4366	2	11	13
4366	4	11	13
4367	2	7	9
4367	4	7	9
4368	2	11	13
4368	4	11	13
4369	2	15	17
4369	4	15	17
4370	3	11	13
4370	5	11	13
4371	3	9	11
4371	5	9	11
4372	2	11	13
4372	4	11	13
4373	3	11	13
4373	5	11	13
4374	2	9	11
4374	4	9	11
4375	3	7	9
4375	5	7	9
4376	3	11	13
4376	5	11	13
4377	3	13	15
4377	5	13	15
4378	3	9	11
4378	5	9	11
4379	2	9	11
4379	4	9	11
4380	2	7	9
4380	4	7	9
4381	2	13	15
4381	4	13	15
4382	3	11	13
4382	5	11	13
4383	2	9	11
4383	4	9	11
4384	4	9	11
4384	6	9	11
4385	3	9	11
4385	5	9	11
4386	2	11	13
4387	6	7	9
4388	4	11	13
4389	2	9	11
4390	2	7	9
4390	4	7	9
4391	3	7	9
4391	5	7	9
4396	6	9	13
4397	2	19	23
4398	2	13	15
4398	4	13	15
4399	3	13	15
4399	5	13	15
4400	4	19	23
4401	6	13	17
4402	2	15	19
4403	2	7	9
4403	4	7	9
4404	5	19	23
4405	4	15	19
4406	3	19	21
4407	3	11	13
4407	5	11	13
4409	6	11	13
4410	3	17	19
4410	5	17	19
4411	2	17	19
4412	2	9	11
4413	4	9	11
4414	4	7	9
4415	5	7	9
4416	3	11	13
4416	5	11	13
4417	4	11	13
4417	6	11	13
4418	3	9	11
4419	3	11	13
4420	3	13	15
4421	5	9	11
4422	5	11	13
4423	5	13	15
4424	3	7	9
4425	5	7	9
4426	3	7	9
4427	3	15	17
4428	3	13	15
4429	5	13	15
4430	5	15	17
4431	3	15	17
4432	3	7	9
4433	5	7	9
4434	3	15	17
4435	5	15	17
4436	3	11	13
4437	5	13	15
4438	5	15	17
4439	6	11	13
4440	3	9	11
4441	5	9	11
4442	3	15	17
4443	5	15	17
4444	5	13	15
4445	3	7	9
4446	3	13	15
4447	2	15	18
4448	3	17	19
4449	5	17	19
4450	6	17	19
4451	2	15	16
4452	2	16	17
4453	2	17	18
4454	2	18	19
4455	4	15	16
4456	4	16	17
4457	4	17	18
4458	4	18	19
4459	5	15	16
4460	5	16	17
4461	4	11	13
4462	4	15	17
4463	6	15	17
4464	5	13	15
4465	3	11	13
4466	4	13	15
4466	6	13	15
4467	2	13	15
4467	5	13	15
4468	2	17	19
4468	5	17	19
4469	3	7	9
4470	6	7	9
4471	6	9	11
4472	4	17	19
4473	2	13	15
4473	6	13	15
4474	2	7	9
4474	4	7	9
4475	3	13	15
4475	5	13	15
4476	3	13	15
4476	5	13	15
4477	3	9	11
4477	5	9	11
4478	3	13	15
4478	5	13	15
4478	6	11	12
4479	2	9	10
4479	3	13	15
4479	5	13	15
4480	2	13	14
4480	3	13	15
4480	5	13	15
4481	3	11	12
4481	3	13	15
4481	5	13	15
4482	3	13	15
4482	4	11	12
4482	5	13	15
4483	3	13	15
4483	5	11	12
4483	5	13	15
4484	3	7	9
4484	5	7	9
4489	6	13	15
4490	6	11	13
4491	5	15	17
4492	2	15	17
4492	6	15	17
4518	4	9	11
4518	6	9	12
4519	4	13	15
4519	6	13	16
4520	3	13	15
4521	3	15	17
4522	5	9	10
4523	5	10	11
4524	5	11	12
4525	5	13	14
4526	5	14	15
4527	2	9	11
4527	4	9	11
4528	2	9	11
4528	4	9	11
4529	2	11	13
4529	4	11	13
4530	2	7	9
4530	4	7	9
4531	3	9	11
4531	5	9	11
4532	3	7	9
4532	3	11	13
4532	4	7	9
4533	3	7	9
4533	3	11	13
4533	4	9	11
4534	3	9	11
4534	3	13	15
4534	4	15	17
4535	3	9	11
4535	3	15	17
4535	4	15	17
4536	2	11	13
4536	4	11	13
4537	6	14	15
4538	6	15	16
4539	6	16	17
4540	2	11	13
4540	4	11	13
4541	2	10	11
4542	2	13	14
4543	3	7	9
4543	3	9	11
4543	5	9	11
4544	3	9	11
4544	5	7	9
4544	5	9	11
4545	6	11	14
4546	3	7	9
4546	5	7	9
4547	3	9	11
4547	5	9	11
4548	3	11	13
4548	5	11	13
4549	5	17	21
4550	4	7	11
4551	3	17	21
4552	4	13	16
4553	6	15	18
4554	6	15	18
4555	2	11	13
4555	4	11	13
4556	2	13	15
4557	6	7	11
4558	3	7	9
4558	5	7	9
4559	2	11	13
4559	4	11	13
4560	6	13	16
4561	6	7	10
4562	6	10	13
4563	2	9	11
4563	4	9	11
4564	6	7	9
4565	6	10	12
4566	3	9	11
4566	5	9	11
4567	3	9	12
4568	4	8	11
4569	3	7	9
4569	5	7	9
4570	5	7	9
4571	6	11	13
4572	2	9	11
4572	4	9	11
4572	6	9	11
4573	3	7	9
4574	5	7	9
4575	3	11	13
4575	5	11	13
4576	6	11	13
4577	3	9	11
4577	5	9	11
4578	3	11	13
4579	3	13	15
4579	5	13	15
4580	3	13	15
4580	5	13	15
4581	2	9	11
4582	4	9	11
4582	6	9	11
4583	2	7	10
4584	2	16	19
4585	3	7	9
4586	3	9	11
4587	2	7	9
4587	4	7	9
4587	6	7	9
4588	2	13	15
4589	3	11	13
4589	5	11	13
4590	4	9	11
4590	6	9	11
4591	3	7	9
4591	5	7	9
4592	3	9	11
4592	5	9	11
4593	2	11	13
4593	4	11	13
4594	4	11	13
4594	6	11	13
4595	2	10	13
4595	4	13	15
4596	2	7	10
4597	4	7	9
4597	6	7	9
4598	3	13	15
4598	5	13	15
4599	2	16	19
4599	4	15	17
4600	4	15	17
4600	6	15	17
4601	3	11	13
4601	5	11	13
4602	3	9	11
4602	5	9	11
4603	3	7	9
4603	5	7	9
4604	3	17	19
4604	5	17	19
4605	2	17	19
4605	4	17	19
4606	2	15	17
4606	4	15	17
4606	6	15	17
4607	3	13	15
4607	5	13	15
4608	2	13	15
4608	4	13	15
4609	3	15	17
4609	5	15	17
4610	3	9	11
4610	5	9	11
4611	3	11	13
4611	5	11	13
4612	3	11	13
4612	5	11	13
4613	3	7	9
4613	5	7	9
4614	3	13	15
4614	5	13	15
4615	6	10	13
4616	2	10	13
4617	3	13	16
4618	2	7	10
4619	5	13	16
4620	2	16	19
4621	4	10	13
4622	4	13	16
4623	2	19	22
4624	2	7	10
4625	6	16	19
4626	3	7	9
4626	5	7	9
4627	2	19	21
4627	5	19	21
4628	3	13	16
4629	6	19	22
4630	3	16	19
4631	5	16	19
4632	4	19	22
4633	3	17	19
4634	2	16	18
4635	2	14	16
4636	2	13	16
4637	6	10	13
4638	4	16	19
4639	4	13	16
4640	6	13	16
4641	6	7	10
4642	6	7	10
4643	3	19	22
4644	2	17	19
4645	3	9	11
4646	5	11	13
4647	3	15	17
4647	5	15	17
4648	3	17	19
4648	5	17	19
4649	2	10	13
4650	6	10	13
4651	6	13	16
4652	5	16	19
4653	3	16	19
4654	6	16	19
4655	4	9	11
4656	5	9	11
4657	4	11	13
4658	4	13	15
4659	4	16	19
4660	6	19	22
4661	5	16	19
4662	2	13	16
4663	2	10	13
4664	5	19	22
4665	4	17	19
4665	6	17	19
4666	4	19	21
4666	6	19	21
4667	3	7	9
4667	5	7	9
4668	4	7	9
4668	6	7	9
4669	3	9	11
4669	5	9	11
4670	3	20	23
4671	3	7	9
4671	5	7	9
4672	3	13	15
4672	5	13	15
4673	4	15	17
4673	6	15	17
4674	2	7	9
4674	6	7	9
4675	2	7	9
4675	6	7	9
4676	2	13	15
4676	4	13	15
4677	2	7	9
4677	4	7	8
4678	2	9	11
4678	4	9	11
4679	4	9	11
4679	4	11	13
4680	4	9	11
4680	6	9	11
4681	4	7	9
4681	4	9	11
4682	4	11	13
4682	6	11	13
4683	3	9	11
4683	5	9	11
4684	2	9	11
4684	2	11	13
4684	6	9	11
4685	2	9	11
4685	2	13	15
4685	6	9	11
4686	2	9	11
4686	3	9	11
4686	6	9	11
4687	2	9	11
4687	3	11	13
4687	6	9	11
4688	2	9	11
4688	5	9	11
4688	6	9	11
4689	2	9	11
4689	5	11	13
4689	6	9	11
4690	2	9	11
4690	6	9	11
4690	6	11	13
4691	2	9	11
4691	6	9	11
4691	6	13	15
4692	2	11	13
4692	4	11	13
4693	3	15	17
4693	5	15	17
4694	2	9	11
4694	6	9	11
4695	3	9	11
4695	5	9	11
4696	2	7	9
4696	6	7	9
4697	3	11	13
4697	5	11	13
4698	6	11	14
4699	4	9	12
4700	6	9	12
4701	3	15	17
4702	2	13	15
4702	6	13	15
4703	2	9	11
4703	6	9	11
4704	2	11	13
4704	6	11	13
4705	3	9	13
4706	6	13	17
4707	2	11	13
4707	4	11	13
4708	6	15	19
4709	4	15	17
4709	6	15	16
4710	4	15	17
4710	6	15	16
4711	2	15	17
4712	4	18	21
4713	3	15	17
4713	5	15	17
4714	4	15	17
4715	2	17	19
4715	4	17	18
4716	3	13	15
4717	2	13	15
4717	4	13	15
4718	5	18	22
4719	5	13	15
4720	2	17	19
4720	3	17	19
4721	6	13	15
4722	4	13	15
4723	3	17	19
4723	5	17	19
4724	3	15	17
4724	5	15	17
4725	2	19	22
4726	4	8	11
4727	6	7	11
4728	6	11	14
4729	3	17	19
4729	5	17	19
4730	5	11	13
4731	3	19	22
4732	2	7	9
4732	3	7	9
4733	2	15	17
4733	4	15	17
4734	2	18	20
4734	4	18	20
4735	3	18	20
4735	5	18	20
4736	2	18	22
4737	2	16	18
4737	4	16	18
4738	2	18	20
4738	4	18	20
4739	3	13	15
4739	5	13	15
4740	4	15	17
4740	6	13	15
4741	4	17	19
4741	6	17	19
4742	2	9	11
4742	4	9	11
4743	4	17	19
4743	6	17	19
4744	3	9	11
4744	5	9	11
4745	3	11	13
4745	5	11	13
4746	3	15	17
4746	5	15	17
4747	3	15	17
4747	5	15	17
4749	2	15	17
4749	4	15	17
4750	3	17	19
4750	5	17	19
4751	4	13	15
4751	6	13	15
4752	4	13	15
4752	6	13	15
4753	4	15	17
4753	6	15	17
4754	4	15	17
4754	6	15	17
4755	4	17	19
4755	6	17	19
4756	4	17	19
4756	6	17	19
4757	2	11	13
4757	4	11	13
4759	3	9	11
4759	5	9	11
4760	2	13	15
4760	4	13	15
4761	6	7	11
4762	3	15	17
4762	5	15	17
4763	3	9	11
4763	5	9	11
4764	3	7	9
4764	6	11	13
4765	3	7	11
4766	3	11	13
4766	4	7	9
4767	3	7	9
4767	5	7	9
4768	2	7	9
4768	6	7	9
4770	2	11	13
4770	5	7	9
4772	4	11	13
4772	5	11	13
4773	3	13	15
4773	5	13	15
4774	2	13	15
4774	4	13	15
4775	2	9	11
4775	5	9	11
4776	3	13	15
4776	5	13	15
4777	4	9	13
4778	5	9	11
4778	6	9	11
4779	2	7	9
4779	5	11	13
4780	3	7	9
4780	5	7	9
4781	2	7	9
4781	4	7	9
4782	3	9	11
4782	5	9	11
4783	3	11	13
4783	5	11	13
4784	2	7	9
4784	4	7	9
4785	4	9	11
4785	6	9	11
4786	2	7	9
4786	4	7	9
4787	3	11	13
4787	5	11	13
4789	2	17	19
4789	4	17	19
4790	2	15	17
4790	4	15	17
4791	2	16	19
4792	4	16	19
4793	6	10	13
4794	6	10	13
4795	4	9	11
4795	5	9	11
4795	6	13	15
4796	2	11	13
4796	4	11	13
4796	6	13	15
4797	2	7	9
4797	4	7	9
4798	2	7	9
4798	4	7	9
4799	2	9	11
4799	4	9	11
4800	2	9	11
4800	4	9	11
4801	2	11	13
4801	4	11	13
4802	2	13	15
4802	4	13	15
4803	2	13	15
4803	4	13	15
4804	3	11	13
4805	2	11	13
4806	3	13	15
4807	5	13	15
4808	6	13	15
4809	6	11	13
4810	5	11	13
4811	4	15	17
4812	2	9	11
4813	4	11	13
4814	2	15	17
4815	4	9	11
4816	2	15	17
4816	4	15	17
4816	6	15	17
4817	5	15	17
4818	3	15	17
4819	2	9	11
4819	4	9	11
4820	2	7	9
4820	4	7	9
4821	2	11	13
4821	4	11	13
4822	2	7	9
4822	4	7	9
4823	2	13	15
4823	4	13	15
4824	2	15	17
4824	4	15	17
4825	3	11	13
4826	3	9	11
4827	5	9	11
4828	3	13	15
4829	5	13	15
4830	4	11	13
4831	5	11	13
4832	4	9	11
4833	4	13	15
4834	6	9	11
4835	2	11	13
4835	4	11	13
4836	2	7	9
4836	4	7	9
4837	2	9	11
4837	4	9	11
4838	2	9	11
4838	4	9	11
4839	2	13	15
4839	4	13	15
4840	4	9	11
4841	3	9	11
4842	3	11	13
4843	4	11	13
4844	5	9	11
4845	5	13	15
4846	5	11	13
4847	3	15	17
4848	3	13	15
4849	2	13	15
4849	4	13	15
4850	6	9	11
4851	6	11	13
4852	3	11	13
4853	4	11	13
4854	4	15	17
4855	3	7	9
4856	3	9	11
4857	3	13	15
4858	3	9	11
4858	5	9	11
4859	2	13	15
4859	4	13	15
4860	3	11	13
4860	5	11	13
4861	2	9	11
4861	4	9	11
4862	4	13	15
4863	5	13	15
4863	6	14	16
4864	3	9	11
4864	5	9	11
4865	6	7	11
4866	3	13	15
4867	2	15	17
4867	4	15	17
4868	2	11	13
4868	4	11	13
4869	2	11	13
4870	2	11	13
4870	3	11	13
4871	2	9	11
4871	3	9	11
4872	2	13	15
4873	3	13	15
4874	2	15	17
4875	3	15	17
4875	5	13	15
4876	3	9	11
4876	5	9	11
4877	2	13	15
4877	6	13	15
4878	6	9	13
4879	2	11	13
4879	6	11	13
4880	2	9	11
4880	4	9	11
4881	2	17	18
4881	2	18	19
4881	4	17	18
4881	4	18	19
4882	4	17	19
4883	2	9	11
4883	4	9	11
4884	3	13	15
4884	5	13	15
4885	3	13	15
4885	5	13	15
4886	3	7	9
4886	5	7	9
4887	3	9	11
4887	5	9	11
4888	4	7	9
4889	3	9	11
4889	5	9	11
4890	2	7	9
4890	4	7	9
4891	3	11	13
4891	5	11	13
4892	3	11	13
4892	5	11	13
4893	4	13	15
4895	3	9	11
4897	2	9	11
4897	4	9	11
4898	2	9	11
4898	4	9	11
4899	5	9	11
4900	4	7	10
4901	6	15	17
4902	2	11	13
4902	3	13	15
4903	4	13	15
4903	6	13	15
4904	4	11	13
4904	6	9	11
4905	6	7	11
4906	5	11	13
4907	2	11	13
4907	4	11	13
4908	2	21	23
4908	4	21	23
4909	2	19	21
4909	4	19	21
4910	2	17	19
4910	4	15	17
4911	3	7	9
4911	5	7	9
4912	2	11	13
4913	4	11	13
4914	2	11	13
4914	4	11	13
4915	2	13	17
4916	2	9	10
4916	2	10	11
4916	4	9	10
4916	4	10	11
4917	3	11	12
4917	3	12	13
4917	5	11	12
4917	5	12	13
4918	2	15	16
4918	2	16	17
4918	4	15	16
4918	4	16	17
4919	3	15	16
4919	3	16	17
4919	5	15	16
4919	5	16	17
4920	2	7	9
4920	4	7	9
4921	3	7	9
4921	5	7	9
4922	2	7	9
4922	4	7	9
4923	2	7	9
4923	4	7	9
4924	3	7	9
4924	5	7	9
4925	3	7	9
4925	5	7	9
4926	3	9	10
4926	3	10	11
4926	5	9	10
4926	5	10	11
4927	4	11	12
4927	4	12	13
4928	2	11	12
4928	2	12	13
4929	2	7	8
4929	2	8	9
4929	4	7	8
4929	4	8	9
4930	2	11	12
4930	2	12	13
4931	2	21	23
4931	4	21	23
4932	3	7	8
4932	3	8	9
4932	5	7	8
4932	5	8	9
4933	3	9	10
4933	3	10	11
4934	3	9	10
4934	3	10	11
4934	5	10	11
4934	5	9	10
4935	6	9	10
4935	6	10	11
4936	4	11	13
4937	2	9	12
4938	4	9	12
4939	2	9	11
4939	4	9	11
4940	3	11	13
4941	3	7	9
4941	5	7	9
4942	2	13	15
4942	4	13	15
4943	2	7	9
4943	4	7	9
4944	2	7	9
4944	4	7	9
4945	3	7	9
4945	5	7	9
4946	3	7	9
4946	5	7	9
4947	3	7	9
4947	5	7	9
4948	2	7	9
4948	4	7	9
4949	4	15	17
4949	6	15	17
4950	3	21	23
4950	6	21	23
4951	2	9	11
4951	4	9	11
4952	2	17	19
4952	4	17	19
4953	3	13	15
4953	5	13	15
4954	2	19	21
4954	4	19	21
4955	4	13	15
4955	6	13	15
4956	2	9	10
4956	2	10	11
4956	4	9	10
4956	4	10	11
4957	6	13	15
4957	6	15	17
4958	2	12	13
4958	2	11	12
4958	4	11	12
4958	4	12	13
4959	2	11	12
4959	2	12	13
4959	4	11	12
4959	4	12	13
4960	2	13	16
4961	4	16	19
4962	6	7	8
4962	6	8	9
4963	6	9	10
4963	6	10	11
4964	4	13	14
4964	4	14	15
4965	4	13	14
4965	4	14	15
4966	5	9	10
4966	5	10	11
4967	6	7	8
4967	6	8	9
4968	6	9	10
4968	6	10	11
4969	5	11	13
4970	2	9	10
4970	2	10	11
4970	4	9	10
4970	4	10	11
4971	2	7	8
4971	2	8	9
4971	4	7	8
4971	4	8	9
4972	2	11	12
4972	2	12	13
4972	4	11	12
4972	4	12	13
4973	3	11	12
4973	3	12	13
4973	5	11	12
4973	5	12	13
4975	4	7	9
4976	5	19	22
4977	3	16	19
4978	2	7	10
4979	3	15	17
4979	5	15	17
4980	3	15	17
4980	5	15	17
4981	3	7	9
4981	5	7	9
4982	3	7	9
4982	5	7	9
4983	3	9	11
4983	5	9	11
4984	3	9	11
4984	5	9	11
4985	3	11	13
4985	5	11	13
4986	3	11	13
4986	5	11	13
4987	3	13	15
4987	5	13	15
4988	3	13	15
4988	5	13	15
4989	3	11	13
4989	5	11	13
4990	3	15	17
4990	5	15	17
4991	3	11	13
4991	5	11	13
4992	3	7	9
4992	5	7	9
4993	2	15	17
4993	4	15	17
4994	2	7	9
4994	4	7	9
4995	2	7	9
4995	4	7	9
4996	2	9	11
4996	4	9	11
4997	2	9	11
4997	4	9	11
4998	2	11	13
4998	4	11	13
4999	2	11	13
4999	4	11	13
5000	2	13	15
5000	4	13	15
5001	2	13	15
5001	4	13	15
5002	2	15	17
5002	4	15	17
5003	2	15	17
5003	4	15	17
5004	6	13	15
5005	6	15	17
5006	3	13	15
5006	5	13	15
5007	3	13	15
5007	5	13	15
5008	2	15	17
5008	4	15	17
5009	2	17	19
5009	4	17	19
5010	6	9	11
5011	6	13	15
5012	2	17	19
5012	4	17	19
5013	5	17	18
5014	3	13	15
5014	5	13	15
5015	2	11	13
5015	4	11	13
5016	3	11	13
5016	5	11	13
5017	3	15	17
5017	5	15	17
5018	3	11	13
5018	5	11	13
5019	3	13	15
5019	5	13	15
5020	2	21	23
5020	4	21	23
5021	2	17	19
5021	4	17	19
5022	6	7	10
5023	4	11	14
5024	2	13	15
5024	4	13	15
5025	2	17	19
5025	4	17	19
5026	2	21	23
5026	4	21	23
5027	3	17	19
5027	5	17	19
5028	3	19	21
5028	5	19	21
5029	3	19	21
5029	5	19	21
5031	2	17	19
5031	4	17	19
5032	3	17	19
5032	5	17	19
5033	3	15	17
5033	5	15	17
5034	3	15	17
5034	5	15	17
5035	2	13	15
5035	4	13	15
5036	2	13	15
5036	4	13	15
5037	2	17	19
5037	4	17	19
5038	3	19	21
5038	5	19	21
5039	2	19	21
5039	4	19	21
5040	3	17	19
5040	5	17	19
5041	2	19	21
5041	4	19	21
5044	2	17	19
5044	4	17	19
5045	3	19	21
5045	5	19	21
5046	2	17	19
5046	4	17	19
5047	2	11	13
5047	4	11	13
5048	3	11	13
5048	5	11	13
5049	2	13	15
5049	4	13	15
5050	2	15	17
5050	4	15	17
5051	2	11	13
5051	4	11	13
5052	3	19	21
5052	5	19	21
5053	3	7	9
5053	5	7	9
5054	2	9	11
5054	4	9	11
5055	3	19	21
5055	5	19	21
5056	3	13	15
5056	5	13	15
5057	3	9	11
5057	5	9	11
5058	3	11	13
5058	5	11	13
5059	3	19	21
5059	5	19	21
5060	2	11	13
5060	4	11	13
5061	2	13	15
5061	4	13	15
5062	3	17	19
5062	5	17	19
5063	3	11	13
5063	5	11	13
5065	2	15	17
5072	3	7	9
5072	5	7	9
5073	2	11	13
5073	4	11	13
5074	6	7	11
5075	3	19	23
5076	3	9	11
5076	5	9	11
5077	2	19	23
5081	2	13	15
5081	4	13	15
5082	2	15	17
5082	4	15	17
5083	2	15	17
5083	4	15	17
5084	2	17	19
5084	4	17	19
5085	3	15	17
5085	5	15	17
5086	3	13	15
5086	5	13	15
5087	2	9	11
5087	4	9	11
5088	3	13	15
5088	5	13	15
5089	3	15	17
5089	5	15	17
5090	3	7	9
5090	5	7	9
5091	3	9	11
5091	5	9	11
5092	3	7	9
5092	5	7	9
5093	3	11	13
5093	5	11	13
5094	3	13	15
5094	5	13	15
5095	3	15	17
5095	5	15	17
5096	3	7	9
5096	5	7	9
5097	3	9	11
5097	5	9	11
5098	3	9	11
5098	5	9	11
5099	3	7	9
5099	5	7	9
5100	3	9	11
5100	5	9	11
5101	3	11	13
5101	5	11	13
5102	3	11	13
5102	5	11	13
5103	3	9	11
5103	5	9	11
5104	4	15	17
5105	4	13	15
5106	6	7	9
5107	6	9	11
5108	6	7	9
5109	3	9	11
5109	5	9	11
5110	2	7	9
5110	4	7	9
5111	3	9	11
5111	5	9	11
5112	6	7	11
5113	2	11	13
5113	4	11	13
5114	3	7	9
5114	5	7	9
5115	2	9	11
5115	4	9	11
5116	6	7	11
5117	2	7	11
5118	4	7	11
5119	2	11	13
5119	4	11	13
5120	2	11	13
5121	2	7	9
5121	4	7	9
5122	2	9	11
5122	4	9	11
5123	2	9	11
5123	4	9	11
5124	6	9	13
5125	2	7	9
5125	4	7	9
5126	4	11	13
5127	2	7	9
5127	4	7	9
5128	2	9	11
5128	4	9	11
5129	2	11	13
5129	4	11	13
5130	2	13	15
5130	4	13	15
5131	2	11	13
5131	4	11	13
5132	2	13	15
5132	4	13	15
5133	6	7	11
5143	6	7	11
5144	3	11	13
5144	5	11	13
5145	3	7	9
5145	5	7	9
5146	3	11	13
5146	5	11	13
5147	3	7	9
5147	5	7	9
5148	3	13	15
5148	5	13	15
5149	6	13	15
5150	4	11	13
5151	5	21	23
5152	3	11	13
5153	6	13	15
5154	2	19	21
5155	3	15	17
5155	5	15	17
5156	3	13	15
5156	5	13	15
5157	3	13	15
5157	6	13	15
5158	2	9	11
5159	6	15	17
5160	6	19	21
5161	6	11	13
5162	6	11	13
5163	6	13	15
5164	6	15	17
5165	2	17	19
5165	4	17	19
5166	3	19	21
5166	5	19	21
5167	2	7	9
5167	4	7	9
5168	2	9	11
5168	6	11	13
5169	2	13	15
5169	6	15	17
5170	2	21	23
5170	4	21	23
5171	4	11	13
5172	6	7	9
5173	4	21	23
5174	3	13	15
5174	5	13	15
5175	3	13	15
5175	5	13	15
5176	3	11	13
5176	5	11	13
5177	4	19	21
5177	5	19	21
5178	5	7	9
5179	5	11	13
5180	3	21	23
5181	2	11	13
5182	6	11	13
5183	6	19	21
5184	2	11	13
5184	5	11	13
5185	3	11	13
5185	5	11	13
5186	3	19	21
5186	5	19	21
5187	6	11	13
5188	2	13	15
5189	6	11	13
5190	5	19	21
5191	5	11	13
5192	5	9	11
5193	6	19	21
5194	3	11	13
5194	5	11	13
5195	2	9	11
5195	4	9	11
5196	2	9	11
5196	4	9	11
5197	2	21	23
5197	4	21	23
5198	4	11	13
5199	3	21	23
5200	6	11	13
5201	2	19	21
5202	3	9	11
5202	5	9	11
5203	2	11	13
5203	6	9	11
5204	3	21	23
5204	6	21	23
5205	3	7	9
5205	5	7	9
5206	4	7	9
5206	6	9	11
5207	3	19	21
5207	5	19	21
5208	3	11	13
5208	4	11	13
5209	2	9	11
5209	5	11	13
5210	2	19	21
5210	4	19	21
5211	3	11	13
5211	6	11	13
5212	5	19	21
5212	6	21	23
5213	4	9	11
5214	3	19	21
5215	4	9	11
5215	5	7	9
5216	2	9	11
5216	5	9	11
5217	3	19	21
5217	5	19	21
5218	3	9	11
5218	6	11	13
5219	4	21	23
5219	6	19	21
5220	4	11	13
5220	5	9	11
5221	2	19	21
5221	4	19	21
5222	3	9	11
5222	6	9	11
5223	3	21	23
5223	5	21	23
5224	3	11	13
5225	2	7	9
5225	6	7	9
5226	2	9	11
5226	4	9	11
5227	4	19	21
5227	6	19	21
5228	2	9	11
5228	6	9	11
5229	3	7	9
5229	5	7	9
5230	3	19	21
5230	5	19	21
5231	6	11	13
5232	5	11	13
5233	6	19	21
5234	3	11	13
5235	2	7	9
5236	6	19	21
5237	5	7	9
5237	6	9	11
5238	4	19	21
5238	6	21	23
5239	4	7	9
5239	6	9	11
5240	2	19	21
5240	3	21	23
5241	5	7	9
5241	6	7	9
5242	3	19	21
5242	6	19	21
5243	2	21	23
5244	6	19	21
5245	3	9	11
5245	5	9	11
5246	3	9	11
5246	5	9	11
5247	3	7	9
5247	5	7	9
5248	3	19	21
5248	5	19	21
5249	3	11	13
5249	5	11	13
5250	3	21	23
5250	5	19	21
5251	3	9	11
5251	5	9	11
5252	5	19	21
5252	6	19	21
5253	2	11	13
5254	5	7	9
5255	5	7	9
5256	3	19	21
5257	3	11	13
5257	5	13	15
5258	3	11	13
5258	5	11	13
5259	4	11	13
5259	5	11	13
5260	2	21	23
5260	5	19	21
5261	3	11	13
5261	5	11	13
5262	2	11	13
5262	3	11	13
5263	2	21	23
5263	4	21	23
5264	3	9	11
5264	5	9	11
5265	3	11	13
5265	5	11	13
5266	2	19	21
5266	5	21	23
5267	4	11	13
5267	6	9	11
5268	2	7	9
5268	4	7	9
5269	2	21	23
5269	4	21	23
5270	3	9	11
5270	5	9	11
5271	3	9	11
5271	5	7	9
5272	3	19	21
5272	4	21	23
5273	3	19	21
5273	4	21	23
5274	4	9	11
5274	6	11	13
5275	3	11	13
5275	5	11	13
5276	3	21	23
5276	5	21	23
5277	2	9	11
5277	4	9	11
5278	2	19	21
5278	4	19	21
5279	2	11	13
5280	6	19	21
5281	6	11	13
5282	3	21	23
5283	2	7	9
5283	4	7	9
5284	2	7	9
5284	4	7	9
5285	2	21	23
5285	5	21	23
5286	3	7	9
5286	5	7	9
5287	4	7	9
5287	6	7	9
5288	3	19	21
5288	5	19	21
5289	3	9	11
5289	5	9	11
5290	3	9	11
5290	6	7	9
5291	3	21	23
5291	5	21	23
5292	3	7	9
5292	5	7	9
5293	4	9	11
5293	6	9	11
5294	3	21	23
5294	6	21	23
5295	3	7	9
5295	5	7	9
5296	4	7	9
5296	6	7	9
5297	3	21	23
5297	5	21	23
5298	4	7	9
5299	6	7	9
5300	6	21	23
5301	6	7	9
5302	6	9	11
5303	5	21	23
5304	3	11	13
5304	5	11	13
5305	3	9	11
5305	5	9	11
5306	3	9	11
5306	5	9	11
5307	3	11	13
5307	5	11	13
5308	2	21	23
5308	4	21	23
5309	2	9	11
5309	6	9	11
5310	3	19	21
5310	5	19	21
5311	3	9	11
5311	5	9	11
5312	2	19	21
5312	6	19	21
5313	3	9	11
5313	5	9	11
5314	3	9	11
5314	5	9	11
5315	2	19	21
5315	4	19	21
5316	2	19	21
5317	2	11	13
5317	4	11	13
5318	3	13	15
5318	5	13	15
5319	3	19	21
5319	6	19	21
5320	4	9	11
5321	4	11	13
5322	6	21	23
5323	2	7	9
5323	4	7	9
5324	2	9	11
5324	4	9	11
5325	2	19	21
5325	4	19	21
5326	3	9	11
5326	6	9	11
5327	5	19	21
5327	6	21	23
5328	6	9	11
5329	2	21	23
5330	2	9	11
5330	4	7	9
5331	3	9	11
5331	5	9	11
5332	2	19	21
5332	4	19	21
5333	2	11	13
5333	4	11	13
5334	2	7	9
5334	6	11	13
5335	2	17	19
5335	4	17	19
5336	2	19	21
5336	4	19	21
5337	2	11	13
5337	4	11	13
5338	3	19	21
5338	4	21	23
5339	6	11	13
5340	2	7	9
5341	2	7	9
5342	6	7	9
5343	6	17	19
5344	3	15	17
5344	4	17	19
5344	6	17	19
5345	2	13	15
5345	3	17	19
5345	4	13	15
5346	2	21	23
5346	4	21	23
5346	6	19	21
5347	2	7	9
5347	3	9	11
5347	6	7	9
5348	2	9	11
5348	3	7	9
5348	4	9	11
5349	3	9	11
5349	4	7	9
5349	6	9	11
5350	2	19	21
5350	4	19	21
5350	6	19	21
5351	4	9	11
5351	6	9	11
5352	5	7	9
5352	6	11	13
5353	4	21	23
5353	5	21	23
5354	2	7	9
5354	6	7	9
5355	2	9	11
5355	4	9	11
5356	3	21	23
5356	5	21	23
5357	4	7	9
5358	5	9	11
5359	4	7	9
5360	6	21	23
5361	2	7	9
5361	6	7	9
5362	3	7	9
5362	5	7	9
5363	2	7	9
5363	6	7	9
5364	2	21	23
5364	3	21	23
5365	2	9	11
5365	4	9	11
5366	2	11	13
5366	4	11	13
5367	2	11	13
5367	4	9	11
5368	2	19	21
5368	4	19	21
5369	2	9	11
5369	6	9	11
5370	3	9	11
5370	5	9	11
5371	2	19	21
5371	4	19	21
5372	2	7	9
5372	4	7	9
5373	2	7	9
5373	4	7	9
5374	2	21	23
5374	4	21	23
5375	3	7	9
5375	6	7	9
5376	0	8	12
5377	3	7	9
5377	6	7	9
5378	3	7	9
5378	6	7	9
5379	0	8	12
5380	3	7	9
5380	6	7	9
5381	3	7	9
5381	6	7	9
5382	3	7	9
5382	6	7	9
5383	0	8	12
5384	0	8	12
5386	6	9	11
5387	4	19	21
5388	6	9	11
5389	4	11	13
5390	6	7	9
5391	6	11	13
5392	4	11	13
5393	2	11	13
5394	6	19	21
5395	6	11	13
5396	2	11	13
5397	2	9	11
5398	5	21	23
5399	6	11	13
5400	2	19	21
5401	6	11	13
5402	6	9	11
5403	3	7	9
5403	6	7	9
5404	3	7	9
5404	6	9	11
5405	3	7	9
5405	6	7	9
5406	0	8	12
5407	3	7	9
5407	6	7	9
5408	3	7	9
5408	6	7	9
5409	3	7	9
5409	6	7	9
5410	0	8	12
5411	3	7	9
5411	6	7	9
5412	3	7	9
5412	6	7	9
5413	3	7	9
5413	6	7	9
5414	0	8	12
5415	0	8	12
5416	3	7	9
5416	6	7	9
5417	0	8	12
5418	3	7	9
5418	6	7	9
5419	3	7	9
5419	6	7	9
5420	0	8	12
5421	3	7	9
5421	6	7	9
5422	0	8	12
5423	2	17	19
5423	4	17	19
5424	2	19	21
5424	4	19	21
5425	3	11	13
5425	5	11	13
5426	3	11	13
5426	5	11	13
5427	3	13	15
5427	5	13	15
5428	3	13	15
5428	5	13	15
5429	4	13	15
5429	6	13	15
5430	4	13	15
5430	6	13	15
5431	4	13	15
5431	6	13	15
5432	4	15	17
5432	6	15	17
5433	4	15	17
5433	6	15	17
5434	4	15	17
5434	6	15	17
5435	4	17	19
5435	6	17	19
5436	4	17	19
5436	6	17	19
5437	4	17	19
5437	6	17	19
5438	3	17	19
5438	5	17	19
5439	2	16	19
5440	2	15	17
5440	4	15	17
5441	3	7	9
5441	5	7	9
5441	6	7	9
5442	2	7	9
5442	4	7	9
5442	6	7	9
5443	3	11	13
5443	5	11	13
5443	6	11	13
5444	2	15	17
5444	4	15	17
5444	6	15	17
5445	2	17	19
5445	4	17	19
5445	6	17	19
5446	2	13	15
5446	4	13	15
5446	6	13	15
5447	2	7	9
5447	4	7	9
5447	6	7	9
5448	2	15	17
5448	4	15	17
5448	6	15	17
5449	3	9	11
5449	5	9	11
5449	6	9	11
5450	6	11	15
5451	2	16	19
5452	3	13	15
5452	5	13	15
5452	6	13	15
5453	3	15	17
5453	5	15	17
5453	6	15	17
5454	3	9	11
5454	5	9	11
5454	6	9	11
5455	3	11	13
5455	5	11	13
5455	6	11	13
5456	3	11	13
5456	5	11	13
5456	6	11	13
5457	3	13	15
5457	5	13	15
5457	6	13	15
5458	3	15	17
5458	5	15	17
5458	6	15	17
5459	3	7	9
5459	5	7	9
5459	6	7	9
5460	3	9	11
5460	5	9	11
5460	6	9	11
5461	3	11	13
5461	5	11	13
5461	6	11	13
5462	3	13	15
5462	5	13	15
5462	6	13	15
5463	3	15	17
5463	5	15	17
5463	6	15	17
5464	3	13	15
5464	5	13	15
5465	3	15	17
5465	5	15	17
5466	3	17	19
5466	5	17	19
5467	3	17	19
5467	5	17	19
5468	3	17	19
5468	5	17	19
5469	2	9	11
5469	4	9	11
5469	6	9	11
5470	2	11	13
5470	4	11	13
5470	6	11	13
5471	2	13	15
5471	4	13	15
5472	4	7	11
5472	5	7	9
5473	2	7	9
5473	4	7	9
5473	6	7	9
5474	3	7	9
5474	5	7	9
5474	6	7	9
5475	2	9	11
5475	4	9	11
5475	6	9	11
5476	2	7	9
5476	4	7	9
5477	3	7	9
5477	5	7	9
5478	3	15	17
5478	5	15	17
5479	3	7	9
5479	5	7	9
5480	2	11	13
5480	4	11	13
5481	2	13	15
5481	4	13	15
5482	3	13	15
5482	5	13	15
5483	2	15	17
5483	4	15	17
5484	3	17	19
5484	5	17	19
5485	6	17	19
5486	2	17	19
5486	4	17	19
5487	3	17	19
5487	5	17	19
5488	3	13	15
5488	5	13	15
5489	3	15	17
5489	5	15	17
5490	2	9	11
5490	4	9	11
5491	6	11	15
5492	2	7	9
5492	4	7	9
5493	2	17	19
5493	4	17	19
5494	3	11	13
5494	5	11	13
5495	6	13	17
5496	3	7	9
5496	5	7	9
5497	2	9	11
5497	4	9	11
5498	3	17	19
5498	5	17	19
5499	6	7	11
5500	2	13	15
5500	4	13	15
5501	3	7	9
5501	5	7	9
5502	6	9	13
5503	6	9	13
5504	6	9	13
5505	6	9	13
5507	6	11	13
5509	5	19	23
5510	3	17	19
5510	5	17	19
5511	3	11	13
5512	6	11	13
5513	5	11	13
5514	3	13	15
5514	5	13	15
5515	2	13	15
5515	4	13	15
5516	3	17	19
5516	5	17	19
5517	2	17	19
5517	4	17	19
5518	2	9	11
5518	4	9	11
5519	2	11	13
5519	4	11	13
5520	2	9	11
5520	4	9	11
5521	3	9	11
5521	5	9	11
5522	3	11	13
5522	5	11	13
5523	3	7	9
5523	5	7	9
5524	3	15	17
5524	5	15	17
5525	2	15	17
5525	4	15	17
5526	3	15	17
5526	5	15	17
5527	2	7	9
5527	4	7	9
5528	3	11	13
5528	5	11	13
5529	6	9	13
5530	3	11	13
5530	5	11	13
5531	2	11	13
5531	4	11	13
5532	2	9	11
5532	4	9	11
5533	2	7	9
5533	4	7	9
5534	3	13	15
5534	5	13	15
5535	3	11	13
5535	5	11	13
5536	3	9	11
5536	5	9	11
5537	3	7	9
5537	5	7	9
5538	6	9	13
5539	2	7	9
5539	4	7	9
5540	2	11	13
5540	4	11	13
5541	2	13	15
5541	4	13	15
5542	2	9	11
5542	4	9	11
5543	3	9	11
5543	5	9	11
5544	2	11	13
5544	4	11	13
5545	2	7	9
5545	4	7	9
5546	3	11	13
5546	5	11	13
5547	3	13	15
5547	5	13	15
5548	2	13	15
5548	4	13	15
5549	3	9	11
5549	5	9	11
5550	2	9	11
5550	4	9	11
5551	4	15	17
5551	6	15	17
5552	4	15	17
5552	6	15	17
5553	3	13	15
5553	5	13	15
5554	3	15	17
5554	5	15	17
5555	4	15	17
5555	6	15	17
5556	4	15	17
5556	6	15	17
5557	3	13	15
5557	5	13	15
5558	3	15	17
5558	5	15	17
5559	3	11	13
5559	5	11	13
5560	3	15	17
5560	5	15	17
5561	2	9	11
5561	4	9	11
5562	2	13	15
5562	4	13	15
5563	2	15	17
5563	4	15	17
5564	3	13	15
5564	5	13	15
5565	2	11	13
5565	4	11	13
5566	2	7	9
5566	4	7	9
5567	3	9	11
5567	5	9	11
5568	2	15	17
5568	4	15	17
5569	2	17	19
5569	4	17	19
5570	3	9	11
5571	4	9	11
5572	6	13	15
5573	2	11	13
5573	4	11	13
5574	2	9	11
5574	4	9	11
5578	3	15	17
5579	2	11	13
5579	4	11	13
5580	2	11	13
5580	4	11	13
5581	5	15	17
5582	2	15	17
5582	4	15	17
5583	2	11	13
5583	4	11	13
5584	3	9	11
5584	5	9	11
5585	2	11	13
5585	4	11	13
5586	2	9	11
5586	4	9	11
5588	3	13	15
5590	3	17	19
5590	5	17	19
5591	2	19	21
5591	4	19	21
5592	3	15	17
5593	5	15	17
5604	6	13	15
5605	6	13	15
5606	2	15	17
5606	4	15	16
5607	2	15	17
5607	4	15	16
5608	3	9	11
5608	5	9	11
5609	3	9	11
5609	5	9	11
5610	2	15	17
5610	4	15	17
5611	2	17	19
5611	4	17	19
5612	2	17	19
5612	4	17	19
5613	2	19	21
5613	4	19	21
5614	2	21	23
5614	4	21	23
5615	2	9	11
5615	4	9	11
5616	2	15	17
5616	4	15	17
5617	2	17	19
5617	4	17	19
5618	4	19	21
5618	6	19	21
5619	3	7	9
5619	5	7	9
5620	3	15	17
5620	5	15	17
5621	3	17	19
5621	5	17	19
5622	3	19	21
5622	5	19	21
5623	2	19	21
5623	4	19	21
5624	2	17	19
5624	4	17	19
5625	2	11	13
5625	4	11	13
5626	2	7	9
5626	4	7	9
5627	2	7	9
5627	4	7	9
5628	2	9	11
5628	4	9	11
5629	2	13	15
5629	4	13	15
5630	2	11	13
5630	4	11	13
5631	2	13	15
5631	4	13	15
5632	2	15	17
5632	4	15	17
5633	2	15	17
5633	4	15	17
5634	2	13	15
5634	3	13	15
5634	4	13	15
5634	6	13	15
5635	2	15	17
5635	3	15	17
5635	4	15	17
5635	6	15	17
5636	2	9	11
5636	3	9	11
5636	4	9	11
5636	6	9	11
5637	2	11	13
5637	4	11	13
5637	5	11	13
5637	6	11	13
5638	2	7	9
5638	4	7	9
5638	5	7	9
5638	6	7	9
5639	2	7	9
5639	4	7	9
5639	5	7	9
5639	6	7	9
5640	2	11	13
5640	3	11	13
5640	5	11	13
5640	6	11	13
5641	2	7	9
5641	4	7	9
5641	6	7	9
5642	2	7	9
5642	4	7	9
5642	6	7	9
5643	2	9	11
5643	4	9	11
5643	6	9	11
5644	2	9	11
5644	4	9	11
5644	6	9	11
5645	2	9	11
5645	4	9	11
5645	6	9	11
5646	2	9	11
5646	4	9	11
5646	6	9	11
5647	2	11	13
5647	4	11	13
5647	6	11	13
5648	2	11	13
5648	4	11	13
5648	6	11	13
5649	2	11	13
5649	4	11	13
5649	6	11	13
5650	2	11	13
5650	4	11	13
5650	6	11	13
5651	2	13	15
5651	4	13	15
5651	6	13	15
5652	2	13	15
5652	4	13	15
5652	6	13	15
5653	2	15	17
5653	4	15	17
5653	6	15	17
5654	2	15	17
5654	4	15	17
5654	6	15	17
5655	2	15	17
5655	4	15	17
5655	5	9	11
5655	6	11	13
5656	2	11	13
5656	4	11	13
5656	5	11	13
5656	6	11	13
5657	2	13	15
5657	4	13	15
5657	5	13	15
5657	6	11	13
5658	2	11	13
5658	4	11	13
5658	6	9	11
5658	6	11	13
5659	2	13	15
5659	4	13	15
5659	6	13	15
5660	2	11	13
5660	4	11	13
5660	6	11	13
5661	2	11	13
5661	4	11	13
5661	6	11	13
5662	2	9	11
5662	4	9	11
5662	6	9	11
5663	2	9	11
5663	4	9	11
5663	6	9	11
5664	2	9	11
5664	4	9	11
5664	6	9	11
5665	2	9	11
5665	4	9	11
5665	6	9	11
5666	2	11	13
5666	4	11	13
5666	6	11	13
5667	2	11	13
5667	4	11	13
5667	6	11	13
5668	2	13	15
5668	4	13	15
5668	6	13	15
5669	2	13	15
5669	4	13	15
5669	6	13	15
5670	2	13	15
5670	4	13	15
5670	6	13	15
5671	2	13	15
5671	4	13	15
5671	6	13	15
5672	2	15	17
5672	4	15	17
5672	6	15	17
5673	2	15	17
5673	4	15	17
5673	6	15	17
5674	2	7	9
5674	4	7	9
5674	6	7	9
5675	2	7	9
5675	4	7	9
5675	6	7	9
5676	2	11	13
5676	4	11	13
5676	6	11	13
5677	2	11	13
5677	4	11	13
5677	6	11	13
5678	2	9	11
5678	4	9	11
5679	2	13	15
5679	4	13	15
5680	2	15	17
5680	4	15	17
5681	3	11	13
5681	5	11	13
5682	3	7	9
5682	5	7	9
5683	3	9	11
5683	5	9	11
5684	3	9	11
5684	5	9	11
5685	3	11	13
5685	5	11	13
5686	3	13	15
5686	5	13	15
5687	3	15	17
5687	5	15	17
5688	2	11	13
5688	4	11	13
5689	3	13	14
5689	5	13	15
5690	3	13	14
5690	5	13	15
5691	3	14	15
5691	5	13	15
5692	2	13	15
5692	4	13	15
5693	3	13	15
5693	5	13	15
5694	3	13	15
5694	5	13	15
5695	2	15	17
5695	4	15	17
5696	3	9	11
5696	5	9	11
5697	3	11	13
5697	5	11	13
5698	3	13	15
5698	5	13	15
5699	3	15	17
5699	5	15	17
5700	2	15	17
5700	4	15	17
5701	2	9	11
5701	4	9	11
5702	2	17	19
5702	4	17	19
5703	2	11	13
5703	4	11	13
5705	2	11	13
5705	4	11	13
5706	2	13	15
5706	4	13	15
5707	4	9	11
5707	6	9	11
5708	3	9	11
5708	5	9	11
5709	3	9	11
5709	3	15	17
5709	5	15	17
5709	6	15	17
5710	3	15	17
5710	5	9	11
5710	5	15	17
5710	6	15	17
5711	3	11	15
5711	5	13	15
5711	6	11	13
5712	3	13	15
5712	5	11	15
5712	6	11	13
5713	3	11	13
5713	5	11	13
5713	6	11	13
5714	3	11	13
5714	5	11	13
5714	6	11	13
5715	2	11	13
5715	4	11	13
5716	3	15	17
5716	5	15	17
5717	3	17	19
5717	5	17	19
5718	3	19	21
5718	5	19	21
5719	3	17	19
5719	5	17	19
5720	3	13	15
5720	5	13	15
5721	3	17	19
5721	5	17	19
5767	3	17	19
5767	5	17	19
5768	5	9	11
5769	3	9	11
5769	5	9	11
5770	2	13	15
5770	4	13	15
5770	6	13	15
5771	3	15	17
5771	5	15	17
5771	6	13	15
5772	3	11	13
5772	5	11	13
5773	3	13	15
5773	5	13	15
5816	2	9	11
5816	4	9	11
5817	3	11	13
5817	5	11	13
5818	2	9	11
5819	3	13	15
5819	5	13	15
5820	2	9	13
5820	4	9	13
5821	2	15	17
5821	2	9	13
5821	4	11	13
5822	2	9	13
5822	4	11	13
5822	4	15	17
5823	2	13	15
5823	4	13	15
5823	6	9	11
5823	6	13	15
5824	2	13	15
5824	2	17	19
5824	4	13	15
5824	6	13	15
5825	2	13	15
5825	4	13	15
5825	4	17	19
5825	6	13	15
5826	2	15	17
5826	4	15	17
5826	6	15	17
5827	3	13	15
5827	5	13	15
5828	3	11	13
5828	5	11	13
5829	3	11	13
5829	5	11	13
5829	6	11	13
5830	3	7	9
5830	5	7	9
5830	6	7	9
5831	5	7	9
5832	3	7	9
5832	5	7	9
5833	3	11	13
5833	5	11	13
5834	3	9	11
5834	5	9	11
5835	3	11	13
5835	5	11	13
5835	6	11	13
5836	3	11	13
5836	5	11	13
5837	6	9	11
5838	3	13	15
5838	5	13	15
5839	4	11	13
5839	6	11	13
5840	2	11	13
5840	4	11	13
5841	3	7	9
5841	5	7	9
5842	2	7	9
5842	4	7	9
5843	2	9	11
5843	4	9	11
5844	2	11	13
5844	4	11	13
5845	2	9	11
5845	4	9	11
5846	3	9	11
5846	5	9	11
5847	4	9	11
5847	6	7	11
5848	2	7	9
5848	4	7	9
5849	3	9	11
5850	3	11	13
5850	5	11	13
5851	2	13	15
5852	2	9	11
5852	4	9	11
5853	2	11	13
5853	4	11	13
5854	3	11	13
5855	3	9	11
5855	5	9	11
5855	6	9	11
5856	3	9	11
5856	5	9	11
5856	6	9	11
5857	3	9	11
5857	5	9	11
5858	3	9	11
5858	5	9	11
5859	3	11	13
5859	5	11	13
5860	2	11	13
5860	4	11	13
5861	2	9	11
5861	6	9	11
5862	2	13	15
5862	4	13	15
5863	3	9	11
5863	5	9	11
5863	6	9	11
5864	4	7	9
5864	6	7	9
5865	3	7	9
5865	5	7	9
5866	2	9	11
5866	4	9	11
5867	3	9	11
5867	5	9	11
5868	3	11	13
5868	5	11	13
5869	2	13	15
5869	4	13	15
5870	3	15	17
5870	5	15	17
5871	4	19	23
5872	3	7	9
5872	5	7	9
5873	2	11	13
5873	4	11	13
5873	6	11	13
5954	2	11	13
5954	4	11	13
5955	3	13	15
5956	6	11	13
5957	5	13	15
5958	5	7	9
5959	2	9	11
5960	2	11	13
5961	5	9	11
5962	6	11	13
5963	4	13	15
5964	5	11	13
5965	5	13	15
5966	3	9	11
5967	3	7	9
5968	6	9	11
5969	4	9	11
5970	5	7	9
5971	4	7	9
5972	3	15	19
5972	5	15	19
5973	6	9	13
5974	6	11	15
5975	6	7	9
5976	5	9	11
5977	3	9	11
5977	5	9	11
5978	5	9	11
5979	5	11	13
5980	3	11	15
5981	3	9	13
5982	6	11	13
5983	3	11	13
5983	5	11	13
5984	3	11	13
5984	5	11	13
5985	2	13	15
5986	4	9	13
5987	4	15	19
5988	4	13	17
5989	2	13	17
5990	3	9	11
5990	5	9	11
5991	4	9	13
5992	4	13	17
5993	2	11	13
5993	4	11	13
5994	3	11	15
5994	5	11	15
5996	3	15	19
5996	5	15	19
5997	6	9	13
5998	6	15	17
5999	6	7	9
6000	5	9	11
6001	3	9	11
6001	5	9	11
6002	5	9	11
6003	5	11	13
6004	5	11	13
6005	3	9	13
6006	6	11	13
6007	3	11	13
6007	5	11	13
6008	3	11	13
6008	5	11	13
6009	2	13	15
6010	4	9	13
6011	4	15	19
6012	4	13	17
6013	2	13	17
6014	3	9	11
6014	5	9	11
6015	4	9	13
6016	4	13	17
6017	2	11	13
6017	4	11	13
6018	3	11	15
6018	5	11	15
6027	4	11	13
6027	5	14	15
6028	3	16	17
6028	5	15	17
6029	3	14	15
6029	5	13	15
6030	3	9	11
6031	6	9	12
6032	3	9	12
6033	3	7	9
6033	5	7	9
6034	3	9	11
6034	5	9	11
6035	3	11	13
6035	5	11	13
6036	3	13	15
6036	5	13	15
6037	3	13	14
6037	5	13	15
6038	5	9	12
6039	3	14	17
6040	3	13	14
6040	5	13	15
6041	3	8	11
6042	3	15	17
6042	5	15	17
6044	2	15	17
6044	4	16	17
6045	2	13	15
6045	4	13	14
6046	2	9	12
6047	4	9	12
6048	3	10	12
6048	5	9	10
6049	5	10	13
6050	3	14	17
6051	2	15	17
6051	4	15	17
6052	4	12	15
6053	2	12	15
6055	4	13	16
6057	6	19	21
6058	2	19	21
6058	4	19	21
6059	2	17	19
6059	4	17	19
6060	4	19	21
6060	6	19	21
6061	2	17	19
6061	4	17	19
6062	3	19	21
6062	5	19	21
6063	3	17	19
6063	5	17	19
6064	2	19	21
\.


--
-- TOC entry 2078 (class 0 OID 35689)
-- Dependencies: 161 2097
-- Data for Name: Usuario; Type: TABLE DATA; Schema: public; Owner: prisma
--

COPY "Usuario" ("PK_Login", "Senha", "Nome", "HashSessao", "TermoAceito", "FK_TipoUsuario", "UltimoAcesso") FROM stdin;
aluno	06b3e18deab1e5e3365853925f7559ede5838421	Aluno Teste	91df25f8ff373d8087dfc6f34d7170e3a0dc9e78	f	3	2012-12-05 08:18:26.536443-02
\.


--
-- TOC entry 2084 (class 0 OID 35879)
-- Dependencies: 170 2097
-- Data for Name: VariavelAmbiente; Type: TABLE DATA; Schema: public; Owner: prisma
--

COPY "VariavelAmbiente" ("PK_Variavel", "Habilitada", "Descricao") FROM stdin;
manutencao	f	Desculpe. O sistema encontra-se em manutenção. Por favor, tente mais tarde. Obrigado.
\.


--
-- TOC entry 2011 (class 2606 OID 36393)
-- Dependencies: 162 162 2098
-- Name: PK_Aluno; Type: CONSTRAINT; Schema: public; Owner: prisma; Tablespace: 
--

ALTER TABLE ONLY "Aluno"
    ADD CONSTRAINT "PK_Aluno" PRIMARY KEY ("FK_Matricula");


--
-- TOC entry 2028 (class 2606 OID 35906)
-- Dependencies: 172 172 172 2098
-- Name: PK_AlunoDisciplina; Type: CONSTRAINT; Schema: public; Owner: prisma; Tablespace: 
--

ALTER TABLE ONLY "AlunoDisciplina"
    ADD CONSTRAINT "PK_AlunoDisciplina" PRIMARY KEY ("FK_Aluno", "FK_Disciplina");


--
-- TOC entry 2030 (class 2606 OID 35921)
-- Dependencies: 173 173 2098
-- Name: PK_AlunoDisciplinaStatus; Type: CONSTRAINT; Schema: public; Owner: prisma; Tablespace: 
--

ALTER TABLE ONLY "AlunoDisciplinaStatus"
    ADD CONSTRAINT "PK_AlunoDisciplinaStatus" PRIMARY KEY ("PK_Status");


--
-- TOC entry 2041 (class 2606 OID 36005)
-- Dependencies: 177 177 177 2098
-- Name: PK_AlunoTurmaSelecionada; Type: CONSTRAINT; Schema: public; Owner: prisma; Tablespace: 
--

ALTER TABLE ONLY "AlunoTurmaSelecionada"
    ADD CONSTRAINT "PK_AlunoTurmaSelecionada" PRIMARY KEY ("FK_Aluno", "FK_Turma");


--
-- TOC entry 2055 (class 2606 OID 36146)
-- Dependencies: 184 184 2098
-- Name: PK_Curso; Type: CONSTRAINT; Schema: public; Owner: prisma; Tablespace: 
--

ALTER TABLE ONLY "Curso"
    ADD CONSTRAINT "PK_Curso" PRIMARY KEY ("PK_Curso");


--
-- TOC entry 2026 (class 2606 OID 35900)
-- Dependencies: 171 171 2098
-- Name: PK_Disciplina; Type: CONSTRAINT; Schema: public; Owner: prisma; Tablespace: 
--

ALTER TABLE ONLY "Disciplina"
    ADD CONSTRAINT "PK_Disciplina" PRIMARY KEY ("PK_Codigo");


--
-- TOC entry 2019 (class 2606 OID 35767)
-- Dependencies: 165 165 2098
-- Name: PK_Log; Type: CONSTRAINT; Schema: public; Owner: prisma; Tablespace: 
--

ALTER TABLE ONLY "Log"
    ADD CONSTRAINT "PK_Log" PRIMARY KEY ("PK_Log");


--
-- TOC entry 2034 (class 2606 OID 35943)
-- Dependencies: 174 174 2098
-- Name: PK_Optativa; Type: CONSTRAINT; Schema: public; Owner: prisma; Tablespace: 
--

ALTER TABLE ONLY "Optativa"
    ADD CONSTRAINT "PK_Optativa" PRIMARY KEY ("PK_Codigo");


--
-- TOC entry 2047 (class 2606 OID 36047)
-- Dependencies: 179 179 179 2098
-- Name: PK_OptativaAluno; Type: CONSTRAINT; Schema: public; Owner: prisma; Tablespace: 
--

ALTER TABLE ONLY "OptativaAluno"
    ADD CONSTRAINT "PK_OptativaAluno" PRIMARY KEY ("FK_Optativa", "FK_Aluno");


--
-- TOC entry 2049 (class 2606 OID 36062)
-- Dependencies: 180 180 180 2098
-- Name: PK_OptativaDisciplina; Type: CONSTRAINT; Schema: public; Owner: prisma; Tablespace: 
--

ALTER TABLE ONLY "OptativaDisciplina"
    ADD CONSTRAINT "PK_OptativaDisciplina" PRIMARY KEY ("FK_Optativa", "FK_Disciplina");


--
-- TOC entry 2051 (class 2606 OID 36081)
-- Dependencies: 182 182 2098
-- Name: PK_PreRequisitoGrupo; Type: CONSTRAINT; Schema: public; Owner: prisma; Tablespace: 
--

ALTER TABLE ONLY "PreRequisitoGrupo"
    ADD CONSTRAINT "PK_PreRequisitoGrupo" PRIMARY KEY ("PK_PreRequisitoGrupo");


--
-- TOC entry 2053 (class 2606 OID 36086)
-- Dependencies: 183 183 183 2098
-- Name: PK_PreRequisitoGrupoDisciplina; Type: CONSTRAINT; Schema: public; Owner: prisma; Tablespace: 
--

ALTER TABLE ONLY "PreRequisitoGrupoDisciplina"
    ADD CONSTRAINT "PK_PreRequisitoGrupoDisciplina" PRIMARY KEY ("FK_PreRequisitoGrupo", "FK_Disciplina");


--
-- TOC entry 2021 (class 2606 OID 35822)
-- Dependencies: 167 167 2098
-- Name: PK_Professor; Type: CONSTRAINT; Schema: public; Owner: prisma; Tablespace: 
--

ALTER TABLE ONLY "Professor"
    ADD CONSTRAINT "PK_Professor" PRIMARY KEY ("PK_Professor");


--
-- TOC entry 2017 (class 2606 OID 35725)
-- Dependencies: 164 164 2098
-- Name: PK_Sugestao; Type: CONSTRAINT; Schema: public; Owner: prisma; Tablespace: 
--

ALTER TABLE ONLY "Comentario"
    ADD CONSTRAINT "PK_Sugestao" PRIMARY KEY ("PK_Sugestao");


--
-- TOC entry 2013 (class 2606 OID 35712)
-- Dependencies: 163 163 2098
-- Name: PK_TipoUsuario; Type: CONSTRAINT; Schema: public; Owner: prisma; Tablespace: 
--

ALTER TABLE ONLY "TipoUsuario"
    ADD CONSTRAINT "PK_TipoUsuario" PRIMARY KEY ("PK_TipoUsuario");


--
-- TOC entry 2038 (class 2606 OID 35994)
-- Dependencies: 176 176 2098
-- Name: PK_Turma; Type: CONSTRAINT; Schema: public; Owner: prisma; Tablespace: 
--

ALTER TABLE ONLY "Turma"
    ADD CONSTRAINT "PK_Turma" PRIMARY KEY ("PK_Turma");


--
-- TOC entry 2045 (class 2606 OID 36032)
-- Dependencies: 178 178 178 178 178 2098
-- Name: PK_TurmaHorario; Type: CONSTRAINT; Schema: public; Owner: prisma; Tablespace: 
--

ALTER TABLE ONLY "TurmaHorario"
    ADD CONSTRAINT "PK_TurmaHorario" PRIMARY KEY ("FK_Turma", "DiaSemana", "HoraInicial", "HoraFinal");


--
-- TOC entry 2008 (class 2606 OID 35727)
-- Dependencies: 161 161 2098
-- Name: PK_Usuario; Type: CONSTRAINT; Schema: public; Owner: prisma; Tablespace: 
--

ALTER TABLE ONLY "Usuario"
    ADD CONSTRAINT "PK_Usuario" PRIMARY KEY ("PK_Login");


--
-- TOC entry 2024 (class 2606 OID 35887)
-- Dependencies: 170 170 2098
-- Name: PK_VariavelAmbiente; Type: CONSTRAINT; Schema: public; Owner: prisma; Tablespace: 
--

ALTER TABLE ONLY "VariavelAmbiente"
    ADD CONSTRAINT "PK_VariavelAmbiente" PRIMARY KEY ("PK_Variavel");


--
-- TOC entry 2032 (class 2606 OID 35923)
-- Dependencies: 173 173 2098
-- Name: Unique_AlunoDisciplinaStatus_Nome; Type: CONSTRAINT; Schema: public; Owner: prisma; Tablespace: 
--

ALTER TABLE ONLY "AlunoDisciplinaStatus"
    ADD CONSTRAINT "Unique_AlunoDisciplinaStatus_Nome" UNIQUE ("Nome");


--
-- TOC entry 2043 (class 2606 OID 36007)
-- Dependencies: 177 177 177 177 177 2098
-- Name: Unique_AlunoTurmaSelecionada; Type: CONSTRAINT; Schema: public; Owner: prisma; Tablespace: 
--

ALTER TABLE ONLY "AlunoTurmaSelecionada"
    ADD CONSTRAINT "Unique_AlunoTurmaSelecionada" UNIQUE ("FK_Aluno", "FK_Turma", "Opcao", "NoLinha");


--
-- TOC entry 2057 (class 2606 OID 36148)
-- Dependencies: 184 184 2098
-- Name: Unique_Curso_Nome; Type: CONSTRAINT; Schema: public; Owner: prisma; Tablespace: 
--

ALTER TABLE ONLY "Curso"
    ADD CONSTRAINT "Unique_Curso_Nome" UNIQUE ("Nome");


--
-- TOC entry 2036 (class 2606 OID 35945)
-- Dependencies: 174 174 2098
-- Name: Unique_Optativa_Nome; Type: CONSTRAINT; Schema: public; Owner: prisma; Tablespace: 
--

ALTER TABLE ONLY "Optativa"
    ADD CONSTRAINT "Unique_Optativa_Nome" UNIQUE ("Nome");


--
-- TOC entry 2015 (class 2606 OID 35807)
-- Dependencies: 163 163 2098
-- Name: Unique_TipoUsuario_Nome; Type: CONSTRAINT; Schema: public; Owner: prisma; Tablespace: 
--

ALTER TABLE ONLY "TipoUsuario"
    ADD CONSTRAINT "Unique_TipoUsuario_Nome" UNIQUE ("Nome");


--
-- TOC entry 2022 (class 1259 OID 36200)
-- Dependencies: 167 2098
-- Name: Professor_Nome_Index; Type: INDEX; Schema: public; Owner: prisma; Tablespace: 
--

CREATE INDEX "Professor_Nome_Index" ON "Professor" USING btree ("Nome");


--
-- TOC entry 2039 (class 1259 OID 36205)
-- Dependencies: 176 176 176 2098
-- Name: Turma_Disciplina_Codigo_Periodo_Index; Type: INDEX; Schema: public; Owner: prisma; Tablespace: 
--

CREATE INDEX "Turma_Disciplina_Codigo_Periodo_Index" ON "Turma" USING btree ("FK_Disciplina", "Codigo", "PeriodoAno");


--
-- TOC entry 2009 (class 1259 OID 36176)
-- Dependencies: 161 2098
-- Name: Usuario_HashSession_Index; Type: INDEX; Schema: public; Owner: prisma; Tablespace: 
--

CREATE INDEX "Usuario_HashSession_Index" ON "Usuario" USING btree ("HashSessao");


--
-- TOC entry 1981 (class 2618 OID 36347)
-- Dependencies: 177 177 177 177 177 177 177 177 2098
-- Name: AlunoTurmaSelecionadaDuplicada; Type: RULE; Schema: public; Owner: prisma
--

CREATE RULE "AlunoTurmaSelecionadaDuplicada" AS ON INSERT TO "AlunoTurmaSelecionada" WHERE (EXISTS (SELECT 1 FROM "AlunoTurmaSelecionada" ats WHERE (((ats."FK_Aluno")::text = (new."FK_Aluno")::text) AND (ats."FK_Turma" = new."FK_Turma")))) DO INSTEAD UPDATE "AlunoTurmaSelecionada" ats SET "Opcao" = new."Opcao", "NoLinha" = new."NoLinha" WHERE (((ats."FK_Aluno")::text = (new."FK_Aluno")::text) AND (ats."FK_Turma" = new."FK_Turma"));


--
-- TOC entry 1976 (class 2618 OID 36173)
-- Dependencies: 171 171 171 171 171 171 2098
-- Name: DisciplinaDuplicada; Type: RULE; Schema: public; Owner: prisma
--

CREATE RULE "DisciplinaDuplicada" AS ON INSERT TO "Disciplina" WHERE (EXISTS (SELECT 1 FROM "Disciplina" d WHERE ((d."PK_Codigo")::text = (new."PK_Codigo")::text))) DO INSTEAD UPDATE "Disciplina" d SET "Nome" = new."Nome", "Creditos" = new."Creditos" WHERE ((d."PK_Codigo")::text = (new."PK_Codigo")::text);


--
-- TOC entry 1977 (class 2618 OID 36179)
-- Dependencies: 167 167 167 167 2098
-- Name: ProfessorDuplicado; Type: RULE; Schema: public; Owner: prisma
--

CREATE RULE "ProfessorDuplicado" AS ON INSERT TO "Professor" WHERE (EXISTS (SELECT 1 FROM "Professor" d WHERE ((d."Nome")::text = (new."Nome")::text))) DO INSTEAD NOTHING;


--
-- TOC entry 1978 (class 2618 OID 36221)
-- Dependencies: 176 176 176 176 176 176 176 176 176 176 176 176 176 2098
-- Name: TurmaDuplicada; Type: RULE; Schema: public; Owner: prisma
--

CREATE RULE "TurmaDuplicada" AS ON INSERT TO "Turma" WHERE (EXISTS (SELECT 1 FROM "Turma" t WHERE ((((t."FK_Disciplina")::text = (new."FK_Disciplina")::text) AND ((t."Codigo")::text = (new."Codigo")::text)) AND (t."PeriodoAno" = new."PeriodoAno")))) DO INSTEAD UPDATE "Turma" t SET "Vagas" = new."Vagas", "Destino" = new."Destino", "HorasDistancia" = new."HorasDistancia", "SHF" = new."SHF", "FK_Professor" = new."FK_Professor" WHERE ((((t."FK_Disciplina")::text = (new."FK_Disciplina")::text) AND ((t."Codigo")::text = (new."Codigo")::text)) AND (t."PeriodoAno" = new."PeriodoAno"));


--
-- TOC entry 1979 (class 2618 OID 36235)
-- Dependencies: 178 178 178 178 178 178 178 2098
-- Name: TurmaHorarioDuplicado; Type: RULE; Schema: public; Owner: prisma
--

CREATE RULE "TurmaHorarioDuplicado" AS ON INSERT TO "TurmaHorario" WHERE (EXISTS (SELECT 1 FROM "TurmaHorario" th WHERE ((((th."FK_Turma" = new."FK_Turma") AND (th."DiaSemana" = new."DiaSemana")) AND (th."HoraInicial" = new."HoraInicial")) AND (th."HoraFinal" = new."HoraFinal")))) DO INSTEAD NOTHING;


--
-- TOC entry 2065 (class 2606 OID 36404)
-- Dependencies: 2010 172 162 2098
-- Name: FK_AlunoDisciplina_Aluno; Type: FK CONSTRAINT; Schema: public; Owner: prisma
--

ALTER TABLE ONLY "AlunoDisciplina"
    ADD CONSTRAINT "FK_AlunoDisciplina_Aluno" FOREIGN KEY ("FK_Aluno") REFERENCES "Aluno"("FK_Matricula") ON UPDATE CASCADE ON DELETE CASCADE;


--
-- TOC entry 2063 (class 2606 OID 36272)
-- Dependencies: 172 2029 173 2098
-- Name: FK_AlunoDisciplina_AlunoDisciplinaStatus; Type: FK CONSTRAINT; Schema: public; Owner: prisma
--

ALTER TABLE ONLY "AlunoDisciplina"
    ADD CONSTRAINT "FK_AlunoDisciplina_AlunoDisciplinaStatus" FOREIGN KEY ("FK_Status") REFERENCES "AlunoDisciplinaStatus"("PK_Status") ON UPDATE CASCADE ON DELETE CASCADE;


--
-- TOC entry 2064 (class 2606 OID 36277)
-- Dependencies: 2025 172 171 2098
-- Name: FK_AlunoDisciplina_Disciplina; Type: FK CONSTRAINT; Schema: public; Owner: prisma
--

ALTER TABLE ONLY "AlunoDisciplina"
    ADD CONSTRAINT "FK_AlunoDisciplina_Disciplina" FOREIGN KEY ("FK_Disciplina") REFERENCES "Disciplina"("PK_Codigo") ON UPDATE CASCADE ON DELETE CASCADE;


--
-- TOC entry 2069 (class 2606 OID 36399)
-- Dependencies: 177 2010 162 2098
-- Name: FK_AlunoTurmaSelecionada_Aluno; Type: FK CONSTRAINT; Schema: public; Owner: prisma
--

ALTER TABLE ONLY "AlunoTurmaSelecionada"
    ADD CONSTRAINT "FK_AlunoTurmaSelecionada_Aluno" FOREIGN KEY ("FK_Aluno") REFERENCES "Aluno"("FK_Matricula") ON UPDATE CASCADE ON DELETE CASCADE;


--
-- TOC entry 2068 (class 2606 OID 36013)
-- Dependencies: 2037 177 176 2098
-- Name: FK_AlunoTurmaSelecionada_Turma; Type: FK CONSTRAINT; Schema: public; Owner: prisma
--

ALTER TABLE ONLY "AlunoTurmaSelecionada"
    ADD CONSTRAINT "FK_AlunoTurmaSelecionada_Turma" FOREIGN KEY ("FK_Turma") REFERENCES "Turma"("PK_Turma") ON UPDATE CASCADE ON DELETE CASCADE;


--
-- TOC entry 2059 (class 2606 OID 36154)
-- Dependencies: 2054 184 162 2098
-- Name: FK_Aluno_Curso; Type: FK CONSTRAINT; Schema: public; Owner: prisma
--

ALTER TABLE ONLY "Aluno"
    ADD CONSTRAINT "FK_Aluno_Curso" FOREIGN KEY ("FK_Curso") REFERENCES "Curso"("PK_Curso") ON UPDATE CASCADE ON DELETE CASCADE;


--
-- TOC entry 2060 (class 2606 OID 36394)
-- Dependencies: 162 2007 161 2098
-- Name: FK_Aluno_Usuario; Type: FK CONSTRAINT; Schema: public; Owner: prisma
--

ALTER TABLE ONLY "Aluno"
    ADD CONSTRAINT "FK_Aluno_Usuario" FOREIGN KEY ("FK_Matricula") REFERENCES "Usuario"("PK_Login") ON UPDATE CASCADE ON DELETE CASCADE;


--
-- TOC entry 2062 (class 2606 OID 36132)
-- Dependencies: 2007 161 165 2098
-- Name: FK_Log_Usuario; Type: FK CONSTRAINT; Schema: public; Owner: prisma
--

ALTER TABLE ONLY "Log"
    ADD CONSTRAINT "FK_Log_Usuario" FOREIGN KEY ("FK_Usuario") REFERENCES "Usuario"("PK_Login") ON UPDATE CASCADE ON DELETE CASCADE;


--
-- TOC entry 2072 (class 2606 OID 36409)
-- Dependencies: 2010 162 179 2098
-- Name: FK_OptativaAluno_Aluno; Type: FK CONSTRAINT; Schema: public; Owner: prisma
--

ALTER TABLE ONLY "OptativaAluno"
    ADD CONSTRAINT "FK_OptativaAluno_Aluno" FOREIGN KEY ("FK_Aluno") REFERENCES "Aluno"("FK_Matricula") ON UPDATE CASCADE ON DELETE CASCADE;


--
-- TOC entry 2071 (class 2606 OID 36292)
-- Dependencies: 2033 179 174 2098
-- Name: FK_OptativaAluno_Optativa; Type: FK CONSTRAINT; Schema: public; Owner: prisma
--

ALTER TABLE ONLY "OptativaAluno"
    ADD CONSTRAINT "FK_OptativaAluno_Optativa" FOREIGN KEY ("FK_Optativa") REFERENCES "Optativa"("PK_Codigo") ON UPDATE CASCADE ON DELETE CASCADE;


--
-- TOC entry 2074 (class 2606 OID 36068)
-- Dependencies: 2025 180 171 2098
-- Name: FK_OptativaDisciplina_Disciplina; Type: FK CONSTRAINT; Schema: public; Owner: prisma
--

ALTER TABLE ONLY "OptativaDisciplina"
    ADD CONSTRAINT "FK_OptativaDisciplina_Disciplina" FOREIGN KEY ("FK_Disciplina") REFERENCES "Disciplina"("PK_Codigo") ON UPDATE CASCADE ON DELETE CASCADE;


--
-- TOC entry 2073 (class 2606 OID 36063)
-- Dependencies: 180 174 2033 2098
-- Name: FK_OptativaDisciplina_Optativa; Type: FK CONSTRAINT; Schema: public; Owner: prisma
--

ALTER TABLE ONLY "OptativaDisciplina"
    ADD CONSTRAINT "FK_OptativaDisciplina_Optativa" FOREIGN KEY ("FK_Optativa") REFERENCES "Optativa"("PK_Codigo") ON UPDATE CASCADE ON DELETE CASCADE;


--
-- TOC entry 2077 (class 2606 OID 36092)
-- Dependencies: 2025 183 171 2098
-- Name: FK_PreRequisitoGrupoDisciplina_Disciplina; Type: FK CONSTRAINT; Schema: public; Owner: prisma
--

ALTER TABLE ONLY "PreRequisitoGrupoDisciplina"
    ADD CONSTRAINT "FK_PreRequisitoGrupoDisciplina_Disciplina" FOREIGN KEY ("FK_Disciplina") REFERENCES "Disciplina"("PK_Codigo") ON UPDATE CASCADE ON DELETE CASCADE;


--
-- TOC entry 2076 (class 2606 OID 36087)
-- Dependencies: 182 183 2050 2098
-- Name: FK_PreRequisitoGrupoDisciplina_PreRequisitoGrupo; Type: FK CONSTRAINT; Schema: public; Owner: prisma
--

ALTER TABLE ONLY "PreRequisitoGrupoDisciplina"
    ADD CONSTRAINT "FK_PreRequisitoGrupoDisciplina_PreRequisitoGrupo" FOREIGN KEY ("FK_PreRequisitoGrupo") REFERENCES "PreRequisitoGrupo"("PK_PreRequisitoGrupo") ON UPDATE CASCADE ON DELETE CASCADE;


--
-- TOC entry 2075 (class 2606 OID 36097)
-- Dependencies: 2025 182 171 2098
-- Name: FK_PreRequisitoGrupo_Disciplina; Type: FK CONSTRAINT; Schema: public; Owner: prisma
--

ALTER TABLE ONLY "PreRequisitoGrupo"
    ADD CONSTRAINT "FK_PreRequisitoGrupo_Disciplina" FOREIGN KEY ("FK_Disciplina") REFERENCES "Disciplina"("PK_Codigo") ON UPDATE CASCADE ON DELETE CASCADE;


--
-- TOC entry 2061 (class 2606 OID 35888)
-- Dependencies: 164 161 2007 2098
-- Name: FK_Sugestao_Usuario; Type: FK CONSTRAINT; Schema: public; Owner: prisma
--

ALTER TABLE ONLY "Comentario"
    ADD CONSTRAINT "FK_Sugestao_Usuario" FOREIGN KEY ("FK_Usuario") REFERENCES "Usuario"("PK_Login") ON UPDATE CASCADE ON DELETE CASCADE;


--
-- TOC entry 2070 (class 2606 OID 36168)
-- Dependencies: 2037 178 176 2098
-- Name: FK_TurmaHorario_Turma; Type: FK CONSTRAINT; Schema: public; Owner: prisma
--

ALTER TABLE ONLY "TurmaHorario"
    ADD CONSTRAINT "FK_TurmaHorario_Turma" FOREIGN KEY ("FK_Turma") REFERENCES "Turma"("PK_Turma") ON UPDATE CASCADE ON DELETE CASCADE;


--
-- TOC entry 2066 (class 2606 OID 36211)
-- Dependencies: 2020 176 167 2098
-- Name: FK_Turma_Professor; Type: FK CONSTRAINT; Schema: public; Owner: prisma
--

ALTER TABLE ONLY "Turma"
    ADD CONSTRAINT "FK_Turma_Professor" FOREIGN KEY ("FK_Professor") REFERENCES "Professor"("PK_Professor") ON UPDATE CASCADE ON DELETE CASCADE;


--
-- TOC entry 2058 (class 2606 OID 36246)
-- Dependencies: 163 2012 161 2098
-- Name: FK_Usuario_TipoUsuario; Type: FK CONSTRAINT; Schema: public; Owner: prisma
--

ALTER TABLE ONLY "Usuario"
    ADD CONSTRAINT "FK_Usuario_TipoUsuario" FOREIGN KEY ("FK_TipoUsuario") REFERENCES "TipoUsuario"("PK_TipoUsuario") ON UPDATE CASCADE ON DELETE CASCADE;


--
-- TOC entry 2067 (class 2606 OID 36216)
-- Dependencies: 171 176 2025 2098
-- Name: PK_Turma_Disciplina; Type: FK CONSTRAINT; Schema: public; Owner: prisma
--

ALTER TABLE ONLY "Turma"
    ADD CONSTRAINT "PK_Turma_Disciplina" FOREIGN KEY ("FK_Disciplina") REFERENCES "Disciplina"("PK_Codigo") ON UPDATE CASCADE ON DELETE CASCADE;


-- Completed on 2012-12-05 08:28:57 BRST

--
-- PostgreSQL database dump complete
--

